2025-11-28 23:44:59,588 - server.scores_server - DEBUG - Checking for score updates...
2025-11-28 23:44:59,588 - server.scores_server - DEBUG - Update conditions not met: players=False, game_number=0, stopped_game=False
2025-11-28 23:44:59,588 - models.game_server - DEBUG - Send ws message: {'type': 'clear_text', 'clear': True}
2025-11-28 23:44:59,588 - server.scores_server - INFO - Cleared text display
2025-11-28 23:44:59,591 - werkzeug - INFO - [31m[1mWARNING: This is a development server. Do not use it in a production deployment. Use a production WSGI server instead.[0m
 * Running on all addresses (0.0.0.0)
 * Running on http://127.0.0.1:5000
 * Running on http://172.21.95.26:5000
2025-11-28 23:44:59,591 - werkzeug - INFO - [33mPress CTRL+C to quit[0m
2025-11-28 23:45:02,464 - server.scores_server - DEBUG - Checking for score updates...
2025-11-28 23:45:02,464 - server.scores_server - DEBUG - Update conditions not met: players=False, game_number=0, stopped_game=False
2025-11-28 23:45:06,464 - server.scores_server - DEBUG - Checking for score updates...
2025-11-28 23:45:06,464 - server.scores_server - DEBUG - Update conditions not met: players=False, game_number=0, stopped_game=False
2025-11-28 23:45:10,466 - server.scores_server - DEBUG - Checking for score updates...
2025-11-28 23:45:10,466 - server.scores_server - DEBUG - Update conditions not met: players=False, game_number=0, stopped_game=False
2025-11-28 23:45:14,466 - server.scores_server - DEBUG - Checking for score updates...
2025-11-28 23:45:14,466 - server.scores_server - DEBUG - Update conditions not met: players=False, game_number=0, stopped_game=False
2025-11-28 23:45:18,474 - server.scores_server - DEBUG - Checking for score updates...
2025-11-28 23:45:18,475 - server.scores_server - DEBUG - Update conditions not met: players=False, game_number=0, stopped_game=False
2025-11-28 23:45:22,482 - server.scores_server - DEBUG - Checking for score updates...
2025-11-28 23:45:22,482 - server.scores_server - DEBUG - Update conditions not met: players=False, game_number=0, stopped_game=False
2025-11-28 23:45:26,484 - server.scores_server - DEBUG - Checking for score updates...
2025-11-28 23:45:26,484 - server.scores_server - DEBUG - Update conditions not met: players=False, game_number=0, stopped_game=False
2025-11-28 23:45:30,486 - server.scores_server - DEBUG - Checking for score updates...
2025-11-28 23:45:30,486 - server.scores_server - DEBUG - Update conditions not met: players=False, game_number=0, stopped_game=False
2025-11-28 23:45:32,437 - server.scores_server - DEBUG - Checking for score updates...
2025-11-28 23:45:32,438 - models.game_server - DEBUG - Send ws message: {'type': 'clear_text', 'clear': True}
2025-11-28 23:45:32,438 - server.scores_server - DEBUG - Update conditions not met: players=False, game_number=0, stopped_game=False
2025-11-28 23:45:32,438 - server.scores_server - INFO - Cleared text display
2025-11-28 23:45:32,463 - werkzeug - INFO - [31m[1mWARNING: This is a development server. Do not use it in a production deployment. Use a production WSGI server instead.[0m
 * Running on all addresses (0.0.0.0)
 * Running on http://127.0.0.1:5000
 * Running on http://172.21.95.26:5000
2025-11-28 23:45:32,463 - werkzeug - INFO - [33mPress CTRL+C to quit[0m
2025-11-28 23:45:35,312 - server.scores_server - DEBUG - Checking for score updates...
2025-11-28 23:45:35,312 - server.scores_server - DEBUG - Update conditions not met: players=False, game_number=0, stopped_game=False
2025-11-28 23:45:39,371 - server.scores_server - DEBUG - Checking for score updates...
2025-11-28 23:45:39,372 - server.scores_server - DEBUG - Update conditions not met: players=False, game_number=0, stopped_game=False
2025-11-28 23:45:43,455 - server.scores_server - DEBUG - Checking for score updates...
2025-11-28 23:45:43,455 - server.scores_server - DEBUG - Update conditions not met: players=False, game_number=0, stopped_game=False
2025-11-28 23:45:43,635 - werkzeug - INFO - 127.0.0.1 - - [28/Nov/2025 23:45:43] "[33mGET / HTTP/1.1[0m" 404 -
2025-11-28 23:45:43,713 - werkzeug - INFO - 127.0.0.1 - - [28/Nov/2025 23:45:43] "[33mGET /favicon.ico HTTP/1.1[0m" 404 -
2025-11-28 23:45:47,457 - server.scores_server - DEBUG - Checking for score updates...
2025-11-28 23:45:47,457 - server.scores_server - DEBUG - Update conditions not met: players=False, game_number=0, stopped_game=False
2025-11-28 23:45:51,460 - server.scores_server - DEBUG - Checking for score updates...
2025-11-28 23:45:51,460 - server.scores_server - DEBUG - Update conditions not met: players=False, game_number=0, stopped_game=False
2025-11-28 23:45:51,892 - werkzeug - INFO - 127.0.0.1 - - [28/Nov/2025 23:45:51] "[33mGET /controller HTTP/1.1[0m" 404 -
2025-11-28 23:45:55,494 - server.scores_server - DEBUG - Checking for score updates...
2025-11-28 23:45:55,494 - server.scores_server - DEBUG - Update conditions not met: players=False, game_number=0, stopped_game=False
2025-11-28 23:45:59,554 - server.scores_server - DEBUG - Checking for score updates...
2025-11-28 23:45:59,554 - server.scores_server - DEBUG - Update conditions not met: players=False, game_number=0, stopped_game=False
2025-11-28 23:46:03,574 - server.scores_server - DEBUG - Checking for score updates...
2025-11-28 23:46:03,575 - server.scores_server - DEBUG - Update conditions not met: players=False, game_number=0, stopped_game=False
2025-11-28 23:46:06,440 - server.scores_server - DEBUG - Checking for score updates...
2025-11-28 23:46:06,440 - server.scores_server - DEBUG - Update conditions not met: players=False, game_number=0, stopped_game=False
2025-11-28 23:46:10,441 - server.scores_server - DEBUG - Checking for score updates...
2025-11-28 23:46:10,441 - server.scores_server - DEBUG - Update conditions not met: players=False, game_number=0, stopped_game=False
2025-11-28 23:46:14,442 - server.scores_server - DEBUG - Checking for score updates...
2025-11-28 23:46:14,442 - server.scores_server - DEBUG - Update conditions not met: players=False, game_number=0, stopped_game=False
2025-11-28 23:46:18,443 - server.scores_server - DEBUG - Checking for score updates...
2025-11-28 23:46:18,443 - server.scores_server - DEBUG - Update conditions not met: players=False, game_number=0, stopped_game=False
2025-11-28 23:46:22,446 - server.scores_server - DEBUG - Checking for score updates...
2025-11-28 23:46:22,446 - server.scores_server - DEBUG - Update conditions not met: players=False, game_number=0, stopped_game=False
2025-11-28 23:46:26,447 - server.scores_server - DEBUG - Checking for score updates...
2025-11-28 23:46:26,447 - server.scores_server - DEBUG - Update conditions not met: players=False, game_number=0, stopped_game=False
2025-11-28 23:46:30,467 - server.scores_server - DEBUG - Checking for score updates...
2025-11-28 23:46:30,467 - server.scores_server - DEBUG - Update conditions not met: players=False, game_number=0, stopped_game=False
2025-11-28 23:46:34,471 - server.scores_server - DEBUG - Checking for score updates...
2025-11-28 23:46:34,471 - server.scores_server - DEBUG - Update conditions not met: players=False, game_number=0, stopped_game=False
2025-11-28 23:46:35,023 - werkzeug - INFO - 127.0.0.1 - - [28/Nov/2025 23:46:35] "[33mGET /scoreboard HTTP/1.1[0m" 404 -
2025-11-28 23:46:37,365 - server.scores_server - DEBUG - Checking for score updates...
2025-11-28 23:46:37,365 - server.scores_server - DEBUG - Update conditions not met: players=False, game_number=0, stopped_game=False
2025-11-28 23:46:41,393 - server.scores_server - DEBUG - Checking for score updates...
2025-11-28 23:46:41,393 - server.scores_server - DEBUG - Update conditions not met: players=False, game_number=0, stopped_game=False
2025-11-28 23:46:45,414 - server.scores_server - DEBUG - Checking for score updates...
2025-11-28 23:46:45,414 - server.scores_server - DEBUG - Update conditions not met: players=False, game_number=0, stopped_game=False
2025-11-28 23:46:46,549 - handlers.websocket_handler - INFO - Client ('::1', 54572, 0, 0) connected
2025-11-28 23:46:49,415 - server.scores_server - DEBUG - Checking for score updates...
2025-11-28 23:46:49,415 - server.scores_server - DEBUG - Update conditions not met: players=False, game_number=0, stopped_game=False
2025-11-28 23:46:53,454 - server.scores_server - DEBUG - Checking for score updates...
2025-11-28 23:46:53,454 - server.scores_server - DEBUG - Update conditions not met: players=False, game_number=0, stopped_game=False
2025-11-28 23:46:55,868 - handlers.websocket_handler - INFO - Client ('::1', 54572, 0, 0) closed
2025-11-28 23:46:55,927 - handlers.websocket_handler - INFO - Client ('::1', 34350, 0, 0) connected
2025-11-28 23:46:57,459 - server.scores_server - DEBUG - Checking for score updates...
2025-11-28 23:46:57,459 - server.scores_server - DEBUG - Update conditions not met: players=False, game_number=0, stopped_game=False
2025-11-28 23:47:01,503 - server.scores_server - DEBUG - Checking for score updates...
2025-11-28 23:47:01,503 - server.scores_server - DEBUG - Update conditions not met: players=False, game_number=0, stopped_game=False
2025-11-28 23:47:05,533 - server.scores_server - DEBUG - Checking for score updates...
2025-11-28 23:47:05,533 - server.scores_server - DEBUG - Update conditions not met: players=False, game_number=0, stopped_game=False
2025-11-28 23:47:08,458 - server.scores_server - DEBUG - Checking for score updates...
2025-11-28 23:47:08,458 - server.scores_server - DEBUG - Update conditions not met: players=False, game_number=0, stopped_game=False
2025-11-28 23:47:12,467 - server.scores_server - DEBUG - Checking for score updates...
2025-11-28 23:47:12,468 - server.scores_server - DEBUG - Update conditions not met: players=False, game_number=0, stopped_game=False
2025-11-28 23:47:16,477 - server.scores_server - DEBUG - Checking for score updates...
2025-11-28 23:47:16,477 - server.scores_server - DEBUG - Update conditions not met: players=False, game_number=0, stopped_game=False
2025-11-28 23:47:20,507 - server.scores_server - DEBUG - Checking for score updates...
2025-11-28 23:47:20,507 - server.scores_server - DEBUG - Update conditions not met: players=False, game_number=0, stopped_game=False
2025-11-28 23:47:24,552 - server.scores_server - DEBUG - Checking for score updates...
2025-11-28 23:47:24,552 - server.scores_server - DEBUG - Update conditions not met: players=False, game_number=0, stopped_game=False
2025-11-28 23:47:28,580 - server.scores_server - DEBUG - Checking for score updates...
2025-11-28 23:47:28,580 - server.scores_server - DEBUG - Update conditions not met: players=False, game_number=0, stopped_game=False
2025-11-28 23:47:32,627 - server.scores_server - DEBUG - Checking for score updates...
2025-11-28 23:47:32,628 - server.scores_server - DEBUG - Update conditions not met: players=False, game_number=0, stopped_game=False
2025-11-28 23:47:36,641 - server.scores_server - DEBUG - Checking for score updates...
2025-11-28 23:47:36,641 - server.scores_server - DEBUG - Update conditions not met: players=False, game_number=0, stopped_game=False
2025-11-28 23:47:39,533 - server.scores_server - DEBUG - Checking for score updates...
2025-11-28 23:47:39,533 - server.scores_server - DEBUG - Update conditions not met: players=False, game_number=0, stopped_game=False
2025-11-28 23:47:43,570 - server.scores_server - DEBUG - Checking for score updates...
2025-11-28 23:47:43,570 - server.scores_server - DEBUG - Update conditions not met: players=False, game_number=0, stopped_game=False
2025-11-28 23:47:47,576 - server.scores_server - DEBUG - Checking for score updates...
2025-11-28 23:47:47,576 - server.scores_server - DEBUG - Update conditions not met: players=False, game_number=0, stopped_game=False
2025-11-28 23:47:51,631 - server.scores_server - DEBUG - Checking for score updates...
2025-11-28 23:47:51,631 - server.scores_server - DEBUG - Update conditions not met: players=False, game_number=0, stopped_game=False
2025-11-28 23:47:55,644 - server.scores_server - DEBUG - Checking for score updates...
2025-11-28 23:47:55,645 - server.scores_server - DEBUG - Update conditions not met: players=False, game_number=0, stopped_game=False
2025-11-28 23:47:59,659 - server.scores_server - DEBUG - Checking for score updates...
2025-11-28 23:47:59,660 - server.scores_server - DEBUG - Update conditions not met: players=False, game_number=0, stopped_game=False
2025-11-28 23:48:03,667 - server.scores_server - DEBUG - Checking for score updates...
2025-11-28 23:48:03,667 - server.scores_server - DEBUG - Update conditions not met: players=False, game_number=0, stopped_game=False
2025-11-28 23:48:07,670 - server.scores_server - DEBUG - Checking for score updates...
2025-11-28 23:48:07,670 - server.scores_server - DEBUG - Update conditions not met: players=False, game_number=0, stopped_game=False
2025-11-28 23:48:10,432 - server.scores_server - DEBUG - Checking for score updates...
2025-11-28 23:48:10,432 - server.scores_server - DEBUG - Update conditions not met: players=False, game_number=0, stopped_game=False
2025-11-28 23:48:14,440 - server.scores_server - DEBUG - Checking for score updates...
2025-11-28 23:48:14,440 - server.scores_server - DEBUG - Update conditions not met: players=False, game_number=0, stopped_game=False
2025-11-28 23:48:18,443 - server.scores_server - DEBUG - Checking for score updates...
2025-11-28 23:48:18,443 - server.scores_server - DEBUG - Update conditions not met: players=False, game_number=0, stopped_game=False
2025-11-28 23:48:22,466 - server.scores_server - DEBUG - Checking for score updates...
2025-11-28 23:48:22,466 - server.scores_server - DEBUG - Update conditions not met: players=False, game_number=0, stopped_game=False
2025-11-28 23:48:26,474 - server.scores_server - DEBUG - Checking for score updates...
2025-11-28 23:48:26,474 - server.scores_server - DEBUG - Update conditions not met: players=False, game_number=0, stopped_game=False
2025-11-28 23:48:30,486 - server.scores_server - DEBUG - Checking for score updates...
2025-11-28 23:48:30,486 - server.scores_server - DEBUG - Update conditions not met: players=False, game_number=0, stopped_game=False
2025-11-28 23:48:34,490 - server.scores_server - DEBUG - Checking for score updates...
2025-11-28 23:48:34,490 - server.scores_server - DEBUG - Update conditions not met: players=False, game_number=0, stopped_game=False
2025-11-28 23:48:38,493 - server.scores_server - DEBUG - Checking for score updates...
2025-11-28 23:48:38,493 - server.scores_server - DEBUG - Update conditions not met: players=False, game_number=0, stopped_game=False
2025-11-28 23:48:41,390 - server.scores_server - DEBUG - Checking for score updates...
2025-11-28 23:48:41,390 - server.scores_server - DEBUG - Update conditions not met: players=False, game_number=0, stopped_game=False
2025-11-28 23:48:45,393 - server.scores_server - DEBUG - Checking for score updates...
2025-11-28 23:48:45,393 - server.scores_server - DEBUG - Update conditions not met: players=False, game_number=0, stopped_game=False
2025-11-28 23:48:49,395 - server.scores_server - DEBUG - Checking for score updates...
2025-11-28 23:48:49,396 - server.scores_server - DEBUG - Update conditions not met: players=False, game_number=0, stopped_game=False
2025-11-28 23:48:53,398 - server.scores_server - DEBUG - Checking for score updates...
2025-11-28 23:48:53,398 - server.scores_server - DEBUG - Update conditions not met: players=False, game_number=0, stopped_game=False
2025-11-28 23:48:57,400 - server.scores_server - DEBUG - Checking for score updates...
2025-11-28 23:48:57,400 - server.scores_server - DEBUG - Update conditions not met: players=False, game_number=0, stopped_game=False
2025-11-28 23:49:01,419 - server.scores_server - DEBUG - Checking for score updates...
2025-11-28 23:49:01,419 - server.scores_server - DEBUG - Update conditions not met: players=False, game_number=0, stopped_game=False
2025-11-28 23:49:05,420 - server.scores_server - DEBUG - Checking for score updates...
2025-11-28 23:49:05,420 - server.scores_server - DEBUG - Update conditions not met: players=False, game_number=0, stopped_game=False
2025-11-28 23:49:09,423 - server.scores_server - DEBUG - Checking for score updates...
2025-11-28 23:49:09,423 - server.scores_server - DEBUG - Update conditions not met: players=False, game_number=0, stopped_game=False
2025-11-28 23:49:12,301 - server.scores_server - DEBUG - Checking for score updates...
2025-11-28 23:49:12,301 - server.scores_server - DEBUG - Update conditions not met: players=False, game_number=0, stopped_game=False
2025-11-28 23:49:16,308 - server.scores_server - DEBUG - Checking for score updates...
2025-11-28 23:49:16,308 - server.scores_server - DEBUG - Update conditions not met: players=False, game_number=0, stopped_game=False
2025-11-28 23:49:20,311 - server.scores_server - DEBUG - Checking for score updates...
2025-11-28 23:49:20,311 - server.scores_server - DEBUG - Update conditions not met: players=False, game_number=0, stopped_game=False
2025-11-28 23:49:24,314 - server.scores_server - DEBUG - Checking for score updates...
2025-11-28 23:49:24,315 - server.scores_server - DEBUG - Update conditions not met: players=False, game_number=0, stopped_game=False
2025-11-28 23:49:28,317 - server.scores_server - DEBUG - Checking for score updates...
2025-11-28 23:49:28,317 - server.scores_server - DEBUG - Update conditions not met: players=False, game_number=0, stopped_game=False
2025-11-28 23:49:32,319 - server.scores_server - DEBUG - Checking for score updates...
2025-11-28 23:49:32,320 - server.scores_server - DEBUG - Update conditions not met: players=False, game_number=0, stopped_game=False
2025-11-28 23:49:36,320 - server.scores_server - DEBUG - Checking for score updates...
2025-11-28 23:49:36,320 - server.scores_server - DEBUG - Update conditions not met: players=False, game_number=0, stopped_game=False
2025-11-28 23:49:40,321 - server.scores_server - DEBUG - Checking for score updates...
2025-11-28 23:49:40,321 - server.scores_server - DEBUG - Update conditions not met: players=False, game_number=0, stopped_game=False
2025-11-28 23:49:43,193 - server.scores_server - DEBUG - Checking for score updates...
2025-11-28 23:49:43,193 - server.scores_server - DEBUG - Update conditions not met: players=False, game_number=0, stopped_game=False
2025-11-28 23:49:47,198 - server.scores_server - DEBUG - Checking for score updates...
2025-11-28 23:49:47,199 - server.scores_server - DEBUG - Update conditions not met: players=False, game_number=0, stopped_game=False
2025-11-28 23:49:51,205 - server.scores_server - DEBUG - Checking for score updates...
2025-11-28 23:49:51,205 - server.scores_server - DEBUG - Update conditions not met: players=False, game_number=0, stopped_game=False
2025-11-28 23:49:55,219 - server.scores_server - DEBUG - Checking for score updates...
2025-11-28 23:49:55,219 - server.scores_server - DEBUG - Update conditions not met: players=False, game_number=0, stopped_game=False
2025-11-28 23:49:59,219 - server.scores_server - DEBUG - Checking for score updates...
2025-11-28 23:49:59,219 - server.scores_server - DEBUG - Update conditions not met: players=False, game_number=0, stopped_game=False
2025-11-28 23:50:03,220 - server.scores_server - DEBUG - Checking for score updates...
2025-11-28 23:50:03,220 - server.scores_server - DEBUG - Update conditions not met: players=False, game_number=0, stopped_game=False
2025-11-28 23:50:07,221 - server.scores_server - DEBUG - Checking for score updates...
2025-11-28 23:50:07,221 - server.scores_server - DEBUG - Update conditions not met: players=False, game_number=0, stopped_game=False
2025-11-28 23:50:11,226 - server.scores_server - DEBUG - Checking for score updates...
2025-11-28 23:50:11,226 - server.scores_server - DEBUG - Update conditions not met: players=False, game_number=0, stopped_game=False
2025-11-28 23:50:13,153 - handlers.websocket_handler - INFO - Client ('::1', 34538, 0, 0) connected
2025-11-28 23:50:14,111 - server.scores_server - DEBUG - Checking for score updates...
2025-11-28 23:50:14,111 - server.scores_server - DEBUG - Update conditions not met: players=False, game_number=0, stopped_game=False
2025-11-28 23:50:18,127 - server.scores_server - DEBUG - Checking for score updates...
2025-11-28 23:50:18,127 - server.scores_server - DEBUG - Update conditions not met: players=False, game_number=0, stopped_game=False
2025-11-28 23:50:21,070 - models.game_server - DEBUG - Send ws message: {'type': 'clear_text', 'clear': True}
2025-11-28 23:50:21,070 - server.scores_server - INFO - Cleared text display
2025-11-28 23:50:21,675 - urllib3.connectionpool - DEBUG - Starting new HTTPS connection (1): scores.frisbee.pl:443
2025-11-28 23:50:21,961 - urllib3.connectionpool - DEBUG - https://scores.frisbee.pl:443 "POST /test3/ext/watchlive.php/ HTTP/1.1" 200 397
2025-11-28 23:50:21,962 - models.game_server - INFO - Match info request: {'ts': {'time': 0, 'ds': 0, 'stop': True}, 'h': 0, 'a': 0, 'o': '', 'e': [], 'p': {'h': {'34': 'Mateusz Mazurek', '74': 'Joachim Walczak', '17': 'Henryk Mazurek', '57': 'Konstanty Krawczyk', '97': 'Michał Przybylski', '35': 'Michał Szymczak', '75': 'Arleta Ostrowska', '12': 'Teresa Górecka', '55': 'Paulina Adamska', '92': 'Judyta Baranowska'}, 'a': {'10': 'Alexander Wojciechowski', '22': 'Łukasz Błaszczyk', '5': 'Ignacy Krupa', '33': 'Błażej Woźniak', '7': 'Artur Walczak', '3': 'Janusz Czarnecki', '4': 'Marcelina Górecka', '91': 'Zofia Wójcik', '6': 'Luiza Szczepańska', '1': 'Olga Borkowska'}}, 'hn': 'Hihara', 'an': 'Bongo', 'ha': 'HHR', 'aa': 'BNG'}
2025-11-28 23:50:21,962 - models.game_server - DEBUG - Send ws message: {'type': 'team', 'team': 'h', 'team_name': 'HHR', 'team_name_full': 'Hihara'}
2025-11-28 23:50:21,962 - models.game_server - DEBUG - Send ws message: {'type': 'team', 'team': 'a', 'team_name': 'BNG', 'team_name_full': 'Bongo'}
2025-11-28 23:50:21,962 - models.game_server - DEBUG - Setting timer with data: {'time': 0, 'ds': 0, 'stop': True}, current game_time: 0. Match info: True
2025-11-28 23:50:21,963 - models.game_server - DEBUG - Send ws message: {'type': 'game', 'timer_set': 1, 'timer_offset': 0.0}
2025-11-28 23:50:21,963 - models.game_server - DEBUG - Timer set complete, game_time: 0
2025-11-28 23:50:21,963 - models.game_server - DEBUG - Send ws message: {'type': 'game', 'score_set': 1, 'data': {'a_score': 0, 'h_score': 0}}
2025-11-28 23:50:21,963 - models.game_server - DEBUG - Send ws message: {'type': 'players', 'players_set': 1, 'players': {'h': {'34': 'Mateusz Mazurek', '74': 'Joachim Walczak', '17': 'Henryk Mazurek', '57': 'Konstanty Krawczyk', '97': 'Michał Przybylski', '35': 'Michał Szymczak', '75': 'Arleta Ostrowska', '12': 'Teresa Górecka', '55': 'Paulina Adamska', '92': 'Judyta Baranowska'}, 'a': {'10': 'Alexander Wojciechowski', '22': 'Łukasz Błaszczyk', '5': 'Ignacy Krupa', '33': 'Błażej Woźniak', '7': 'Artur Walczak', '3': 'Janusz Czarnecki', '4': 'Marcelina Górecka', '91': 'Zofia Wójcik', '6': 'Luiza Szczepańska', '1': 'Olga Borkowska'}}}
2025-11-28 23:50:21,964 - models.game_server - INFO - Players: {'h': {'34': 'Mateusz Mazurek', '74': 'Joachim Walczak', '17': 'Henryk Mazurek', '57': 'Konstanty Krawczyk', '97': 'Michał Przybylski', '35': 'Michał Szymczak', '75': 'Arleta Ostrowska', '12': 'Teresa Górecka', '55': 'Paulina Adamska', '92': 'Judyta Baranowska'}, 'a': {'10': 'Alexander Wojciechowski', '22': 'Łukasz Błaszczyk', '5': 'Ignacy Krupa', '33': 'Błażej Woźniak', '7': 'Artur Walczak', '3': 'Janusz Czarnecki', '4': 'Marcelina Górecka', '91': 'Zofia Wójcik', '6': 'Luiza Szczepańska', '1': 'Olga Borkowska'}}
2025-11-28 23:50:22,128 - server.scores_server - DEBUG - Checking for score updates...
2025-11-28 23:50:22,128 - server.scores_server - DEBUG - Current game time: 0
2025-11-28 23:50:22,129 - urllib3.connectionpool - DEBUG - Starting new HTTPS connection (1): scores.frisbee.pl:443
2025-11-28 23:50:22,211 - urllib3.connectionpool - DEBUG - https://scores.frisbee.pl:443 "POST /test3/ext/watchlive.php/ HTTP/1.1" 200 71
2025-11-28 23:50:22,211 - server.scores_server - DEBUG - Updated game time: 0
2025-11-28 23:50:26,245 - server.scores_server - DEBUG - Checking for score updates...
2025-11-28 23:50:26,245 - server.scores_server - DEBUG - Current game time: 0
2025-11-28 23:50:26,245 - urllib3.connectionpool - DEBUG - Starting new HTTPS connection (1): scores.frisbee.pl:443
2025-11-28 23:50:26,327 - urllib3.connectionpool - DEBUG - https://scores.frisbee.pl:443 "POST /test3/ext/watchlive.php/ HTTP/1.1" 200 71
2025-11-28 23:50:26,328 - server.scores_server - INFO - Scores request: {'ts': {'time': 0, 'ds': 0, 'stop': True}, 'h': 0, 'a': 0, 'o': '', 'e': []}
2025-11-28 23:50:26,328 - server.scores_server - DEBUG - Updated game time: 0
2025-11-28 23:50:30,336 - server.scores_server - DEBUG - Checking for score updates...
2025-11-28 23:50:30,336 - server.scores_server - DEBUG - Current game time: 0
2025-11-28 23:50:30,336 - urllib3.connectionpool - DEBUG - Starting new HTTPS connection (1): scores.frisbee.pl:443
2025-11-28 23:50:30,400 - urllib3.connectionpool - DEBUG - https://scores.frisbee.pl:443 "POST /test3/ext/watchlive.php/ HTTP/1.1" 200 71
2025-11-28 23:50:30,402 - server.scores_server - DEBUG - Updated game time: 0
2025-11-28 23:50:34,402 - server.scores_server - DEBUG - Checking for score updates...
2025-11-28 23:50:34,402 - server.scores_server - DEBUG - Current game time: 0
2025-11-28 23:50:34,403 - urllib3.connectionpool - DEBUG - Starting new HTTPS connection (1): scores.frisbee.pl:443
2025-11-28 23:50:34,485 - urllib3.connectionpool - DEBUG - https://scores.frisbee.pl:443 "POST /test3/ext/watchlive.php/ HTTP/1.1" 200 77
2025-11-28 23:50:34,486 - server.scores_server - INFO - Scores request: {'ts': {'time': 0, 'ds': 0, 'stop': True}, 'h': 0, 'a': 0, 'e': [{'t': 0, 'e': 'a', 'y': 'O'}]}
2025-11-28 23:50:34,486 - models.game_server - DEBUG - Send ws message: {'type': 'stats', 'stats_update': 1, 'stats_data': {'points': {'a': 0, 'h': 0, 'ap': 0, 'hp': 0}, 'o_points': {'a': 0, 'h': 0, 'ap': 0, 'hp': 0}, 'd_points': {'a': 0, 'h': 0, 'ap': 0, 'hp': 0}, 'o_time': {'a': '0%', 'h': '0%', 'ap': 0, 'hp': 0}, 'turnovers': {'a': 0, 'h': 0, 'ap': 0, 'hp': 0}, 'timeouts': {'a': 0, 'h': 0, 'ap': 0, 'hp': 0}, 'player_stats': {'a': {}, 'h': {}}}}
2025-11-28 23:50:34,487 - models.game_server - DEBUG - Preparing event: {'t': 0, 'e': 'a', 'y': 'O'}
2025-11-28 23:50:34,487 - models.game_server - DEBUG - Send ws message: {'type': 'scoreboard', 'subtype': 'offence', 'data': {}, 'side': 'a'}
2025-11-28 23:50:34,487 - server.scores_server - DEBUG - Updated game time: 0
2025-11-28 23:50:38,489 - server.scores_server - DEBUG - Checking for score updates...
2025-11-28 23:50:38,490 - server.scores_server - DEBUG - Current game time: 0
2025-11-28 23:50:38,490 - urllib3.connectionpool - DEBUG - Starting new HTTPS connection (1): scores.frisbee.pl:443
2025-11-28 23:50:38,562 - urllib3.connectionpool - DEBUG - https://scores.frisbee.pl:443 "POST /test3/ext/watchlive.php/ HTTP/1.1" 200 77
2025-11-28 23:50:38,563 - server.scores_server - DEBUG - Updated game time: 0
2025-11-28 23:50:42,567 - server.scores_server - DEBUG - Checking for score updates...
2025-11-28 23:50:42,567 - server.scores_server - DEBUG - Current game time: 0
2025-11-28 23:50:42,568 - urllib3.connectionpool - DEBUG - Starting new HTTPS connection (1): scores.frisbee.pl:443
2025-11-28 23:50:42,694 - urllib3.connectionpool - DEBUG - https://scores.frisbee.pl:443 "POST /test3/ext/watchlive.php/ HTTP/1.1" 200 77
2025-11-28 23:50:42,695 - server.scores_server - INFO - Scores request: {'ts': {'time': 0, 'ds': 0, 'stop': True}, 'h': 0, 'a': 0, 'e': [{'t': 0, 'e': 'a', 'y': 'O'}]}
2025-11-28 23:50:42,695 - server.scores_server - DEBUG - Updated game time: 0
2025-11-28 23:50:45,535 - server.scores_server - DEBUG - Checking for score updates...
2025-11-28 23:50:45,535 - server.scores_server - DEBUG - Current game time: 0
2025-11-28 23:50:45,536 - urllib3.connectionpool - DEBUG - Starting new HTTPS connection (1): scores.frisbee.pl:443
2025-11-28 23:50:45,624 - urllib3.connectionpool - DEBUG - https://scores.frisbee.pl:443 "POST /test3/ext/watchlive.php/ HTTP/1.1" 200 77
2025-11-28 23:50:45,625 - server.scores_server - DEBUG - Updated game time: 0
2025-11-28 23:50:49,020 - handlers.websocket_handler - INFO - Client ('::1', 34350, 0, 0) closed
2025-11-28 23:50:49,363 - handlers.websocket_handler - INFO - Client ('::1', 53470, 0, 0) connected
2025-11-28 23:50:49,630 - server.scores_server - DEBUG - Checking for score updates...
2025-11-28 23:50:49,630 - server.scores_server - DEBUG - Current game time: 0
2025-11-28 23:50:49,631 - urllib3.connectionpool - DEBUG - Starting new HTTPS connection (1): scores.frisbee.pl:443
2025-11-28 23:50:49,703 - urllib3.connectionpool - DEBUG - https://scores.frisbee.pl:443 "POST /test3/ext/watchlive.php/ HTTP/1.1" 200 77
2025-11-28 23:50:49,704 - server.scores_server - INFO - Scores request: {'ts': {'time': 0, 'ds': 0, 'stop': True}, 'h': 0, 'a': 0, 'e': [{'t': 0, 'e': 'a', 'y': 'O'}]}
2025-11-28 23:50:49,704 - server.scores_server - DEBUG - Updated game time: 0
2025-11-28 23:50:53,707 - server.scores_server - DEBUG - Checking for score updates...
2025-11-28 23:50:53,707 - server.scores_server - DEBUG - Current game time: 0
2025-11-28 23:50:53,707 - urllib3.connectionpool - DEBUG - Starting new HTTPS connection (1): scores.frisbee.pl:443
2025-11-28 23:50:53,783 - urllib3.connectionpool - DEBUG - https://scores.frisbee.pl:443 "POST /test3/ext/watchlive.php/ HTTP/1.1" 200 77
2025-11-28 23:50:53,784 - server.scores_server - DEBUG - Updated game time: 0
2025-11-28 23:50:57,789 - server.scores_server - DEBUG - Checking for score updates...
2025-11-28 23:50:57,789 - server.scores_server - DEBUG - Current game time: 0
2025-11-28 23:50:57,790 - urllib3.connectionpool - DEBUG - Starting new HTTPS connection (1): scores.frisbee.pl:443
2025-11-28 23:50:57,866 - urllib3.connectionpool - DEBUG - https://scores.frisbee.pl:443 "POST /test3/ext/watchlive.php/ HTTP/1.1" 200 77
2025-11-28 23:50:57,867 - server.scores_server - INFO - Scores request: {'ts': {'time': 0, 'ds': 0, 'stop': True}, 'h': 0, 'a': 0, 'e': [{'t': 0, 'e': 'a', 'y': 'O'}]}
2025-11-28 23:50:57,867 - server.scores_server - DEBUG - Updated game time: 0
2025-11-28 23:51:01,873 - server.scores_server - DEBUG - Checking for score updates...
2025-11-28 23:51:01,873 - server.scores_server - DEBUG - Current game time: 0
2025-11-28 23:51:01,873 - urllib3.connectionpool - DEBUG - Starting new HTTPS connection (1): scores.frisbee.pl:443
2025-11-28 23:51:01,958 - urllib3.connectionpool - DEBUG - https://scores.frisbee.pl:443 "POST /test3/ext/watchlive.php/ HTTP/1.1" 200 77
2025-11-28 23:51:01,959 - server.scores_server - DEBUG - Updated game time: 0
2025-11-28 23:51:05,961 - server.scores_server - DEBUG - Checking for score updates...
2025-11-28 23:51:05,961 - server.scores_server - DEBUG - Current game time: 0
2025-11-28 23:51:05,962 - urllib3.connectionpool - DEBUG - Starting new HTTPS connection (1): scores.frisbee.pl:443
2025-11-28 23:51:06,048 - urllib3.connectionpool - DEBUG - https://scores.frisbee.pl:443 "POST /test3/ext/watchlive.php/ HTTP/1.1" 200 77
2025-11-28 23:51:06,049 - server.scores_server - INFO - Scores request: {'ts': {'time': 0, 'ds': 0, 'stop': True}, 'h': 0, 'a': 0, 'e': [{'t': 0, 'e': 'a', 'y': 'O'}]}
2025-11-28 23:51:06,049 - server.scores_server - DEBUG - Updated game time: 0
2025-11-28 23:51:10,062 - server.scores_server - DEBUG - Checking for score updates...
2025-11-28 23:51:10,062 - server.scores_server - DEBUG - Current game time: 0
2025-11-28 23:51:10,063 - urllib3.connectionpool - DEBUG - Starting new HTTPS connection (1): scores.frisbee.pl:443
2025-11-28 23:51:10,152 - urllib3.connectionpool - DEBUG - https://scores.frisbee.pl:443 "POST /test3/ext/watchlive.php/ HTTP/1.1" 200 77
2025-11-28 23:51:10,153 - server.scores_server - DEBUG - Updated game time: 0
2025-11-28 23:51:14,153 - server.scores_server - DEBUG - Checking for score updates...
2025-11-28 23:51:14,154 - server.scores_server - DEBUG - Current game time: 0
2025-11-28 23:51:14,154 - urllib3.connectionpool - DEBUG - Starting new HTTPS connection (1): scores.frisbee.pl:443
2025-11-28 23:51:14,237 - urllib3.connectionpool - DEBUG - https://scores.frisbee.pl:443 "POST /test3/ext/watchlive.php/ HTTP/1.1" 200 77
2025-11-28 23:51:14,238 - server.scores_server - INFO - Scores request: {'ts': {'time': 0, 'ds': 0, 'stop': True}, 'h': 0, 'a': 0, 'e': [{'t': 0, 'e': 'a', 'y': 'O'}]}
2025-11-28 23:51:14,238 - server.scores_server - DEBUG - Updated game time: 0
2025-11-28 23:51:16,980 - server.scores_server - DEBUG - Checking for score updates...
2025-11-28 23:51:16,980 - server.scores_server - DEBUG - Current game time: 0
2025-11-28 23:51:16,981 - urllib3.connectionpool - DEBUG - Starting new HTTPS connection (1): scores.frisbee.pl:443
2025-11-28 23:51:17,067 - urllib3.connectionpool - DEBUG - https://scores.frisbee.pl:443 "POST /test3/ext/watchlive.php/ HTTP/1.1" 200 77
2025-11-28 23:51:17,068 - server.scores_server - DEBUG - Updated game time: 0
2025-11-28 23:51:21,081 - server.scores_server - DEBUG - Checking for score updates...
2025-11-28 23:51:21,081 - server.scores_server - DEBUG - Current game time: 0
2025-11-28 23:51:21,082 - urllib3.connectionpool - DEBUG - Starting new HTTPS connection (1): scores.frisbee.pl:443
2025-11-28 23:51:21,155 - urllib3.connectionpool - DEBUG - https://scores.frisbee.pl:443 "POST /test3/ext/watchlive.php/ HTTP/1.1" 200 77
2025-11-28 23:51:21,156 - server.scores_server - INFO - Scores request: {'ts': {'time': 0, 'ds': 0, 'stop': True}, 'h': 0, 'a': 0, 'e': [{'t': 0, 'e': 'a', 'y': 'O'}]}
2025-11-28 23:51:21,156 - server.scores_server - DEBUG - Updated game time: 0
2025-11-28 23:51:25,161 - server.scores_server - DEBUG - Checking for score updates...
2025-11-28 23:51:25,161 - server.scores_server - DEBUG - Current game time: 0
2025-11-28 23:51:25,161 - urllib3.connectionpool - DEBUG - Starting new HTTPS connection (1): scores.frisbee.pl:443
2025-11-28 23:51:25,342 - urllib3.connectionpool - DEBUG - https://scores.frisbee.pl:443 "POST /test3/ext/watchlive.php/ HTTP/1.1" 200 77
2025-11-28 23:51:25,343 - server.scores_server - DEBUG - Updated game time: 0
2025-11-28 23:51:29,354 - server.scores_server - DEBUG - Checking for score updates...
2025-11-28 23:51:29,354 - server.scores_server - DEBUG - Current game time: 0
2025-11-28 23:51:29,355 - urllib3.connectionpool - DEBUG - Starting new HTTPS connection (1): scores.frisbee.pl:443
2025-11-28 23:51:29,469 - urllib3.connectionpool - DEBUG - https://scores.frisbee.pl:443 "POST /test3/ext/watchlive.php/ HTTP/1.1" 200 102
2025-11-28 23:51:29,470 - server.scores_server - INFO - Scores request: {'ts': {'time': '0', 'ds': '17643702877', 'stop': False}, 'h': 0, 'a': 0, 'o': 'a', 'e': [{'t': 0, 'e': 'a', 'y': 'O'}]}
2025-11-28 23:51:29,470 - models.game_server - DEBUG - Setting timer with data: {'time': '0', 'ds': '17643702877', 'stop': False}, current game_time: 0. Match info: False
2025-11-28 23:51:29,470 - models.game_server - DEBUG - Start detection - Timer offset: 2, Game time: 0
2025-11-28 23:51:29,470 - models.game_server - DEBUG - Start detected
2025-11-28 23:51:29,470 - models.game_server - DEBUG - Send ws message: {'type': 'game', 'start': 1, 'data': {'timer_offset': 2}}
2025-11-28 23:51:29,470 - models.game_server - DEBUG - Timer set complete, game_time: 17643702877
2025-11-28 23:51:29,471 - server.scores_server - DEBUG - Updated game time: 17643702877
2025-11-28 23:51:33,485 - server.scores_server - DEBUG - Checking for score updates...
2025-11-28 23:51:33,485 - server.scores_server - DEBUG - Current game time: 17643702877
2025-11-28 23:51:33,486 - urllib3.connectionpool - DEBUG - Starting new HTTPS connection (1): scores.frisbee.pl:443
2025-11-28 23:51:33,562 - urllib3.connectionpool - DEBUG - https://scores.frisbee.pl:443 "POST /test3/ext/watchlive.php/ HTTP/1.1" 200 102
2025-11-28 23:51:33,563 - models.game_server - DEBUG - Setting timer with data: {'time': '0', 'ds': '17643702877', 'stop': False}, current game_time: 17643702877. Match info: False
2025-11-28 23:51:33,564 - models.game_server - DEBUG - Start detection - Timer offset: 6, Game time: 17643702877
2025-11-28 23:51:33,564 - models.game_server - DEBUG - Send ws message: {'type': 'game', 'running_timer_set': 1, 'timer_offset': 6}
2025-11-28 23:51:33,564 - models.game_server - DEBUG - Timer set complete, game_time: 17643702877
2025-11-28 23:51:33,564 - server.scores_server - DEBUG - Updated game time: 17643702877
2025-11-28 23:51:33,714 - handlers.websocket_handler - INFO - Client ('::1', 53470, 0, 0) closed
2025-11-28 23:51:33,814 - handlers.websocket_handler - INFO - Client ('::1', 60722, 0, 0) connected
2025-11-28 23:51:37,566 - server.scores_server - DEBUG - Checking for score updates...
2025-11-28 23:51:37,567 - server.scores_server - DEBUG - Current game time: 17643702877
2025-11-28 23:51:37,567 - urllib3.connectionpool - DEBUG - Starting new HTTPS connection (1): scores.frisbee.pl:443
2025-11-28 23:51:37,648 - urllib3.connectionpool - DEBUG - https://scores.frisbee.pl:443 "POST /test3/ext/watchlive.php/ HTTP/1.1" 200 102
2025-11-28 23:51:37,649 - server.scores_server - INFO - Scores request: {'ts': {'time': '0', 'ds': '17643702877', 'stop': False}, 'h': 0, 'a': 0, 'o': 'a', 'e': [{'t': 0, 'e': 'a', 'y': 'O'}]}
2025-11-28 23:51:37,649 - models.game_server - DEBUG - Setting timer with data: {'time': '0', 'ds': '17643702877', 'stop': False}, current game_time: 17643702877. Match info: False
2025-11-28 23:51:37,649 - models.game_server - DEBUG - Start detection - Timer offset: 10, Game time: 17643702877
2025-11-28 23:51:37,649 - models.game_server - DEBUG - Send ws message: {'type': 'game', 'running_timer_set': 1, 'timer_offset': 10}
2025-11-28 23:51:37,650 - models.game_server - DEBUG - Timer set complete, game_time: 17643702877
2025-11-28 23:51:37,650 - server.scores_server - DEBUG - Updated game time: 17643702877
2025-11-28 23:51:41,652 - server.scores_server - DEBUG - Checking for score updates...
2025-11-28 23:51:41,652 - server.scores_server - DEBUG - Current game time: 17643702877
2025-11-28 23:51:41,653 - urllib3.connectionpool - DEBUG - Starting new HTTPS connection (1): scores.frisbee.pl:443
2025-11-28 23:51:41,729 - urllib3.connectionpool - DEBUG - https://scores.frisbee.pl:443 "POST /test3/ext/watchlive.php/ HTTP/1.1" 200 102
2025-11-28 23:51:41,731 - models.game_server - DEBUG - Setting timer with data: {'time': '0', 'ds': '17643702877', 'stop': False}, current game_time: 17643702877. Match info: False
2025-11-28 23:51:41,731 - models.game_server - DEBUG - Start detection - Timer offset: 14, Game time: 17643702877
2025-11-28 23:51:41,731 - models.game_server - DEBUG - Send ws message: {'type': 'game', 'running_timer_set': 1, 'timer_offset': 14}
2025-11-28 23:51:41,731 - models.game_server - DEBUG - Timer set complete, game_time: 17643702877
2025-11-28 23:51:41,731 - server.scores_server - DEBUG - Updated game time: 17643702877
2025-11-28 23:51:45,735 - server.scores_server - DEBUG - Checking for score updates...
2025-11-28 23:51:45,735 - server.scores_server - DEBUG - Current game time: 17643702877
2025-11-28 23:51:45,735 - urllib3.connectionpool - DEBUG - Starting new HTTPS connection (1): scores.frisbee.pl:443
2025-11-28 23:51:45,849 - urllib3.connectionpool - DEBUG - https://scores.frisbee.pl:443 "POST /test3/ext/watchlive.php/ HTTP/1.1" 200 102
2025-11-28 23:51:45,850 - server.scores_server - INFO - Scores request: {'ts': {'time': '0', 'ds': '17643702877', 'stop': False}, 'h': 0, 'a': 0, 'o': 'a', 'e': [{'t': 0, 'e': 'a', 'y': 'O'}]}
2025-11-28 23:51:45,850 - models.game_server - DEBUG - Setting timer with data: {'time': '0', 'ds': '17643702877', 'stop': False}, current game_time: 17643702877. Match info: False
2025-11-28 23:51:45,850 - models.game_server - DEBUG - Start detection - Timer offset: 18, Game time: 17643702877
2025-11-28 23:51:45,850 - models.game_server - DEBUG - Send ws message: {'type': 'game', 'running_timer_set': 1, 'timer_offset': 18}
2025-11-28 23:51:45,850 - models.game_server - DEBUG - Timer set complete, game_time: 17643702877
2025-11-28 23:51:45,851 - server.scores_server - DEBUG - Updated game time: 17643702877
2025-11-28 23:51:48,471 - urllib3.connectionpool - DEBUG - Starting new HTTPS connection (1): scores.frisbee.pl:443
2025-11-28 23:51:48,567 - urllib3.connectionpool - DEBUG - https://scores.frisbee.pl:443 "POST /test3/ext/watchlive.php/ HTTP/1.1" 200 422
2025-11-28 23:51:48,568 - models.game_server - INFO - Match info request: {'ts': {'time': '0', 'ds': '17643702877', 'stop': False}, 'h': 0, 'a': 0, 'o': 'a', 'e': [{'t': 0, 'e': 'a', 'y': 'O'}], 'p': {'h': {'34': 'Mateusz Mazurek', '74': 'Joachim Walczak', '17': 'Henryk Mazurek', '57': 'Konstanty Krawczyk', '97': 'Michał Przybylski', '35': 'Michał Szymczak', '75': 'Arleta Ostrowska', '12': 'Teresa Górecka', '55': 'Paulina Adamska', '92': 'Judyta Baranowska'}, 'a': {'10': 'Alexander Wojciechowski', '22': 'Łukasz Błaszczyk', '5': 'Ignacy Krupa', '33': 'Błażej Woźniak', '7': 'Artur Walczak', '3': 'Janusz Czarnecki', '4': 'Marcelina Górecka', '91': 'Zofia Wójcik', '6': 'Luiza Szczepańska', '1': 'Olga Borkowska'}}, 'hn': 'Hihara', 'an': 'Bongo', 'ha': 'HHR', 'aa': 'BNG'}
2025-11-28 23:51:48,568 - models.game_server - DEBUG - Send ws message: {'type': 'team', 'team': 'h', 'team_name': 'HHR', 'team_name_full': 'Hihara'}
2025-11-28 23:51:48,568 - models.game_server - DEBUG - Send ws message: {'type': 'team', 'team': 'a', 'team_name': 'BNG', 'team_name_full': 'Bongo'}
2025-11-28 23:51:48,568 - models.game_server - DEBUG - Setting timer with data: {'time': '0', 'ds': '17643702877', 'stop': False}, current game_time: 17643702877. Match info: True
2025-11-28 23:51:48,568 - models.game_server - DEBUG - Start detection - Timer offset: 21, Game time: 17643702877
2025-11-28 23:51:48,568 - models.game_server - DEBUG - Send ws message: {'type': 'game', 'running_timer_set': 1, 'timer_offset': 21}
2025-11-28 23:51:48,568 - models.game_server - DEBUG - Timer set complete, game_time: 17643702877
2025-11-28 23:51:48,568 - models.game_server - DEBUG - Send ws message: {'type': 'game', 'score_set': 1, 'data': {'a_score': 0, 'h_score': 0}}
2025-11-28 23:51:48,569 - models.game_server - DEBUG - Send ws message: {'type': 'players', 'players_set': 1, 'players': {'h': {'34': 'Mateusz Mazurek', '74': 'Joachim Walczak', '17': 'Henryk Mazurek', '57': 'Konstanty Krawczyk', '97': 'Michał Przybylski', '35': 'Michał Szymczak', '75': 'Arleta Ostrowska', '12': 'Teresa Górecka', '55': 'Paulina Adamska', '92': 'Judyta Baranowska'}, 'a': {'10': 'Alexander Wojciechowski', '22': 'Łukasz Błaszczyk', '5': 'Ignacy Krupa', '33': 'Błażej Woźniak', '7': 'Artur Walczak', '3': 'Janusz Czarnecki', '4': 'Marcelina Górecka', '91': 'Zofia Wójcik', '6': 'Luiza Szczepańska', '1': 'Olga Borkowska'}}}
2025-11-28 23:51:48,569 - models.game_server - INFO - Players: {'h': {'34': 'Mateusz Mazurek', '74': 'Joachim Walczak', '17': 'Henryk Mazurek', '57': 'Konstanty Krawczyk', '97': 'Michał Przybylski', '35': 'Michał Szymczak', '75': 'Arleta Ostrowska', '12': 'Teresa Górecka', '55': 'Paulina Adamska', '92': 'Judyta Baranowska'}, 'a': {'10': 'Alexander Wojciechowski', '22': 'Łukasz Błaszczyk', '5': 'Ignacy Krupa', '33': 'Błażej Woźniak', '7': 'Artur Walczak', '3': 'Janusz Czarnecki', '4': 'Marcelina Górecka', '91': 'Zofia Wójcik', '6': 'Luiza Szczepańska', '1': 'Olga Borkowska'}}
2025-11-28 23:51:48,737 - server.scores_server - DEBUG - Checking for score updates...
2025-11-28 23:51:48,737 - server.scores_server - DEBUG - Current game time: 17643702877
2025-11-28 23:51:48,737 - urllib3.connectionpool - DEBUG - Starting new HTTPS connection (1): scores.frisbee.pl:443
2025-11-28 23:51:48,811 - urllib3.connectionpool - DEBUG - https://scores.frisbee.pl:443 "POST /test3/ext/watchlive.php/ HTTP/1.1" 200 102
2025-11-28 23:51:48,813 - models.game_server - DEBUG - Setting timer with data: {'time': '0', 'ds': '17643702877', 'stop': False}, current game_time: 17643702877. Match info: False
2025-11-28 23:51:48,813 - models.game_server - DEBUG - Start detection - Timer offset: 21, Game time: 17643702877
2025-11-28 23:51:48,813 - models.game_server - DEBUG - Send ws message: {'type': 'game', 'running_timer_set': 1, 'timer_offset': 21}
2025-11-28 23:51:48,813 - models.game_server - DEBUG - Timer set complete, game_time: 17643702877
2025-11-28 23:51:48,813 - server.scores_server - DEBUG - Updated game time: 17643702877
2025-11-28 23:51:52,819 - server.scores_server - DEBUG - Checking for score updates...
2025-11-28 23:51:52,819 - server.scores_server - DEBUG - Current game time: 17643702877
2025-11-28 23:51:52,820 - urllib3.connectionpool - DEBUG - Starting new HTTPS connection (1): scores.frisbee.pl:443
2025-11-28 23:51:52,902 - urllib3.connectionpool - DEBUG - https://scores.frisbee.pl:443 "POST /test3/ext/watchlive.php/ HTTP/1.1" 200 102
2025-11-28 23:51:52,904 - server.scores_server - INFO - Scores request: {'ts': {'time': '0', 'ds': '17643702877', 'stop': False}, 'h': 0, 'a': 0, 'o': 'a', 'e': [{'t': 0, 'e': 'a', 'y': 'O'}]}
2025-11-28 23:51:52,904 - models.game_server - DEBUG - Setting timer with data: {'time': '0', 'ds': '17643702877', 'stop': False}, current game_time: 17643702877. Match info: False
2025-11-28 23:51:52,904 - models.game_server - DEBUG - Start detection - Timer offset: 25, Game time: 17643702877
2025-11-28 23:51:52,904 - models.game_server - DEBUG - Send ws message: {'type': 'game', 'running_timer_set': 1, 'timer_offset': 25}
2025-11-28 23:51:52,905 - models.game_server - DEBUG - Timer set complete, game_time: 17643702877
2025-11-28 23:51:52,905 - server.scores_server - DEBUG - Updated game time: 17643702877
2025-11-28 23:51:56,910 - server.scores_server - DEBUG - Checking for score updates...
2025-11-28 23:51:56,910 - server.scores_server - DEBUG - Current game time: 17643702877
2025-11-28 23:51:56,910 - urllib3.connectionpool - DEBUG - Starting new HTTPS connection (1): scores.frisbee.pl:443
2025-11-28 23:51:57,013 - urllib3.connectionpool - DEBUG - https://scores.frisbee.pl:443 "POST /test3/ext/watchlive.php/ HTTP/1.1" 200 129
2025-11-28 23:51:57,014 - models.game_server - DEBUG - Setting timer with data: {'time': '0', 'ds': '17643702877', 'stop': False}, current game_time: 17643702877. Match info: False
2025-11-28 23:51:57,014 - models.game_server - DEBUG - Start detection - Timer offset: 29, Game time: 17643702877
2025-11-28 23:51:57,014 - models.game_server - DEBUG - Send ws message: {'type': 'game', 'running_timer_set': 1, 'timer_offset': 29}
2025-11-28 23:51:57,014 - models.game_server - DEBUG - Timer set complete, game_time: 17643702877
2025-11-28 23:51:57,015 - models.game_server - DEBUG - Send ws message: {'type': 'game', 'score_set': 1, 'data': {'a_score': '1', 'h_score': '0'}}
2025-11-28 23:51:57,015 - server.scores_server - DEBUG - Updated game time: 17643702877
2025-11-28 23:52:01,025 - server.scores_server - DEBUG - Checking for score updates...
2025-11-28 23:52:01,025 - server.scores_server - DEBUG - Current game time: 17643702877
2025-11-28 23:52:01,026 - urllib3.connectionpool - DEBUG - Starting new HTTPS connection (1): scores.frisbee.pl:443
2025-11-28 23:52:01,124 - urllib3.connectionpool - DEBUG - https://scores.frisbee.pl:443 "POST /test3/ext/watchlive.php/ HTTP/1.1" 200 131
2025-11-28 23:52:01,125 - server.scores_server - INFO - Scores request: {'ts': {'time': '0', 'ds': '17643702877', 'stop': False}, 'h': 0, 'a': 1, 'o': 'h', 'e': [{'t': 0, 'e': 'a', 'y': 'O'}, {'t': 25, 'e': 'a', 'a': 3, 's': 10, 'hs': '0', 'as': '1', 'y': 'S'}]}
2025-11-28 23:52:01,125 - models.game_server - DEBUG - Setting timer with data: {'time': '0', 'ds': '17643702877', 'stop': False}, current game_time: 17643702877. Match info: False
2025-11-28 23:52:01,126 - models.game_server - DEBUG - Start detection - Timer offset: 33, Game time: 17643702877
2025-11-28 23:52:01,126 - models.game_server - DEBUG - Send ws message: {'type': 'game', 'running_timer_set': 1, 'timer_offset': 33}
2025-11-28 23:52:01,126 - models.game_server - DEBUG - Timer set complete, game_time: 17643702877
2025-11-28 23:52:01,126 - models.game_server - DEBUG - Send ws message: {'type': 'game', 'score_set': 1, 'data': {'a_score': '1', 'h_score': '0'}}
2025-11-28 23:52:01,126 - models.game_server - DEBUG - Send ws message: {'type': 'stats', 'stats_update': 1, 'stats_data': {'points': {'a': '1', 'h': '0', 'ap': 100, 'hp': 0}, 'o_points': {'a': 1, 'h': 0, 'ap': 100, 'hp': 0}, 'd_points': {'a': 0, 'h': 0, 'ap': 0, 'hp': 0}, 'o_time': {'a': '100.0%', 'h': '0.0%', 'ap': 100, 'hp': 0}, 'turnovers': {'a': 0, 'h': 0, 'ap': 0, 'hp': 0}, 'timeouts': {'a': 0, 'h': 0, 'ap': 0, 'hp': 0}, 'player_stats': {'a': {'10': {'name': 'Alexander Wojciechowski', 'goals': 1, 'assists': 0, 'total': 1}, '3': {'name': 'Janusz Czarnecki', 'goals': 0, 'assists': 1, 'total': 1}}, 'h': {}}}}
2025-11-28 23:52:01,126 - models.game_server - DEBUG - Preparing event: {'t': 25, 'e': 'a', 'a': 3, 's': 10, 'hs': '0', 'as': '1', 'y': 'S'}
2025-11-28 23:52:01,126 - models.game_server - INFO - Score event: {'side': 'a', 'subtype': 'score', 'data': {'assist': '', 'assist_no': '3', 'scorer': '', 'scorer_no': '10', 'a_score': '1', 'h_score': '0'}}
2025-11-28 23:52:01,126 - models.game_server - DEBUG - Send ws message: {'type': 'scoreboard', 'subtype': 'score', 'data': {'assist': 'Janusz Czarnecki', 'assist_no': '3', 'scorer': 'Alexander Wojciechowski', 'scorer_no': '10', 'a_score': '1', 'h_score': '0'}, 'side': 'a'}
2025-11-28 23:52:01,126 - server.scores_server - DEBUG - Updated game time: 17643702877
2025-11-28 23:52:05,129 - server.scores_server - DEBUG - Checking for score updates...
2025-11-28 23:52:05,129 - server.scores_server - DEBUG - Current game time: 17643702877
2025-11-28 23:52:05,130 - urllib3.connectionpool - DEBUG - Starting new HTTPS connection (1): scores.frisbee.pl:443
2025-11-28 23:52:05,248 - urllib3.connectionpool - DEBUG - https://scores.frisbee.pl:443 "POST /test3/ext/watchlive.php/ HTTP/1.1" 200 151
2025-11-28 23:52:05,249 - models.game_server - DEBUG - Setting timer with data: {'time': '0', 'ds': '17643702877', 'stop': False}, current game_time: 17643702877. Match info: False
2025-11-28 23:52:05,249 - models.game_server - DEBUG - Start detection - Timer offset: 38, Game time: 17643702877
2025-11-28 23:52:05,249 - models.game_server - DEBUG - Send ws message: {'type': 'game', 'running_timer_set': 1, 'timer_offset': 38}
2025-11-28 23:52:05,249 - models.game_server - DEBUG - Timer set complete, game_time: 17643702877
2025-11-28 23:52:05,250 - models.game_server - DEBUG - Send ws message: {'type': 'stats', 'stats_update': 1, 'stats_data': {'points': {'a': '1', 'h': '0', 'ap': 100, 'hp': 0}, 'o_points': {'a': 1, 'h': 0, 'ap': 100, 'hp': 0}, 'd_points': {'a': 0, 'h': 0, 'ap': 0, 'hp': 0}, 'o_time': {'a': '78.1%', 'h': '21.9%', 'ap': 78, 'hp': 22}, 'turnovers': {'a': 0, 'h': 1, 'ap': 0, 'hp': 100}, 'timeouts': {'a': 0, 'h': 0, 'ap': 0, 'hp': 0}, 'player_stats': {'a': {'10': {'name': 'Alexander Wojciechowski', 'goals': 1, 'assists': 0, 'total': 1}, '3': {'name': 'Janusz Czarnecki', 'goals': 0, 'assists': 1, 'total': 1}}, 'h': {}}}}
2025-11-28 23:52:05,250 - models.game_server - DEBUG - Preparing event: {'t': 32, 'e': 'h', 'y': 'T'}
2025-11-28 23:52:05,250 - models.game_server - DEBUG - Send ws message: {'type': 'scoreboard', 'subtype': 'turnover', 'data': {}, 'side': 'h'}
2025-11-28 23:52:05,250 - models.game_server - DEBUG - Send ws message: {'type': 'game', 'score_set': 1, 'data': {'a_score': '2', 'h_score': '0'}}
2025-11-28 23:52:05,250 - server.scores_server - DEBUG - Updated game time: 17643702877
2025-11-28 23:52:09,264 - server.scores_server - DEBUG - Checking for score updates...
2025-11-28 23:52:09,264 - server.scores_server - DEBUG - Current game time: 17643702877
2025-11-28 23:52:09,265 - urllib3.connectionpool - DEBUG - Starting new HTTPS connection (1): scores.frisbee.pl:443
2025-11-28 23:52:09,339 - urllib3.connectionpool - DEBUG - https://scores.frisbee.pl:443 "POST /test3/ext/watchlive.php/ HTTP/1.1" 200 161
2025-11-28 23:52:09,340 - server.scores_server - INFO - Scores request: {'ts': {'time': '0', 'ds': '17643702877', 'stop': False}, 'h': 1, 'a': 2, 'o': 'a', 'e': [{'t': 0, 'e': 'a', 'y': 'O'}, {'t': 25, 'e': 'a', 'a': 3, 's': 10, 'hs': '0', 'as': '1', 'y': 'S'}, {'t': 32, 'e': 'h', 'y': 'T'}, {'t': 35, 'e': 'a', 'a': 4, 's': 10, 'hs': '0', 'as': '2', 'y': 'S'}, {'t': 39, 'e': 'h', 'a': 34, 's': 57, 'hs': '1', 'as': '2', 'y': 'S'}]}
2025-11-28 23:52:09,340 - models.game_server - DEBUG - Setting timer with data: {'time': '0', 'ds': '17643702877', 'stop': False}, current game_time: 17643702877. Match info: False
2025-11-28 23:52:09,340 - models.game_server - DEBUG - Start detection - Timer offset: 42, Game time: 17643702877
2025-11-28 23:52:09,340 - models.game_server - DEBUG - Send ws message: {'type': 'game', 'running_timer_set': 1, 'timer_offset': 42}
2025-11-28 23:52:09,340 - models.game_server - DEBUG - Timer set complete, game_time: 17643702877
2025-11-28 23:52:09,341 - models.game_server - DEBUG - Send ws message: {'type': 'game', 'score_set': 1, 'data': {'a_score': '2', 'h_score': '0'}}
2025-11-28 23:52:09,341 - models.game_server - DEBUG - Send ws message: {'type': 'stats', 'stats_update': 1, 'stats_data': {'points': {'a': '2', 'h': '0', 'ap': 100, 'hp': 0}, 'o_points': {'a': 1, 'h': 0, 'ap': 100, 'hp': 0}, 'd_points': {'a': 1, 'h': 0, 'ap': 100, 'hp': 0}, 'o_time': {'a': '80.0%', 'h': '20.0%', 'ap': 80, 'hp': 20}, 'turnovers': {'a': 0, 'h': 1, 'ap': 0, 'hp': 100}, 'timeouts': {'a': 0, 'h': 0, 'ap': 0, 'hp': 0}, 'player_stats': {'a': {'10': {'name': 'Alexander Wojciechowski', 'goals': 2, 'assists': 0, 'total': 2}, '3': {'name': 'Janusz Czarnecki', 'goals': 0, 'assists': 1, 'total': 1}, '4': {'name': 'Marcelina Górecka', 'goals': 0, 'assists': 1, 'total': 1}}, 'h': {}}}}
2025-11-28 23:52:09,341 - models.game_server - DEBUG - Preparing event: {'t': 35, 'e': 'a', 'a': 4, 's': 10, 'hs': '0', 'as': '2', 'y': 'S'}
2025-11-28 23:52:09,341 - models.game_server - INFO - Score event: {'side': 'a', 'subtype': 'score', 'data': {'assist': '', 'assist_no': '4', 'scorer': '', 'scorer_no': '10', 'a_score': '2', 'h_score': '0'}}
2025-11-28 23:52:09,341 - models.game_server - DEBUG - Send ws message: {'type': 'scoreboard', 'subtype': 'score', 'data': {'assist': 'Marcelina Górecka', 'assist_no': '4', 'scorer': 'Alexander Wojciechowski', 'scorer_no': '10', 'a_score': '2', 'h_score': '0'}, 'side': 'a'}
2025-11-28 23:52:09,341 - models.game_server - DEBUG - Send ws message: {'type': 'game', 'score_set': 1, 'data': {'a_score': '2', 'h_score': '1'}}
2025-11-28 23:52:09,341 - models.game_server - DEBUG - Send ws message: {'type': 'stats', 'stats_update': 1, 'stats_data': {'points': {'a': '2', 'h': '1', 'ap': 67, 'hp': 33}, 'o_points': {'a': 1, 'h': 1, 'ap': 50, 'hp': 50}, 'd_points': {'a': 1, 'h': 0, 'ap': 100, 'hp': 0}, 'o_time': {'a': '71.8%', 'h': '28.2%', 'ap': 72, 'hp': 28}, 'turnovers': {'a': 0, 'h': 1, 'ap': 0, 'hp': 100}, 'timeouts': {'a': 0, 'h': 0, 'ap': 0, 'hp': 0}, 'player_stats': {'a': {'10': {'name': 'Alexander Wojciechowski', 'goals': 2, 'assists': 0, 'total': 2}, '3': {'name': 'Janusz Czarnecki', 'goals': 0, 'assists': 1, 'total': 1}, '4': {'name': 'Marcelina Górecka', 'goals': 0, 'assists': 1, 'total': 1}}, 'h': {'57': {'name': 'Konstanty Krawczyk', 'goals': 1, 'assists': 0, 'total': 1}, '34': {'name': 'Mateusz Mazurek', 'goals': 0, 'assists': 1, 'total': 1}}}}}
2025-11-28 23:52:09,341 - models.game_server - DEBUG - Preparing event: {'t': 39, 'e': 'h', 'a': 34, 's': 57, 'hs': '1', 'as': '2', 'y': 'S'}
2025-11-28 23:52:09,342 - models.game_server - INFO - Score event: {'side': 'h', 'subtype': 'score', 'data': {'assist': '', 'assist_no': '34', 'scorer': '', 'scorer_no': '57', 'a_score': '2', 'h_score': '1'}}
2025-11-28 23:52:09,342 - models.game_server - DEBUG - Send ws message: {'type': 'scoreboard', 'subtype': 'score', 'data': {'assist': 'Mateusz Mazurek', 'assist_no': '34', 'scorer': 'Konstanty Krawczyk', 'scorer_no': '57', 'a_score': '2', 'h_score': '1'}, 'side': 'h'}
2025-11-28 23:52:09,342 - server.scores_server - DEBUG - Updated game time: 17643702877
2025-11-28 23:52:13,355 - server.scores_server - DEBUG - Checking for score updates...
2025-11-28 23:52:13,355 - server.scores_server - DEBUG - Current game time: 17643702877
2025-11-28 23:52:13,355 - urllib3.connectionpool - DEBUG - Starting new HTTPS connection (1): scores.frisbee.pl:443
2025-11-28 23:52:13,433 - urllib3.connectionpool - DEBUG - https://scores.frisbee.pl:443 "POST /test3/ext/watchlive.php/ HTTP/1.1" 200 161
2025-11-28 23:52:13,435 - models.game_server - DEBUG - Setting timer with data: {'time': '0', 'ds': '17643702877', 'stop': False}, current game_time: 17643702877. Match info: False
2025-11-28 23:52:13,435 - models.game_server - DEBUG - Start detection - Timer offset: 46, Game time: 17643702877
2025-11-28 23:52:13,435 - models.game_server - DEBUG - Send ws message: {'type': 'game', 'running_timer_set': 1, 'timer_offset': 46}
2025-11-28 23:52:13,435 - models.game_server - DEBUG - Timer set complete, game_time: 17643702877
2025-11-28 23:52:13,435 - server.scores_server - DEBUG - Updated game time: 17643702877
2025-11-28 23:52:17,451 - server.scores_server - DEBUG - Checking for score updates...
2025-11-28 23:52:17,451 - server.scores_server - DEBUG - Current game time: 17643702877
2025-11-28 23:52:17,451 - urllib3.connectionpool - DEBUG - Starting new HTTPS connection (1): scores.frisbee.pl:443
2025-11-28 23:52:17,569 - urllib3.connectionpool - DEBUG - https://scores.frisbee.pl:443 "POST /test3/ext/watchlive.php/ HTTP/1.1" 200 161
2025-11-28 23:52:17,570 - server.scores_server - INFO - Scores request: {'ts': {'time': '0', 'ds': '17643702877', 'stop': False}, 'h': 1, 'a': 2, 'o': 'a', 'e': [{'t': 0, 'e': 'a', 'y': 'O'}, {'t': 25, 'e': 'a', 'a': 3, 's': 10, 'hs': '0', 'as': '1', 'y': 'S'}, {'t': 32, 'e': 'h', 'y': 'T'}, {'t': 35, 'e': 'a', 'a': 4, 's': 10, 'hs': '0', 'as': '2', 'y': 'S'}, {'t': 39, 'e': 'h', 'a': 34, 's': 57, 'hs': '1', 'as': '2', 'y': 'S'}]}
2025-11-28 23:52:17,570 - models.game_server - DEBUG - Setting timer with data: {'time': '0', 'ds': '17643702877', 'stop': False}, current game_time: 17643702877. Match info: False
2025-11-28 23:52:17,571 - models.game_server - DEBUG - Start detection - Timer offset: 50, Game time: 17643702877
2025-11-28 23:52:17,571 - models.game_server - DEBUG - Send ws message: {'type': 'game', 'running_timer_set': 1, 'timer_offset': 50}
2025-11-28 23:52:17,571 - models.game_server - DEBUG - Timer set complete, game_time: 17643702877
2025-11-28 23:52:17,571 - server.scores_server - DEBUG - Updated game time: 17643702877
2025-11-28 23:52:20,445 - server.scores_server - DEBUG - Checking for score updates...
2025-11-28 23:52:20,445 - server.scores_server - DEBUG - Current game time: 17643702877
2025-11-28 23:52:20,445 - urllib3.connectionpool - DEBUG - Starting new HTTPS connection (1): scores.frisbee.pl:443
2025-11-28 23:52:20,533 - urllib3.connectionpool - DEBUG - https://scores.frisbee.pl:443 "POST /test3/ext/watchlive.php/ HTTP/1.1" 200 161
2025-11-28 23:52:20,534 - models.game_server - DEBUG - Setting timer with data: {'time': '0', 'ds': '17643702877', 'stop': False}, current game_time: 17643702877. Match info: False
2025-11-28 23:52:20,534 - models.game_server - DEBUG - Start detection - Timer offset: 53, Game time: 17643702877
2025-11-28 23:52:20,534 - models.game_server - DEBUG - Send ws message: {'type': 'game', 'running_timer_set': 1, 'timer_offset': 53}
2025-11-28 23:52:20,534 - models.game_server - DEBUG - Timer set complete, game_time: 17643702877
2025-11-28 23:52:20,535 - server.scores_server - DEBUG - Updated game time: 17643702877
2025-11-28 23:52:24,552 - server.scores_server - DEBUG - Checking for score updates...
2025-11-28 23:52:24,552 - server.scores_server - DEBUG - Current game time: 17643702877
2025-11-28 23:52:24,553 - urllib3.connectionpool - DEBUG - Starting new HTTPS connection (1): scores.frisbee.pl:443
2025-11-28 23:52:24,680 - urllib3.connectionpool - DEBUG - https://scores.frisbee.pl:443 "POST /test3/ext/watchlive.php/ HTTP/1.1" 200 161
2025-11-28 23:52:24,681 - server.scores_server - INFO - Scores request: {'ts': {'time': '0', 'ds': '17643702877', 'stop': False}, 'h': 1, 'a': 2, 'o': 'a', 'e': [{'t': 0, 'e': 'a', 'y': 'O'}, {'t': 25, 'e': 'a', 'a': 3, 's': 10, 'hs': '0', 'as': '1', 'y': 'S'}, {'t': 32, 'e': 'h', 'y': 'T'}, {'t': 35, 'e': 'a', 'a': 4, 's': 10, 'hs': '0', 'as': '2', 'y': 'S'}, {'t': 39, 'e': 'h', 'a': 34, 's': 57, 'hs': '1', 'as': '2', 'y': 'S'}]}
2025-11-28 23:52:24,681 - models.game_server - DEBUG - Setting timer with data: {'time': '0', 'ds': '17643702877', 'stop': False}, current game_time: 17643702877. Match info: False
2025-11-28 23:52:24,681 - models.game_server - DEBUG - Start detection - Timer offset: 57, Game time: 17643702877
2025-11-28 23:52:24,681 - models.game_server - DEBUG - Send ws message: {'type': 'game', 'running_timer_set': 1, 'timer_offset': 57}
2025-11-28 23:52:24,681 - models.game_server - DEBUG - Timer set complete, game_time: 17643702877
2025-11-28 23:52:24,682 - server.scores_server - DEBUG - Updated game time: 17643702877
2025-11-28 23:52:28,700 - server.scores_server - DEBUG - Checking for score updates...
2025-11-28 23:52:28,700 - server.scores_server - DEBUG - Current game time: 17643702877
2025-11-28 23:52:28,701 - urllib3.connectionpool - DEBUG - Starting new HTTPS connection (1): scores.frisbee.pl:443
2025-11-28 23:52:28,788 - urllib3.connectionpool - DEBUG - https://scores.frisbee.pl:443 "POST /test3/ext/watchlive.php/ HTTP/1.1" 200 161
2025-11-28 23:52:28,790 - models.game_server - DEBUG - Setting timer with data: {'time': '0', 'ds': '17643702877', 'stop': False}, current game_time: 17643702877. Match info: False
2025-11-28 23:52:28,790 - models.game_server - DEBUG - Start detection - Timer offset: 61, Game time: 17643702877
2025-11-28 23:52:28,790 - models.game_server - DEBUG - Send ws message: {'type': 'game', 'running_timer_set': 1, 'timer_offset': 61}
2025-11-28 23:52:28,790 - models.game_server - DEBUG - Timer set complete, game_time: 17643702877
2025-11-28 23:52:28,790 - server.scores_server - DEBUG - Updated game time: 17643702877
2025-11-28 23:52:32,812 - server.scores_server - DEBUG - Checking for score updates...
2025-11-28 23:52:32,812 - server.scores_server - DEBUG - Current game time: 17643702877
2025-11-28 23:52:32,813 - urllib3.connectionpool - DEBUG - Starting new HTTPS connection (1): scores.frisbee.pl:443
2025-11-28 23:52:32,896 - urllib3.connectionpool - DEBUG - https://scores.frisbee.pl:443 "POST /test3/ext/watchlive.php/ HTTP/1.1" 200 161
2025-11-28 23:52:32,898 - server.scores_server - INFO - Scores request: {'ts': {'time': '0', 'ds': '17643702877', 'stop': False}, 'h': 1, 'a': 2, 'o': 'a', 'e': [{'t': 0, 'e': 'a', 'y': 'O'}, {'t': 25, 'e': 'a', 'a': 3, 's': 10, 'hs': '0', 'as': '1', 'y': 'S'}, {'t': 32, 'e': 'h', 'y': 'T'}, {'t': 35, 'e': 'a', 'a': 4, 's': 10, 'hs': '0', 'as': '2', 'y': 'S'}, {'t': 39, 'e': 'h', 'a': 34, 's': 57, 'hs': '1', 'as': '2', 'y': 'S'}]}
2025-11-28 23:52:32,898 - models.game_server - DEBUG - Setting timer with data: {'time': '0', 'ds': '17643702877', 'stop': False}, current game_time: 17643702877. Match info: False
2025-11-28 23:52:32,898 - models.game_server - DEBUG - Start detection - Timer offset: 65, Game time: 17643702877
2025-11-28 23:52:32,898 - models.game_server - DEBUG - Send ws message: {'type': 'game', 'running_timer_set': 1, 'timer_offset': 65}
2025-11-28 23:52:32,898 - models.game_server - DEBUG - Timer set complete, game_time: 17643702877
2025-11-28 23:52:32,898 - server.scores_server - DEBUG - Updated game time: 17643702877
2025-11-28 23:52:36,999 - server.scores_server - DEBUG - Checking for score updates...
2025-11-28 23:52:36,999 - server.scores_server - DEBUG - Current game time: 17643702877
2025-11-28 23:52:37,000 - urllib3.connectionpool - DEBUG - Starting new HTTPS connection (1): scores.frisbee.pl:443
2025-11-28 23:52:37,078 - urllib3.connectionpool - DEBUG - https://scores.frisbee.pl:443 "POST /test3/ext/watchlive.php/ HTTP/1.1" 200 161
2025-11-28 23:52:37,079 - models.game_server - DEBUG - Setting timer with data: {'time': '0', 'ds': '17643702877', 'stop': False}, current game_time: 17643702877. Match info: False
2025-11-28 23:52:37,079 - models.game_server - DEBUG - Start detection - Timer offset: 69, Game time: 17643702877
2025-11-28 23:52:37,079 - models.game_server - DEBUG - Send ws message: {'type': 'game', 'running_timer_set': 1, 'timer_offset': 69}
2025-11-28 23:52:37,080 - models.game_server - DEBUG - Timer set complete, game_time: 17643702877
2025-11-28 23:52:37,080 - server.scores_server - DEBUG - Updated game time: 17643702877
2025-11-28 23:52:41,188 - server.scores_server - DEBUG - Checking for score updates...
2025-11-28 23:52:41,188 - server.scores_server - DEBUG - Current game time: 17643702877
2025-11-28 23:52:41,189 - urllib3.connectionpool - DEBUG - Starting new HTTPS connection (1): scores.frisbee.pl:443
2025-11-28 23:52:41,309 - urllib3.connectionpool - DEBUG - https://scores.frisbee.pl:443 "POST /test3/ext/watchlive.php/ HTTP/1.1" 200 161
2025-11-28 23:52:41,310 - server.scores_server - INFO - Scores request: {'ts': {'time': '0', 'ds': '17643702877', 'stop': False}, 'h': 1, 'a': 2, 'o': 'a', 'e': [{'t': 0, 'e': 'a', 'y': 'O'}, {'t': 25, 'e': 'a', 'a': 3, 's': 10, 'hs': '0', 'as': '1', 'y': 'S'}, {'t': 32, 'e': 'h', 'y': 'T'}, {'t': 35, 'e': 'a', 'a': 4, 's': 10, 'hs': '0', 'as': '2', 'y': 'S'}, {'t': 39, 'e': 'h', 'a': 34, 's': 57, 'hs': '1', 'as': '2', 'y': 'S'}]}
2025-11-28 23:52:41,310 - models.game_server - DEBUG - Setting timer with data: {'time': '0', 'ds': '17643702877', 'stop': False}, current game_time: 17643702877. Match info: False
2025-11-28 23:52:41,310 - models.game_server - DEBUG - Start detection - Timer offset: 74, Game time: 17643702877
2025-11-28 23:52:41,310 - models.game_server - DEBUG - Send ws message: {'type': 'game', 'running_timer_set': 1, 'timer_offset': 74}
2025-11-28 23:52:41,311 - models.game_server - DEBUG - Timer set complete, game_time: 17643702877
2025-11-28 23:52:41,311 - server.scores_server - DEBUG - Updated game time: 17643702877
2025-11-28 23:52:45,426 - server.scores_server - DEBUG - Checking for score updates...
2025-11-28 23:52:45,426 - server.scores_server - DEBUG - Current game time: 17643702877
2025-11-28 23:52:45,427 - urllib3.connectionpool - DEBUG - Starting new HTTPS connection (1): scores.frisbee.pl:443
2025-11-28 23:52:45,518 - urllib3.connectionpool - DEBUG - https://scores.frisbee.pl:443 "POST /test3/ext/watchlive.php/ HTTP/1.1" 200 161
2025-11-28 23:52:45,519 - models.game_server - DEBUG - Setting timer with data: {'time': '0', 'ds': '17643702877', 'stop': False}, current game_time: 17643702877. Match info: False
2025-11-28 23:52:45,519 - models.game_server - DEBUG - Start detection - Timer offset: 78, Game time: 17643702877
2025-11-28 23:52:45,519 - models.game_server - DEBUG - Send ws message: {'type': 'game', 'running_timer_set': 1, 'timer_offset': 78}
2025-11-28 23:52:45,519 - models.game_server - DEBUG - Timer set complete, game_time: 17643702877
2025-11-28 23:52:45,519 - server.scores_server - DEBUG - Updated game time: 17643702877
2025-11-28 23:52:48,386 - server.scores_server - DEBUG - Checking for score updates...
2025-11-28 23:52:48,387 - server.scores_server - DEBUG - Current game time: 17643702877
2025-11-28 23:52:48,387 - urllib3.connectionpool - DEBUG - Starting new HTTPS connection (1): scores.frisbee.pl:443
2025-11-28 23:52:48,480 - urllib3.connectionpool - DEBUG - https://scores.frisbee.pl:443 "POST /test3/ext/watchlive.php/ HTTP/1.1" 200 161
2025-11-28 23:52:48,482 - server.scores_server - INFO - Scores request: {'ts': {'time': '0', 'ds': '17643702877', 'stop': False}, 'h': 1, 'a': 2, 'o': 'a', 'e': [{'t': 0, 'e': 'a', 'y': 'O'}, {'t': 25, 'e': 'a', 'a': 3, 's': 10, 'hs': '0', 'as': '1', 'y': 'S'}, {'t': 32, 'e': 'h', 'y': 'T'}, {'t': 35, 'e': 'a', 'a': 4, 's': 10, 'hs': '0', 'as': '2', 'y': 'S'}, {'t': 39, 'e': 'h', 'a': 34, 's': 57, 'hs': '1', 'as': '2', 'y': 'S'}]}
2025-11-28 23:52:48,482 - models.game_server - DEBUG - Setting timer with data: {'time': '0', 'ds': '17643702877', 'stop': False}, current game_time: 17643702877. Match info: False
2025-11-28 23:52:48,482 - models.game_server - DEBUG - Start detection - Timer offset: 81, Game time: 17643702877
2025-11-28 23:52:48,482 - models.game_server - DEBUG - Send ws message: {'type': 'game', 'running_timer_set': 1, 'timer_offset': 81}
2025-11-28 23:52:48,482 - models.game_server - DEBUG - Timer set complete, game_time: 17643702877
2025-11-28 23:52:48,483 - server.scores_server - DEBUG - Updated game time: 17643702877
2025-11-28 23:52:52,543 - server.scores_server - DEBUG - Checking for score updates...
2025-11-28 23:52:52,543 - server.scores_server - DEBUG - Current game time: 17643702877
2025-11-28 23:52:52,544 - urllib3.connectionpool - DEBUG - Starting new HTTPS connection (1): scores.frisbee.pl:443
2025-11-28 23:52:52,637 - urllib3.connectionpool - DEBUG - https://scores.frisbee.pl:443 "POST /test3/ext/watchlive.php/ HTTP/1.1" 200 161
2025-11-28 23:52:52,638 - models.game_server - DEBUG - Setting timer with data: {'time': '0', 'ds': '17643702877', 'stop': False}, current game_time: 17643702877. Match info: False
2025-11-28 23:52:52,638 - models.game_server - DEBUG - Start detection - Timer offset: 85, Game time: 17643702877
2025-11-28 23:52:52,638 - models.game_server - DEBUG - Send ws message: {'type': 'game', 'running_timer_set': 1, 'timer_offset': 85}
2025-11-28 23:52:52,638 - models.game_server - DEBUG - Timer set complete, game_time: 17643702877
2025-11-28 23:52:52,639 - server.scores_server - DEBUG - Updated game time: 17643702877
2025-11-28 23:52:56,715 - server.scores_server - DEBUG - Checking for score updates...
2025-11-28 23:52:56,716 - server.scores_server - DEBUG - Current game time: 17643702877
2025-11-28 23:52:56,716 - urllib3.connectionpool - DEBUG - Starting new HTTPS connection (1): scores.frisbee.pl:443
2025-11-28 23:52:56,816 - urllib3.connectionpool - DEBUG - https://scores.frisbee.pl:443 "POST /test3/ext/watchlive.php/ HTTP/1.1" 200 161
2025-11-28 23:52:56,817 - server.scores_server - INFO - Scores request: {'ts': {'time': '0', 'ds': '17643702877', 'stop': False}, 'h': 1, 'a': 2, 'o': 'a', 'e': [{'t': 0, 'e': 'a', 'y': 'O'}, {'t': 25, 'e': 'a', 'a': 3, 's': 10, 'hs': '0', 'as': '1', 'y': 'S'}, {'t': 32, 'e': 'h', 'y': 'T'}, {'t': 35, 'e': 'a', 'a': 4, 's': 10, 'hs': '0', 'as': '2', 'y': 'S'}, {'t': 39, 'e': 'h', 'a': 34, 's': 57, 'hs': '1', 'as': '2', 'y': 'S'}]}
2025-11-28 23:52:56,817 - models.game_server - DEBUG - Setting timer with data: {'time': '0', 'ds': '17643702877', 'stop': False}, current game_time: 17643702877. Match info: False
2025-11-28 23:52:56,818 - models.game_server - DEBUG - Start detection - Timer offset: 89, Game time: 17643702877
2025-11-28 23:52:56,818 - models.game_server - DEBUG - Send ws message: {'type': 'game', 'running_timer_set': 1, 'timer_offset': 89}
2025-11-28 23:52:56,818 - models.game_server - DEBUG - Timer set complete, game_time: 17643702877
2025-11-28 23:52:56,818 - server.scores_server - DEBUG - Updated game time: 17643702877
2025-11-28 23:53:00,970 - server.scores_server - DEBUG - Checking for score updates...
2025-11-28 23:53:00,970 - server.scores_server - DEBUG - Current game time: 17643702877
2025-11-28 23:53:00,971 - urllib3.connectionpool - DEBUG - Starting new HTTPS connection (1): scores.frisbee.pl:443
2025-11-28 23:53:01,050 - urllib3.connectionpool - DEBUG - https://scores.frisbee.pl:443 "POST /test3/ext/watchlive.php/ HTTP/1.1" 200 161
2025-11-28 23:53:01,052 - models.game_server - DEBUG - Setting timer with data: {'time': '0', 'ds': '17643702877', 'stop': False}, current game_time: 17643702877. Match info: False
2025-11-28 23:53:01,052 - models.game_server - DEBUG - Start detection - Timer offset: 93, Game time: 17643702877
2025-11-28 23:53:01,052 - models.game_server - DEBUG - Send ws message: {'type': 'game', 'running_timer_set': 1, 'timer_offset': 93}
2025-11-28 23:53:01,052 - models.game_server - DEBUG - Timer set complete, game_time: 17643702877
2025-11-28 23:53:01,052 - server.scores_server - DEBUG - Updated game time: 17643702877
2025-11-28 23:53:05,156 - server.scores_server - DEBUG - Checking for score updates...
2025-11-28 23:53:05,156 - server.scores_server - DEBUG - Current game time: 17643702877
2025-11-28 23:53:05,157 - urllib3.connectionpool - DEBUG - Starting new HTTPS connection (1): scores.frisbee.pl:443
2025-11-28 23:53:05,239 - urllib3.connectionpool - DEBUG - https://scores.frisbee.pl:443 "POST /test3/ext/watchlive.php/ HTTP/1.1" 200 161
2025-11-28 23:53:05,240 - server.scores_server - INFO - Scores request: {'ts': {'time': '0', 'ds': '17643702877', 'stop': False}, 'h': 1, 'a': 2, 'o': 'a', 'e': [{'t': 0, 'e': 'a', 'y': 'O'}, {'t': 25, 'e': 'a', 'a': 3, 's': 10, 'hs': '0', 'as': '1', 'y': 'S'}, {'t': 32, 'e': 'h', 'y': 'T'}, {'t': 35, 'e': 'a', 'a': 4, 's': 10, 'hs': '0', 'as': '2', 'y': 'S'}, {'t': 39, 'e': 'h', 'a': 34, 's': 57, 'hs': '1', 'as': '2', 'y': 'S'}]}
2025-11-28 23:53:05,241 - models.game_server - DEBUG - Setting timer with data: {'time': '0', 'ds': '17643702877', 'stop': False}, current game_time: 17643702877. Match info: False
2025-11-28 23:53:05,241 - models.game_server - DEBUG - Start detection - Timer offset: 98, Game time: 17643702877
2025-11-28 23:53:05,241 - models.game_server - DEBUG - Send ws message: {'type': 'game', 'running_timer_set': 1, 'timer_offset': 98}
2025-11-28 23:53:05,241 - models.game_server - DEBUG - Timer set complete, game_time: 17643702877
2025-11-28 23:53:05,241 - server.scores_server - DEBUG - Updated game time: 17643702877
2025-11-28 23:53:09,247 - server.scores_server - DEBUG - Checking for score updates...
2025-11-28 23:53:09,247 - server.scores_server - DEBUG - Current game time: 17643702877
2025-11-28 23:53:09,248 - urllib3.connectionpool - DEBUG - Starting new HTTPS connection (1): scores.frisbee.pl:443
2025-11-28 23:53:09,343 - urllib3.connectionpool - DEBUG - https://scores.frisbee.pl:443 "POST /test3/ext/watchlive.php/ HTTP/1.1" 200 161
2025-11-28 23:53:09,344 - models.game_server - DEBUG - Setting timer with data: {'time': '0', 'ds': '17643702877', 'stop': False}, current game_time: 17643702877. Match info: False
2025-11-28 23:53:09,345 - models.game_server - DEBUG - Start detection - Timer offset: 102, Game time: 17643702877
2025-11-28 23:53:09,345 - models.game_server - DEBUG - Send ws message: {'type': 'game', 'running_timer_set': 1, 'timer_offset': 102}
2025-11-28 23:53:09,345 - models.game_server - DEBUG - Timer set complete, game_time: 17643702877
2025-11-28 23:53:09,345 - server.scores_server - DEBUG - Updated game time: 17643702877
2025-11-28 23:53:13,351 - server.scores_server - DEBUG - Checking for score updates...
2025-11-28 23:53:13,351 - server.scores_server - DEBUG - Current game time: 17643702877
2025-11-28 23:53:13,352 - urllib3.connectionpool - DEBUG - Starting new HTTPS connection (1): scores.frisbee.pl:443
2025-11-28 23:53:13,441 - urllib3.connectionpool - DEBUG - https://scores.frisbee.pl:443 "POST /test3/ext/watchlive.php/ HTTP/1.1" 200 161
2025-11-28 23:53:13,442 - server.scores_server - INFO - Scores request: {'ts': {'time': '0', 'ds': '17643702877', 'stop': False}, 'h': 1, 'a': 2, 'o': 'a', 'e': [{'t': 0, 'e': 'a', 'y': 'O'}, {'t': 25, 'e': 'a', 'a': 3, 's': 10, 'hs': '0', 'as': '1', 'y': 'S'}, {'t': 32, 'e': 'h', 'y': 'T'}, {'t': 35, 'e': 'a', 'a': 4, 's': 10, 'hs': '0', 'as': '2', 'y': 'S'}, {'t': 39, 'e': 'h', 'a': 34, 's': 57, 'hs': '1', 'as': '2', 'y': 'S'}]}
2025-11-28 23:53:13,442 - models.game_server - DEBUG - Setting timer with data: {'time': '0', 'ds': '17643702877', 'stop': False}, current game_time: 17643702877. Match info: False
2025-11-28 23:53:13,442 - models.game_server - DEBUG - Start detection - Timer offset: 106, Game time: 17643702877
2025-11-28 23:53:13,442 - models.game_server - DEBUG - Send ws message: {'type': 'game', 'running_timer_set': 1, 'timer_offset': 106}
2025-11-28 23:53:13,443 - models.game_server - DEBUG - Timer set complete, game_time: 17643702877
2025-11-28 23:53:13,443 - server.scores_server - DEBUG - Updated game time: 17643702877
2025-11-28 23:53:17,449 - server.scores_server - DEBUG - Checking for score updates...
2025-11-28 23:53:17,449 - server.scores_server - DEBUG - Current game time: 17643702877
2025-11-28 23:53:17,450 - urllib3.connectionpool - DEBUG - Starting new HTTPS connection (1): scores.frisbee.pl:443
2025-11-28 23:53:17,518 - urllib3.connectionpool - DEBUG - https://scores.frisbee.pl:443 "POST /test3/ext/watchlive.php/ HTTP/1.1" 200 161
2025-11-28 23:53:17,519 - models.game_server - DEBUG - Setting timer with data: {'time': '0', 'ds': '17643702877', 'stop': False}, current game_time: 17643702877. Match info: False
2025-11-28 23:53:17,519 - models.game_server - DEBUG - Start detection - Timer offset: 110, Game time: 17643702877
2025-11-28 23:53:17,519 - models.game_server - DEBUG - Send ws message: {'type': 'game', 'running_timer_set': 1, 'timer_offset': 110}
2025-11-28 23:53:17,519 - models.game_server - DEBUG - Timer set complete, game_time: 17643702877
2025-11-28 23:53:17,519 - server.scores_server - DEBUG - Updated game time: 17643702877
2025-11-28 23:53:20,312 - server.scores_server - DEBUG - Checking for score updates...
2025-11-28 23:53:20,312 - server.scores_server - DEBUG - Current game time: 17643702877
2025-11-28 23:53:20,313 - urllib3.connectionpool - DEBUG - Starting new HTTPS connection (1): scores.frisbee.pl:443
2025-11-28 23:53:20,405 - urllib3.connectionpool - DEBUG - https://scores.frisbee.pl:443 "POST /test3/ext/watchlive.php/ HTTP/1.1" 200 161
2025-11-28 23:53:20,406 - server.scores_server - INFO - Scores request: {'ts': {'time': '0', 'ds': '17643702877', 'stop': False}, 'h': 1, 'a': 2, 'o': 'a', 'e': [{'t': 0, 'e': 'a', 'y': 'O'}, {'t': 25, 'e': 'a', 'a': 3, 's': 10, 'hs': '0', 'as': '1', 'y': 'S'}, {'t': 32, 'e': 'h', 'y': 'T'}, {'t': 35, 'e': 'a', 'a': 4, 's': 10, 'hs': '0', 'as': '2', 'y': 'S'}, {'t': 39, 'e': 'h', 'a': 34, 's': 57, 'hs': '1', 'as': '2', 'y': 'S'}]}
2025-11-28 23:53:20,406 - models.game_server - DEBUG - Setting timer with data: {'time': '0', 'ds': '17643702877', 'stop': False}, current game_time: 17643702877. Match info: False
2025-11-28 23:53:20,406 - models.game_server - DEBUG - Start detection - Timer offset: 113, Game time: 17643702877
2025-11-28 23:53:20,406 - models.game_server - DEBUG - Send ws message: {'type': 'game', 'running_timer_set': 1, 'timer_offset': 113}
2025-11-28 23:53:20,406 - models.game_server - DEBUG - Timer set complete, game_time: 17643702877
2025-11-28 23:53:20,407 - server.scores_server - DEBUG - Updated game time: 17643702877
2025-11-28 23:53:24,415 - server.scores_server - DEBUG - Checking for score updates...
2025-11-28 23:53:24,415 - server.scores_server - DEBUG - Current game time: 17643702877
2025-11-28 23:53:24,415 - urllib3.connectionpool - DEBUG - Starting new HTTPS connection (1): scores.frisbee.pl:443
2025-11-28 23:53:24,545 - urllib3.connectionpool - DEBUG - https://scores.frisbee.pl:443 "POST /test3/ext/watchlive.php/ HTTP/1.1" 200 161
2025-11-28 23:53:24,546 - models.game_server - DEBUG - Setting timer with data: {'time': '0', 'ds': '17643702877', 'stop': False}, current game_time: 17643702877. Match info: False
2025-11-28 23:53:24,547 - models.game_server - DEBUG - Start detection - Timer offset: 117, Game time: 17643702877
2025-11-28 23:53:24,547 - models.game_server - DEBUG - Send ws message: {'type': 'game', 'running_timer_set': 1, 'timer_offset': 117}
2025-11-28 23:53:24,547 - models.game_server - DEBUG - Timer set complete, game_time: 17643702877
2025-11-28 23:53:24,547 - server.scores_server - DEBUG - Updated game time: 17643702877
2025-11-28 23:53:28,560 - server.scores_server - DEBUG - Checking for score updates...
2025-11-28 23:53:28,560 - server.scores_server - DEBUG - Current game time: 17643702877
2025-11-28 23:53:28,561 - urllib3.connectionpool - DEBUG - Starting new HTTPS connection (1): scores.frisbee.pl:443
2025-11-28 23:53:28,662 - urllib3.connectionpool - DEBUG - https://scores.frisbee.pl:443 "POST /test3/ext/watchlive.php/ HTTP/1.1" 200 161
2025-11-28 23:53:28,663 - server.scores_server - INFO - Scores request: {'ts': {'time': '0', 'ds': '17643702877', 'stop': False}, 'h': 1, 'a': 2, 'o': 'a', 'e': [{'t': 0, 'e': 'a', 'y': 'O'}, {'t': 25, 'e': 'a', 'a': 3, 's': 10, 'hs': '0', 'as': '1', 'y': 'S'}, {'t': 32, 'e': 'h', 'y': 'T'}, {'t': 35, 'e': 'a', 'a': 4, 's': 10, 'hs': '0', 'as': '2', 'y': 'S'}, {'t': 39, 'e': 'h', 'a': 34, 's': 57, 'hs': '1', 'as': '2', 'y': 'S'}]}
2025-11-28 23:53:28,663 - models.game_server - DEBUG - Setting timer with data: {'time': '0', 'ds': '17643702877', 'stop': False}, current game_time: 17643702877. Match info: False
2025-11-28 23:53:28,663 - models.game_server - DEBUG - Start detection - Timer offset: 121, Game time: 17643702877
2025-11-28 23:53:28,663 - models.game_server - DEBUG - Send ws message: {'type': 'game', 'running_timer_set': 1, 'timer_offset': 121}
2025-11-28 23:53:28,663 - models.game_server - DEBUG - Timer set complete, game_time: 17643702877
2025-11-28 23:53:28,663 - server.scores_server - DEBUG - Updated game time: 17643702877
2025-11-28 23:53:32,666 - server.scores_server - DEBUG - Checking for score updates...
2025-11-28 23:53:32,667 - server.scores_server - DEBUG - Current game time: 17643702877
2025-11-28 23:53:32,667 - urllib3.connectionpool - DEBUG - Starting new HTTPS connection (1): scores.frisbee.pl:443
2025-11-28 23:53:32,766 - urllib3.connectionpool - DEBUG - https://scores.frisbee.pl:443 "POST /test3/ext/watchlive.php/ HTTP/1.1" 200 161
2025-11-28 23:53:32,768 - models.game_server - DEBUG - Setting timer with data: {'time': '0', 'ds': '17643702877', 'stop': False}, current game_time: 17643702877. Match info: False
2025-11-28 23:53:32,768 - models.game_server - DEBUG - Start detection - Timer offset: 125, Game time: 17643702877
2025-11-28 23:53:32,768 - models.game_server - DEBUG - Send ws message: {'type': 'game', 'running_timer_set': 1, 'timer_offset': 125}
2025-11-28 23:53:32,768 - models.game_server - DEBUG - Timer set complete, game_time: 17643702877
2025-11-28 23:53:32,768 - server.scores_server - DEBUG - Updated game time: 17643702877
2025-11-28 23:53:36,774 - server.scores_server - DEBUG - Checking for score updates...
2025-11-28 23:53:36,774 - server.scores_server - DEBUG - Current game time: 17643702877
2025-11-28 23:53:36,775 - urllib3.connectionpool - DEBUG - Starting new HTTPS connection (1): scores.frisbee.pl:443
2025-11-28 23:53:36,853 - urllib3.connectionpool - DEBUG - https://scores.frisbee.pl:443 "POST /test3/ext/watchlive.php/ HTTP/1.1" 200 161
2025-11-28 23:53:36,854 - server.scores_server - INFO - Scores request: {'ts': {'time': '0', 'ds': '17643702877', 'stop': False}, 'h': 1, 'a': 2, 'o': 'a', 'e': [{'t': 0, 'e': 'a', 'y': 'O'}, {'t': 25, 'e': 'a', 'a': 3, 's': 10, 'hs': '0', 'as': '1', 'y': 'S'}, {'t': 32, 'e': 'h', 'y': 'T'}, {'t': 35, 'e': 'a', 'a': 4, 's': 10, 'hs': '0', 'as': '2', 'y': 'S'}, {'t': 39, 'e': 'h', 'a': 34, 's': 57, 'hs': '1', 'as': '2', 'y': 'S'}]}
2025-11-28 23:53:36,854 - models.game_server - DEBUG - Setting timer with data: {'time': '0', 'ds': '17643702877', 'stop': False}, current game_time: 17643702877. Match info: False
2025-11-28 23:53:36,855 - models.game_server - DEBUG - Start detection - Timer offset: 129, Game time: 17643702877
2025-11-28 23:53:36,855 - models.game_server - DEBUG - Send ws message: {'type': 'game', 'running_timer_set': 1, 'timer_offset': 129}
2025-11-28 23:53:36,855 - models.game_server - DEBUG - Timer set complete, game_time: 17643702877
2025-11-28 23:53:36,855 - server.scores_server - DEBUG - Updated game time: 17643702877
2025-11-28 23:53:40,859 - server.scores_server - DEBUG - Checking for score updates...
2025-11-28 23:53:40,859 - server.scores_server - DEBUG - Current game time: 17643702877
2025-11-28 23:53:40,859 - urllib3.connectionpool - DEBUG - Starting new HTTPS connection (1): scores.frisbee.pl:443
2025-11-28 23:53:40,940 - urllib3.connectionpool - DEBUG - https://scores.frisbee.pl:443 "POST /test3/ext/watchlive.php/ HTTP/1.1" 200 161
2025-11-28 23:53:40,942 - models.game_server - DEBUG - Setting timer with data: {'time': '0', 'ds': '17643702877', 'stop': False}, current game_time: 17643702877. Match info: False
2025-11-28 23:53:40,942 - models.game_server - DEBUG - Start detection - Timer offset: 133, Game time: 17643702877
2025-11-28 23:53:40,942 - models.game_server - DEBUG - Send ws message: {'type': 'game', 'running_timer_set': 1, 'timer_offset': 133}
2025-11-28 23:53:40,942 - models.game_server - DEBUG - Timer set complete, game_time: 17643702877
2025-11-28 23:53:40,942 - server.scores_server - DEBUG - Updated game time: 17643702877
2025-11-28 23:53:44,944 - server.scores_server - DEBUG - Checking for score updates...
2025-11-28 23:53:44,944 - server.scores_server - DEBUG - Current game time: 17643702877
2025-11-28 23:53:44,945 - urllib3.connectionpool - DEBUG - Starting new HTTPS connection (1): scores.frisbee.pl:443
2025-11-28 23:53:45,025 - urllib3.connectionpool - DEBUG - https://scores.frisbee.pl:443 "POST /test3/ext/watchlive.php/ HTTP/1.1" 200 161
2025-11-28 23:53:45,026 - server.scores_server - INFO - Scores request: {'ts': {'time': '0', 'ds': '17643702877', 'stop': False}, 'h': 1, 'a': 2, 'o': 'a', 'e': [{'t': 0, 'e': 'a', 'y': 'O'}, {'t': 25, 'e': 'a', 'a': 3, 's': 10, 'hs': '0', 'as': '1', 'y': 'S'}, {'t': 32, 'e': 'h', 'y': 'T'}, {'t': 35, 'e': 'a', 'a': 4, 's': 10, 'hs': '0', 'as': '2', 'y': 'S'}, {'t': 39, 'e': 'h', 'a': 34, 's': 57, 'hs': '1', 'as': '2', 'y': 'S'}]}
2025-11-28 23:53:45,026 - models.game_server - DEBUG - Setting timer with data: {'time': '0', 'ds': '17643702877', 'stop': False}, current game_time: 17643702877. Match info: False
2025-11-28 23:53:45,027 - models.game_server - DEBUG - Start detection - Timer offset: 137, Game time: 17643702877
2025-11-28 23:53:45,027 - models.game_server - DEBUG - Send ws message: {'type': 'game', 'running_timer_set': 1, 'timer_offset': 137}
2025-11-28 23:53:45,027 - models.game_server - DEBUG - Timer set complete, game_time: 17643702877
2025-11-28 23:53:45,027 - server.scores_server - DEBUG - Updated game time: 17643702877
2025-11-28 23:53:49,029 - server.scores_server - DEBUG - Checking for score updates...
2025-11-28 23:53:49,029 - server.scores_server - DEBUG - Current game time: 17643702877
2025-11-28 23:53:49,030 - urllib3.connectionpool - DEBUG - Starting new HTTPS connection (1): scores.frisbee.pl:443
2025-11-28 23:53:49,120 - urllib3.connectionpool - DEBUG - https://scores.frisbee.pl:443 "POST /test3/ext/watchlive.php/ HTTP/1.1" 200 161
2025-11-28 23:53:49,122 - models.game_server - DEBUG - Setting timer with data: {'time': '0', 'ds': '17643702877', 'stop': False}, current game_time: 17643702877. Match info: False
2025-11-28 23:53:49,122 - models.game_server - DEBUG - Start detection - Timer offset: 141, Game time: 17643702877
2025-11-28 23:53:49,122 - models.game_server - DEBUG - Send ws message: {'type': 'game', 'running_timer_set': 1, 'timer_offset': 141}
2025-11-28 23:53:49,122 - models.game_server - DEBUG - Timer set complete, game_time: 17643702877
2025-11-28 23:53:49,122 - server.scores_server - DEBUG - Updated game time: 17643702877
2025-11-28 23:53:51,833 - server.scores_server - DEBUG - Checking for score updates...
2025-11-28 23:53:51,834 - server.scores_server - DEBUG - Current game time: 17643702877
2025-11-28 23:53:51,834 - urllib3.connectionpool - DEBUG - Starting new HTTPS connection (1): scores.frisbee.pl:443
2025-11-28 23:53:51,922 - urllib3.connectionpool - DEBUG - https://scores.frisbee.pl:443 "POST /test3/ext/watchlive.php/ HTTP/1.1" 200 161
2025-11-28 23:53:51,923 - server.scores_server - INFO - Scores request: {'ts': {'time': '0', 'ds': '17643702877', 'stop': False}, 'h': 1, 'a': 2, 'o': 'a', 'e': [{'t': 0, 'e': 'a', 'y': 'O'}, {'t': 25, 'e': 'a', 'a': 3, 's': 10, 'hs': '0', 'as': '1', 'y': 'S'}, {'t': 32, 'e': 'h', 'y': 'T'}, {'t': 35, 'e': 'a', 'a': 4, 's': 10, 'hs': '0', 'as': '2', 'y': 'S'}, {'t': 39, 'e': 'h', 'a': 34, 's': 57, 'hs': '1', 'as': '2', 'y': 'S'}]}
2025-11-28 23:53:51,923 - models.game_server - DEBUG - Setting timer with data: {'time': '0', 'ds': '17643702877', 'stop': False}, current game_time: 17643702877. Match info: False
2025-11-28 23:53:51,923 - models.game_server - DEBUG - Start detection - Timer offset: 144, Game time: 17643702877
2025-11-28 23:53:51,923 - models.game_server - DEBUG - Send ws message: {'type': 'game', 'running_timer_set': 1, 'timer_offset': 144}
2025-11-28 23:53:51,923 - models.game_server - DEBUG - Timer set complete, game_time: 17643702877
2025-11-28 23:53:51,924 - server.scores_server - DEBUG - Updated game time: 17643702877
2025-11-28 23:53:55,928 - server.scores_server - DEBUG - Checking for score updates...
2025-11-28 23:53:55,928 - server.scores_server - DEBUG - Current game time: 17643702877
2025-11-28 23:53:55,929 - urllib3.connectionpool - DEBUG - Starting new HTTPS connection (1): scores.frisbee.pl:443
2025-11-28 23:53:56,008 - urllib3.connectionpool - DEBUG - https://scores.frisbee.pl:443 "POST /test3/ext/watchlive.php/ HTTP/1.1" 200 161
2025-11-28 23:53:56,010 - models.game_server - DEBUG - Setting timer with data: {'time': '0', 'ds': '17643702877', 'stop': False}, current game_time: 17643702877. Match info: False
2025-11-28 23:53:56,010 - models.game_server - DEBUG - Start detection - Timer offset: 148, Game time: 17643702877
2025-11-28 23:53:56,010 - models.game_server - DEBUG - Send ws message: {'type': 'game', 'running_timer_set': 1, 'timer_offset': 148}
2025-11-28 23:53:56,010 - models.game_server - DEBUG - Timer set complete, game_time: 17643702877
2025-11-28 23:53:56,011 - server.scores_server - DEBUG - Updated game time: 17643702877
2025-11-28 23:54:00,014 - server.scores_server - DEBUG - Checking for score updates...
2025-11-28 23:54:00,015 - server.scores_server - DEBUG - Current game time: 17643702877
2025-11-28 23:54:00,015 - urllib3.connectionpool - DEBUG - Starting new HTTPS connection (1): scores.frisbee.pl:443
2025-11-28 23:54:00,094 - urllib3.connectionpool - DEBUG - https://scores.frisbee.pl:443 "POST /test3/ext/watchlive.php/ HTTP/1.1" 200 161
2025-11-28 23:54:00,095 - server.scores_server - INFO - Scores request: {'ts': {'time': '0', 'ds': '17643702877', 'stop': False}, 'h': 1, 'a': 2, 'o': 'a', 'e': [{'t': 0, 'e': 'a', 'y': 'O'}, {'t': 25, 'e': 'a', 'a': 3, 's': 10, 'hs': '0', 'as': '1', 'y': 'S'}, {'t': 32, 'e': 'h', 'y': 'T'}, {'t': 35, 'e': 'a', 'a': 4, 's': 10, 'hs': '0', 'as': '2', 'y': 'S'}, {'t': 39, 'e': 'h', 'a': 34, 's': 57, 'hs': '1', 'as': '2', 'y': 'S'}]}
2025-11-28 23:54:00,095 - models.game_server - DEBUG - Setting timer with data: {'time': '0', 'ds': '17643702877', 'stop': False}, current game_time: 17643702877. Match info: False
2025-11-28 23:54:00,095 - models.game_server - DEBUG - Start detection - Timer offset: 152, Game time: 17643702877
2025-11-28 23:54:00,095 - models.game_server - DEBUG - Send ws message: {'type': 'game', 'running_timer_set': 1, 'timer_offset': 152}
2025-11-28 23:54:00,095 - models.game_server - DEBUG - Timer set complete, game_time: 17643702877
2025-11-28 23:54:00,095 - server.scores_server - DEBUG - Updated game time: 17643702877
2025-11-28 23:54:04,117 - server.scores_server - DEBUG - Checking for score updates...
2025-11-28 23:54:04,117 - server.scores_server - DEBUG - Current game time: 17643702877
2025-11-28 23:54:04,118 - urllib3.connectionpool - DEBUG - Starting new HTTPS connection (1): scores.frisbee.pl:443
2025-11-28 23:54:04,213 - urllib3.connectionpool - DEBUG - https://scores.frisbee.pl:443 "POST /test3/ext/watchlive.php/ HTTP/1.1" 200 161
2025-11-28 23:54:04,215 - models.game_server - DEBUG - Setting timer with data: {'time': '0', 'ds': '17643702877', 'stop': False}, current game_time: 17643702877. Match info: False
2025-11-28 23:54:04,215 - models.game_server - DEBUG - Start detection - Timer offset: 157, Game time: 17643702877
2025-11-28 23:54:04,215 - models.game_server - DEBUG - Send ws message: {'type': 'game', 'running_timer_set': 1, 'timer_offset': 157}
2025-11-28 23:54:04,215 - models.game_server - DEBUG - Timer set complete, game_time: 17643702877
2025-11-28 23:54:04,215 - server.scores_server - DEBUG - Updated game time: 17643702877
2025-11-28 23:54:08,218 - server.scores_server - DEBUG - Checking for score updates...
2025-11-28 23:54:08,218 - server.scores_server - DEBUG - Current game time: 17643702877
2025-11-28 23:54:08,218 - urllib3.connectionpool - DEBUG - Starting new HTTPS connection (1): scores.frisbee.pl:443
2025-11-28 23:54:08,315 - urllib3.connectionpool - DEBUG - https://scores.frisbee.pl:443 "POST /test3/ext/watchlive.php/ HTTP/1.1" 200 161
2025-11-28 23:54:08,316 - server.scores_server - INFO - Scores request: {'ts': {'time': '0', 'ds': '17643702877', 'stop': False}, 'h': 1, 'a': 2, 'o': 'a', 'e': [{'t': 0, 'e': 'a', 'y': 'O'}, {'t': 25, 'e': 'a', 'a': 3, 's': 10, 'hs': '0', 'as': '1', 'y': 'S'}, {'t': 32, 'e': 'h', 'y': 'T'}, {'t': 35, 'e': 'a', 'a': 4, 's': 10, 'hs': '0', 'as': '2', 'y': 'S'}, {'t': 39, 'e': 'h', 'a': 34, 's': 57, 'hs': '1', 'as': '2', 'y': 'S'}]}
2025-11-28 23:54:08,317 - models.game_server - DEBUG - Setting timer with data: {'time': '0', 'ds': '17643702877', 'stop': False}, current game_time: 17643702877. Match info: False
2025-11-28 23:54:08,317 - models.game_server - DEBUG - Start detection - Timer offset: 161, Game time: 17643702877
2025-11-28 23:54:08,317 - models.game_server - DEBUG - Send ws message: {'type': 'game', 'running_timer_set': 1, 'timer_offset': 161}
2025-11-28 23:54:08,317 - models.game_server - DEBUG - Timer set complete, game_time: 17643702877
2025-11-28 23:54:08,317 - server.scores_server - DEBUG - Updated game time: 17643702877
2025-11-28 23:54:12,317 - server.scores_server - DEBUG - Checking for score updates...
2025-11-28 23:54:12,318 - server.scores_server - DEBUG - Current game time: 17643702877
2025-11-28 23:54:12,318 - urllib3.connectionpool - DEBUG - Starting new HTTPS connection (1): scores.frisbee.pl:443
2025-11-28 23:54:12,408 - urllib3.connectionpool - DEBUG - https://scores.frisbee.pl:443 "POST /test3/ext/watchlive.php/ HTTP/1.1" 200 161
2025-11-28 23:54:12,409 - models.game_server - DEBUG - Setting timer with data: {'time': '0', 'ds': '17643702877', 'stop': False}, current game_time: 17643702877. Match info: False
2025-11-28 23:54:12,409 - models.game_server - DEBUG - Start detection - Timer offset: 165, Game time: 17643702877
2025-11-28 23:54:12,409 - models.game_server - DEBUG - Send ws message: {'type': 'game', 'running_timer_set': 1, 'timer_offset': 165}
2025-11-28 23:54:12,409 - models.game_server - DEBUG - Timer set complete, game_time: 17643702877
2025-11-28 23:54:12,409 - server.scores_server - DEBUG - Updated game time: 17643702877
2025-11-28 23:54:14,292 - handlers.websocket_handler - INFO - Client ('::1', 60722, 0, 0) closed
2025-11-28 23:54:14,715 - handlers.websocket_handler - INFO - Client ('::1', 59526, 0, 0) connected
2025-11-28 23:54:16,411 - server.scores_server - DEBUG - Checking for score updates...
2025-11-28 23:54:16,411 - server.scores_server - DEBUG - Current game time: 17643702877
2025-11-28 23:54:16,412 - urllib3.connectionpool - DEBUG - Starting new HTTPS connection (1): scores.frisbee.pl:443
2025-11-28 23:54:16,494 - urllib3.connectionpool - DEBUG - https://scores.frisbee.pl:443 "POST /test3/ext/watchlive.php/ HTTP/1.1" 200 161
2025-11-28 23:54:16,495 - server.scores_server - INFO - Scores request: {'ts': {'time': '0', 'ds': '17643702877', 'stop': False}, 'h': 1, 'a': 2, 'o': 'a', 'e': [{'t': 0, 'e': 'a', 'y': 'O'}, {'t': 25, 'e': 'a', 'a': 3, 's': 10, 'hs': '0', 'as': '1', 'y': 'S'}, {'t': 32, 'e': 'h', 'y': 'T'}, {'t': 35, 'e': 'a', 'a': 4, 's': 10, 'hs': '0', 'as': '2', 'y': 'S'}, {'t': 39, 'e': 'h', 'a': 34, 's': 57, 'hs': '1', 'as': '2', 'y': 'S'}]}
2025-11-28 23:54:16,496 - models.game_server - DEBUG - Setting timer with data: {'time': '0', 'ds': '17643702877', 'stop': False}, current game_time: 17643702877. Match info: False
2025-11-28 23:54:16,496 - models.game_server - DEBUG - Start detection - Timer offset: 169, Game time: 17643702877
2025-11-28 23:54:16,496 - models.game_server - DEBUG - Send ws message: {'type': 'game', 'running_timer_set': 1, 'timer_offset': 169}
2025-11-28 23:54:16,496 - models.game_server - DEBUG - Timer set complete, game_time: 17643702877
2025-11-28 23:54:16,496 - server.scores_server - DEBUG - Updated game time: 17643702877
2025-11-28 23:54:20,515 - server.scores_server - DEBUG - Checking for score updates...
2025-11-28 23:54:20,515 - server.scores_server - DEBUG - Current game time: 17643702877
2025-11-28 23:54:20,516 - urllib3.connectionpool - DEBUG - Starting new HTTPS connection (1): scores.frisbee.pl:443
2025-11-28 23:54:20,608 - urllib3.connectionpool - DEBUG - https://scores.frisbee.pl:443 "POST /test3/ext/watchlive.php/ HTTP/1.1" 200 161
2025-11-28 23:54:20,609 - models.game_server - DEBUG - Setting timer with data: {'time': '0', 'ds': '17643702877', 'stop': False}, current game_time: 17643702877. Match info: False
2025-11-28 23:54:20,609 - models.game_server - DEBUG - Start detection - Timer offset: 173, Game time: 17643702877
2025-11-28 23:54:20,609 - models.game_server - DEBUG - Send ws message: {'type': 'game', 'running_timer_set': 1, 'timer_offset': 173}
2025-11-28 23:54:20,609 - models.game_server - DEBUG - Timer set complete, game_time: 17643702877
2025-11-28 23:54:20,609 - server.scores_server - DEBUG - Updated game time: 17643702877
2025-11-28 23:54:23,344 - server.scores_server - DEBUG - Checking for score updates...
2025-11-28 23:54:23,344 - server.scores_server - DEBUG - Current game time: 17643702877
2025-11-28 23:54:23,345 - urllib3.connectionpool - DEBUG - Starting new HTTPS connection (1): scores.frisbee.pl:443
2025-11-28 23:54:23,410 - urllib3.connectionpool - DEBUG - https://scores.frisbee.pl:443 "POST /test3/ext/watchlive.php/ HTTP/1.1" 200 161
2025-11-28 23:54:23,411 - server.scores_server - INFO - Scores request: {'ts': {'time': '0', 'ds': '17643702877', 'stop': False}, 'h': 1, 'a': 2, 'o': 'a', 'e': [{'t': 0, 'e': 'a', 'y': 'O'}, {'t': 25, 'e': 'a', 'a': 3, 's': 10, 'hs': '0', 'as': '1', 'y': 'S'}, {'t': 32, 'e': 'h', 'y': 'T'}, {'t': 35, 'e': 'a', 'a': 4, 's': 10, 'hs': '0', 'as': '2', 'y': 'S'}, {'t': 39, 'e': 'h', 'a': 34, 's': 57, 'hs': '1', 'as': '2', 'y': 'S'}]}
2025-11-28 23:54:23,411 - models.game_server - DEBUG - Setting timer with data: {'time': '0', 'ds': '17643702877', 'stop': False}, current game_time: 17643702877. Match info: False
2025-11-28 23:54:23,411 - models.game_server - DEBUG - Start detection - Timer offset: 176, Game time: 17643702877
2025-11-28 23:54:23,412 - models.game_server - DEBUG - Send ws message: {'type': 'game', 'running_timer_set': 1, 'timer_offset': 176}
2025-11-28 23:54:23,412 - models.game_server - DEBUG - Timer set complete, game_time: 17643702877
2025-11-28 23:54:23,412 - server.scores_server - DEBUG - Updated game time: 17643702877
2025-11-28 23:54:26,324 - urllib3.connectionpool - DEBUG - Starting new HTTPS connection (1): scores.frisbee.pl:443
2025-11-28 23:54:26,430 - urllib3.connectionpool - DEBUG - https://scores.frisbee.pl:443 "POST /test3/ext/watchlive.php/ HTTP/1.1" 200 484
2025-11-28 23:54:26,430 - models.game_server - INFO - Match info request: {'ts': {'time': '0', 'ds': '17643702877', 'stop': False}, 'h': 1, 'a': 2, 'o': 'a', 'e': [{'t': 0, 'e': 'a', 'y': 'O'}, {'t': 25, 'e': 'a', 'a': 3, 's': 10, 'hs': '0', 'as': '1', 'y': 'S'}, {'t': 32, 'e': 'h', 'y': 'T'}, {'t': 35, 'e': 'a', 'a': 4, 's': 10, 'hs': '0', 'as': '2', 'y': 'S'}, {'t': 39, 'e': 'h', 'a': 34, 's': 57, 'hs': '1', 'as': '2', 'y': 'S'}], 'p': {'h': {'34': 'Mateusz Mazurek', '74': 'Joachim Walczak', '17': 'Henryk Mazurek', '57': 'Konstanty Krawczyk', '97': 'Michał Przybylski', '35': 'Michał Szymczak', '75': 'Arleta Ostrowska', '12': 'Teresa Górecka', '55': 'Paulina Adamska', '92': 'Judyta Baranowska'}, 'a': {'10': 'Alexander Wojciechowski', '22': 'Łukasz Błaszczyk', '5': 'Ignacy Krupa', '33': 'Błażej Woźniak', '7': 'Artur Walczak', '3': 'Janusz Czarnecki', '4': 'Marcelina Górecka', '91': 'Zofia Wójcik', '6': 'Luiza Szczepańska', '1': 'Olga Borkowska'}}, 'hn': 'Hihara', 'an': 'Bongo', 'ha': 'HHR', 'aa': 'BNG'}
2025-11-28 23:54:26,431 - models.game_server - DEBUG - Send ws message: {'type': 'team', 'team': 'h', 'team_name': 'HHR', 'team_name_full': 'Hihara'}
2025-11-28 23:54:26,431 - models.game_server - DEBUG - Send ws message: {'type': 'team', 'team': 'a', 'team_name': 'BNG', 'team_name_full': 'Bongo'}
2025-11-28 23:54:26,431 - models.game_server - DEBUG - Setting timer with data: {'time': '0', 'ds': '17643702877', 'stop': False}, current game_time: 17643702877. Match info: True
2025-11-28 23:54:26,431 - models.game_server - DEBUG - Start detection - Timer offset: 179, Game time: 17643702877
2025-11-28 23:54:26,431 - models.game_server - DEBUG - Send ws message: {'type': 'game', 'running_timer_set': 1, 'timer_offset': 179}
2025-11-28 23:54:26,431 - models.game_server - DEBUG - Timer set complete, game_time: 17643702877
2025-11-28 23:54:26,431 - models.game_server - DEBUG - Send ws message: {'type': 'game', 'score_set': 1, 'data': {'a_score': 2, 'h_score': 1}}
2025-11-28 23:54:26,431 - models.game_server - DEBUG - Send ws message: {'type': 'players', 'players_set': 1, 'players': {'h': {'34': 'Mateusz Mazurek', '74': 'Joachim Walczak', '17': 'Henryk Mazurek', '57': 'Konstanty Krawczyk', '97': 'Michał Przybylski', '35': 'Michał Szymczak', '75': 'Arleta Ostrowska', '12': 'Teresa Górecka', '55': 'Paulina Adamska', '92': 'Judyta Baranowska'}, 'a': {'10': 'Alexander Wojciechowski', '22': 'Łukasz Błaszczyk', '5': 'Ignacy Krupa', '33': 'Błażej Woźniak', '7': 'Artur Walczak', '3': 'Janusz Czarnecki', '4': 'Marcelina Górecka', '91': 'Zofia Wójcik', '6': 'Luiza Szczepańska', '1': 'Olga Borkowska'}}}
2025-11-28 23:54:26,432 - models.game_server - INFO - Players: {'h': {'34': 'Mateusz Mazurek', '74': 'Joachim Walczak', '17': 'Henryk Mazurek', '57': 'Konstanty Krawczyk', '97': 'Michał Przybylski', '35': 'Michał Szymczak', '75': 'Arleta Ostrowska', '12': 'Teresa Górecka', '55': 'Paulina Adamska', '92': 'Judyta Baranowska'}, 'a': {'10': 'Alexander Wojciechowski', '22': 'Łukasz Błaszczyk', '5': 'Ignacy Krupa', '33': 'Błażej Woźniak', '7': 'Artur Walczak', '3': 'Janusz Czarnecki', '4': 'Marcelina Górecka', '91': 'Zofia Wójcik', '6': 'Luiza Szczepańska', '1': 'Olga Borkowska'}}
2025-11-28 23:54:27,419 - server.scores_server - DEBUG - Checking for score updates...
2025-11-28 23:54:27,419 - server.scores_server - DEBUG - Current game time: 17643702877
2025-11-28 23:54:27,420 - urllib3.connectionpool - DEBUG - Starting new HTTPS connection (1): scores.frisbee.pl:443
2025-11-28 23:54:27,494 - urllib3.connectionpool - DEBUG - https://scores.frisbee.pl:443 "POST /test3/ext/watchlive.php/ HTTP/1.1" 200 161
2025-11-28 23:54:27,495 - models.game_server - DEBUG - Setting timer with data: {'time': '0', 'ds': '17643702877', 'stop': False}, current game_time: 17643702877. Match info: False
2025-11-28 23:54:27,496 - models.game_server - DEBUG - Start detection - Timer offset: 180, Game time: 17643702877
2025-11-28 23:54:27,496 - models.game_server - DEBUG - Send ws message: {'type': 'game', 'running_timer_set': 1, 'timer_offset': 180}
2025-11-28 23:54:27,496 - models.game_server - DEBUG - Timer set complete, game_time: 17643702877
2025-11-28 23:54:27,496 - server.scores_server - DEBUG - Updated game time: 17643702877
2025-11-28 23:54:31,498 - server.scores_server - DEBUG - Checking for score updates...
2025-11-28 23:54:31,498 - server.scores_server - DEBUG - Current game time: 17643702877
2025-11-28 23:54:31,499 - urllib3.connectionpool - DEBUG - Starting new HTTPS connection (1): scores.frisbee.pl:443
2025-11-28 23:54:31,584 - urllib3.connectionpool - DEBUG - https://scores.frisbee.pl:443 "POST /test3/ext/watchlive.php/ HTTP/1.1" 200 173
2025-11-28 23:54:31,585 - server.scores_server - INFO - Scores request: {'ts': {'time': '0', 'ds': '17643702877', 'stop': False}, 'h': 1, 'a': 3, 'o': 'h', 'e': [{'t': 0, 'e': 'a', 'y': 'O'}, {'t': 25, 'e': 'a', 'a': 3, 's': 10, 'hs': '0', 'as': '1', 'y': 'S'}, {'t': 32, 'e': 'h', 'y': 'T'}, {'t': 35, 'e': 'a', 'a': 4, 's': 10, 'hs': '0', 'as': '2', 'y': 'S'}, {'t': 39, 'e': 'h', 'a': 34, 's': 57, 'hs': '1', 'as': '2', 'y': 'S'}, {'t': 182, 'e': 'a', 'a': -1, 's': -1, 'hs': '1', 'as': '3', 'y': 'S'}]}
2025-11-28 23:54:31,585 - models.game_server - DEBUG - Setting timer with data: {'time': '0', 'ds': '17643702877', 'stop': False}, current game_time: 17643702877. Match info: False
2025-11-28 23:54:31,585 - models.game_server - DEBUG - Start detection - Timer offset: 184, Game time: 17643702877
2025-11-28 23:54:31,585 - models.game_server - DEBUG - Send ws message: {'type': 'game', 'running_timer_set': 1, 'timer_offset': 184}
2025-11-28 23:54:31,585 - models.game_server - DEBUG - Timer set complete, game_time: 17643702877
2025-11-28 23:54:31,586 - models.game_server - DEBUG - Send ws message: {'type': 'game', 'score_set': 1, 'data': {'a_score': '3', 'h_score': '1'}}
2025-11-28 23:54:31,586 - server.scores_server - DEBUG - Updated game time: 17643702877
2025-11-28 23:54:35,615 - server.scores_server - DEBUG - Checking for score updates...
2025-11-28 23:54:35,615 - server.scores_server - DEBUG - Current game time: 17643702877
2025-11-28 23:54:35,616 - urllib3.connectionpool - DEBUG - Starting new HTTPS connection (1): scores.frisbee.pl:443
2025-11-28 23:54:35,699 - urllib3.connectionpool - DEBUG - https://scores.frisbee.pl:443 "POST /test3/ext/watchlive.php/ HTTP/1.1" 200 171
2025-11-28 23:54:35,700 - models.game_server - DEBUG - Setting timer with data: {'time': '0', 'ds': '17643702877', 'stop': False}, current game_time: 17643702877. Match info: False
2025-11-28 23:54:35,700 - models.game_server - DEBUG - Start detection - Timer offset: 188, Game time: 17643702877
2025-11-28 23:54:35,700 - models.game_server - DEBUG - Send ws message: {'type': 'game', 'running_timer_set': 1, 'timer_offset': 188}
2025-11-28 23:54:35,700 - models.game_server - DEBUG - Timer set complete, game_time: 17643702877
2025-11-28 23:54:35,700 - models.game_server - DEBUG - Send ws message: {'type': 'game', 'score_set': 1, 'data': {'a_score': '3', 'h_score': '1'}}
2025-11-28 23:54:35,700 - models.game_server - DEBUG - Send ws message: {'type': 'stats', 'stats_update': 1, 'stats_data': {'points': {'a': '3', 'h': '1', 'ap': 75, 'hp': 25}, 'o_points': {'a': 2, 'h': 1, 'ap': 67, 'hp': 33}, 'd_points': {'a': 1, 'h': 0, 'ap': 100, 'hp': 0}, 'o_time': {'a': '94.0%', 'h': '6.0%', 'ap': 94, 'hp': 6}, 'turnovers': {'a': 0, 'h': 1, 'ap': 0, 'hp': 100}, 'timeouts': {'a': 0, 'h': 0, 'ap': 0, 'hp': 0}, 'player_stats': {'a': {'10': {'name': 'Alexander Wojciechowski', 'goals': 2, 'assists': 0, 'total': 2}, '6': {'name': 'Luiza Szczepańska', 'goals': 1, 'assists': 0, 'total': 1}, '5': {'name': 'Ignacy Krupa', 'goals': 0, 'assists': 1, 'total': 1}, '3': {'name': 'Janusz Czarnecki', 'goals': 0, 'assists': 1, 'total': 1}, '4': {'name': 'Marcelina Górecka', 'goals': 0, 'assists': 1, 'total': 1}}, 'h': {'57': {'name': 'Konstanty Krawczyk', 'goals': 1, 'assists': 0, 'total': 1}, '34': {'name': 'Mateusz Mazurek', 'goals': 0, 'assists': 1, 'total': 1}}}}}
2025-11-28 23:54:35,700 - models.game_server - DEBUG - Preparing event: {'t': 182, 'e': 'a', 'a': 5, 's': 6, 'hs': '1', 'as': '3', 'y': 'S'}
2025-11-28 23:54:35,700 - models.game_server - INFO - Score event: {'side': 'a', 'subtype': 'score', 'data': {'assist': '', 'assist_no': '5', 'scorer': '', 'scorer_no': '6', 'a_score': '3', 'h_score': '1'}}
2025-11-28 23:54:35,700 - models.game_server - DEBUG - Send ws message: {'type': 'scoreboard', 'subtype': 'score', 'data': {'assist': 'Ignacy Krupa', 'assist_no': '5', 'scorer': 'Luiza Szczepańska', 'scorer_no': '6', 'a_score': '3', 'h_score': '1'}, 'side': 'a'}
2025-11-28 23:54:35,701 - server.scores_server - DEBUG - Updated game time: 17643702877
2025-11-28 23:54:39,706 - server.scores_server - DEBUG - Checking for score updates...
2025-11-28 23:54:39,706 - server.scores_server - DEBUG - Current game time: 17643702877
2025-11-28 23:54:39,706 - urllib3.connectionpool - DEBUG - Starting new HTTPS connection (1): scores.frisbee.pl:443
2025-11-28 23:54:39,809 - urllib3.connectionpool - DEBUG - https://scores.frisbee.pl:443 "POST /test3/ext/watchlive.php/ HTTP/1.1" 200 171
2025-11-28 23:54:39,811 - server.scores_server - INFO - Scores request: {'ts': {'time': '0', 'ds': '17643702877', 'stop': False}, 'h': 1, 'a': 3, 'o': 'h', 'e': [{'t': 0, 'e': 'a', 'y': 'O'}, {'t': 25, 'e': 'a', 'a': 3, 's': 10, 'hs': '0', 'as': '1', 'y': 'S'}, {'t': 32, 'e': 'h', 'y': 'T'}, {'t': 35, 'e': 'a', 'a': 4, 's': 10, 'hs': '0', 'as': '2', 'y': 'S'}, {'t': 39, 'e': 'h', 'a': 34, 's': 57, 'hs': '1', 'as': '2', 'y': 'S'}, {'t': 182, 'e': 'a', 'a': 5, 's': 6, 'hs': '1', 'as': '3', 'y': 'S'}]}
2025-11-28 23:54:39,811 - models.game_server - DEBUG - Setting timer with data: {'time': '0', 'ds': '17643702877', 'stop': False}, current game_time: 17643702877. Match info: False
2025-11-28 23:54:39,811 - models.game_server - DEBUG - Start detection - Timer offset: 192, Game time: 17643702877
2025-11-28 23:54:39,811 - models.game_server - DEBUG - Send ws message: {'type': 'game', 'running_timer_set': 1, 'timer_offset': 192}
2025-11-28 23:54:39,811 - models.game_server - DEBUG - Timer set complete, game_time: 17643702877
2025-11-28 23:54:39,811 - server.scores_server - DEBUG - Updated game time: 17643702877
2025-11-28 23:54:43,817 - server.scores_server - DEBUG - Checking for score updates...
2025-11-28 23:54:43,817 - server.scores_server - DEBUG - Current game time: 17643702877
2025-11-28 23:54:43,817 - urllib3.connectionpool - DEBUG - Starting new HTTPS connection (1): scores.frisbee.pl:443
2025-11-28 23:54:43,921 - urllib3.connectionpool - DEBUG - https://scores.frisbee.pl:443 "POST /test3/ext/watchlive.php/ HTTP/1.1" 200 171
2025-11-28 23:54:43,922 - models.game_server - DEBUG - Setting timer with data: {'time': '0', 'ds': '17643702877', 'stop': False}, current game_time: 17643702877. Match info: False
2025-11-28 23:54:43,922 - models.game_server - DEBUG - Start detection - Timer offset: 196, Game time: 17643702877
2025-11-28 23:54:43,922 - models.game_server - DEBUG - Send ws message: {'type': 'game', 'running_timer_set': 1, 'timer_offset': 196}
2025-11-28 23:54:43,922 - models.game_server - DEBUG - Timer set complete, game_time: 17643702877
2025-11-28 23:54:43,922 - server.scores_server - DEBUG - Updated game time: 17643702877
2025-11-28 23:54:47,925 - server.scores_server - DEBUG - Checking for score updates...
2025-11-28 23:54:47,925 - server.scores_server - DEBUG - Current game time: 17643702877
2025-11-28 23:54:47,925 - urllib3.connectionpool - DEBUG - Starting new HTTPS connection (1): scores.frisbee.pl:443
2025-11-28 23:54:48,012 - urllib3.connectionpool - DEBUG - https://scores.frisbee.pl:443 "POST /test3/ext/watchlive.php/ HTTP/1.1" 200 171
2025-11-28 23:54:48,013 - server.scores_server - INFO - Scores request: {'ts': {'time': '0', 'ds': '17643702877', 'stop': False}, 'h': 1, 'a': 3, 'o': 'h', 'e': [{'t': 0, 'e': 'a', 'y': 'O'}, {'t': 25, 'e': 'a', 'a': 3, 's': 10, 'hs': '0', 'as': '1', 'y': 'S'}, {'t': 32, 'e': 'h', 'y': 'T'}, {'t': 35, 'e': 'a', 'a': 4, 's': 10, 'hs': '0', 'as': '2', 'y': 'S'}, {'t': 39, 'e': 'h', 'a': 34, 's': 57, 'hs': '1', 'as': '2', 'y': 'S'}, {'t': 182, 'e': 'a', 'a': 5, 's': 6, 'hs': '1', 'as': '3', 'y': 'S'}]}
2025-11-28 23:54:48,013 - models.game_server - DEBUG - Setting timer with data: {'time': '0', 'ds': '17643702877', 'stop': False}, current game_time: 17643702877. Match info: False
2025-11-28 23:54:48,013 - models.game_server - DEBUG - Start detection - Timer offset: 200, Game time: 17643702877
2025-11-28 23:54:48,013 - models.game_server - DEBUG - Send ws message: {'type': 'game', 'running_timer_set': 1, 'timer_offset': 200}
2025-11-28 23:54:48,013 - models.game_server - DEBUG - Timer set complete, game_time: 17643702877
2025-11-28 23:54:48,013 - server.scores_server - DEBUG - Updated game time: 17643702877
2025-11-28 23:54:52,017 - server.scores_server - DEBUG - Checking for score updates...
2025-11-28 23:54:52,017 - server.scores_server - DEBUG - Current game time: 17643702877
2025-11-28 23:54:52,018 - urllib3.connectionpool - DEBUG - Starting new HTTPS connection (1): scores.frisbee.pl:443
2025-11-28 23:54:52,112 - urllib3.connectionpool - DEBUG - https://scores.frisbee.pl:443 "POST /test3/ext/watchlive.php/ HTTP/1.1" 200 171
2025-11-28 23:54:52,113 - models.game_server - DEBUG - Setting timer with data: {'time': '0', 'ds': '17643702877', 'stop': False}, current game_time: 17643702877. Match info: False
2025-11-28 23:54:52,114 - models.game_server - DEBUG - Start detection - Timer offset: 204, Game time: 17643702877
2025-11-28 23:54:52,114 - models.game_server - DEBUG - Send ws message: {'type': 'game', 'running_timer_set': 1, 'timer_offset': 204}
2025-11-28 23:54:52,114 - models.game_server - DEBUG - Timer set complete, game_time: 17643702877
2025-11-28 23:54:52,114 - server.scores_server - DEBUG - Updated game time: 17643702877
2025-11-28 23:54:54,978 - server.scores_server - DEBUG - Checking for score updates...
2025-11-28 23:54:54,978 - server.scores_server - DEBUG - Current game time: 17643702877
2025-11-28 23:54:54,978 - urllib3.connectionpool - DEBUG - Starting new HTTPS connection (1): scores.frisbee.pl:443
2025-11-28 23:54:55,163 - urllib3.connectionpool - DEBUG - https://scores.frisbee.pl:443 "POST /test3/ext/watchlive.php/ HTTP/1.1" 200 171
2025-11-28 23:54:55,164 - server.scores_server - INFO - Scores request: {'ts': {'time': '0', 'ds': '17643702877', 'stop': False}, 'h': 1, 'a': 3, 'o': 'h', 'e': [{'t': 0, 'e': 'a', 'y': 'O'}, {'t': 25, 'e': 'a', 'a': 3, 's': 10, 'hs': '0', 'as': '1', 'y': 'S'}, {'t': 32, 'e': 'h', 'y': 'T'}, {'t': 35, 'e': 'a', 'a': 4, 's': 10, 'hs': '0', 'as': '2', 'y': 'S'}, {'t': 39, 'e': 'h', 'a': 34, 's': 57, 'hs': '1', 'as': '2', 'y': 'S'}, {'t': 182, 'e': 'a', 'a': 5, 's': 6, 'hs': '1', 'as': '3', 'y': 'S'}]}
2025-11-28 23:54:55,164 - models.game_server - DEBUG - Setting timer with data: {'time': '0', 'ds': '17643702877', 'stop': False}, current game_time: 17643702877. Match info: False
2025-11-28 23:54:55,164 - models.game_server - DEBUG - Start detection - Timer offset: 207, Game time: 17643702877
2025-11-28 23:54:55,164 - models.game_server - DEBUG - Send ws message: {'type': 'game', 'running_timer_set': 1, 'timer_offset': 207}
2025-11-28 23:54:55,164 - models.game_server - DEBUG - Timer set complete, game_time: 17643702877
2025-11-28 23:54:55,165 - server.scores_server - DEBUG - Updated game time: 17643702877
2025-11-28 23:54:59,169 - server.scores_server - DEBUG - Checking for score updates...
2025-11-28 23:54:59,169 - server.scores_server - DEBUG - Current game time: 17643702877
2025-11-28 23:54:59,169 - urllib3.connectionpool - DEBUG - Starting new HTTPS connection (1): scores.frisbee.pl:443
2025-11-28 23:54:59,248 - urllib3.connectionpool - DEBUG - https://scores.frisbee.pl:443 "POST /test3/ext/watchlive.php/ HTTP/1.1" 200 171
2025-11-28 23:54:59,249 - models.game_server - DEBUG - Setting timer with data: {'time': '0', 'ds': '17643702877', 'stop': False}, current game_time: 17643702877. Match info: False
2025-11-28 23:54:59,250 - models.game_server - DEBUG - Start detection - Timer offset: 212, Game time: 17643702877
2025-11-28 23:54:59,250 - models.game_server - DEBUG - Send ws message: {'type': 'game', 'running_timer_set': 1, 'timer_offset': 212}
2025-11-28 23:54:59,250 - models.game_server - DEBUG - Timer set complete, game_time: 17643702877
2025-11-28 23:54:59,250 - server.scores_server - DEBUG - Updated game time: 17643702877
2025-11-28 23:55:03,252 - server.scores_server - DEBUG - Checking for score updates...
2025-11-28 23:55:03,252 - server.scores_server - DEBUG - Current game time: 17643702877
2025-11-28 23:55:03,252 - urllib3.connectionpool - DEBUG - Starting new HTTPS connection (1): scores.frisbee.pl:443
2025-11-28 23:55:03,356 - urllib3.connectionpool - DEBUG - https://scores.frisbee.pl:443 "POST /test3/ext/watchlive.php/ HTTP/1.1" 200 171
2025-11-28 23:55:03,357 - server.scores_server - INFO - Scores request: {'ts': {'time': '0', 'ds': '17643702877', 'stop': False}, 'h': 1, 'a': 3, 'o': 'h', 'e': [{'t': 0, 'e': 'a', 'y': 'O'}, {'t': 25, 'e': 'a', 'a': 3, 's': 10, 'hs': '0', 'as': '1', 'y': 'S'}, {'t': 32, 'e': 'h', 'y': 'T'}, {'t': 35, 'e': 'a', 'a': 4, 's': 10, 'hs': '0', 'as': '2', 'y': 'S'}, {'t': 39, 'e': 'h', 'a': 34, 's': 57, 'hs': '1', 'as': '2', 'y': 'S'}, {'t': 182, 'e': 'a', 'a': 5, 's': 6, 'hs': '1', 'as': '3', 'y': 'S'}]}
2025-11-28 23:55:03,357 - models.game_server - DEBUG - Setting timer with data: {'time': '0', 'ds': '17643702877', 'stop': False}, current game_time: 17643702877. Match info: False
2025-11-28 23:55:03,357 - models.game_server - DEBUG - Start detection - Timer offset: 216, Game time: 17643702877
2025-11-28 23:55:03,357 - models.game_server - DEBUG - Send ws message: {'type': 'game', 'running_timer_set': 1, 'timer_offset': 216}
2025-11-28 23:55:03,358 - models.game_server - DEBUG - Timer set complete, game_time: 17643702877
2025-11-28 23:55:03,358 - server.scores_server - DEBUG - Updated game time: 17643702877
2025-11-28 23:55:07,372 - server.scores_server - DEBUG - Checking for score updates...
2025-11-28 23:55:07,372 - server.scores_server - DEBUG - Current game time: 17643702877
2025-11-28 23:55:07,373 - urllib3.connectionpool - DEBUG - Starting new HTTPS connection (1): scores.frisbee.pl:443
2025-11-28 23:55:07,441 - urllib3.connectionpool - DEBUG - https://scores.frisbee.pl:443 "POST /test3/ext/watchlive.php/ HTTP/1.1" 200 171
2025-11-28 23:55:07,442 - models.game_server - DEBUG - Setting timer with data: {'time': '0', 'ds': '17643702877', 'stop': False}, current game_time: 17643702877. Match info: False
2025-11-28 23:55:07,442 - models.game_server - DEBUG - Start detection - Timer offset: 220, Game time: 17643702877
2025-11-28 23:55:07,442 - models.game_server - DEBUG - Send ws message: {'type': 'game', 'running_timer_set': 1, 'timer_offset': 220}
2025-11-28 23:55:07,442 - models.game_server - DEBUG - Timer set complete, game_time: 17643702877
2025-11-28 23:55:07,442 - server.scores_server - DEBUG - Updated game time: 17643702877
2025-11-28 23:55:10,339 - models.game_server - DEBUG - Send ws message: {'type': 'clear_text', 'clear': True}
2025-11-28 23:55:10,339 - server.scores_server - INFO - Cleared text display
2025-11-28 23:55:11,443 - server.scores_server - DEBUG - Checking for score updates...
2025-11-28 23:55:11,443 - server.scores_server - DEBUG - Current game time: 17643702877
2025-11-28 23:55:11,443 - urllib3.connectionpool - DEBUG - Starting new HTTPS connection (1): scores.frisbee.pl:443
2025-11-28 23:55:11,521 - urllib3.connectionpool - DEBUG - https://scores.frisbee.pl:443 "POST /test3/ext/watchlive.php/ HTTP/1.1" 200 171
2025-11-28 23:55:11,522 - server.scores_server - INFO - Scores request: {'ts': {'time': '0', 'ds': '17643702877', 'stop': False}, 'h': 1, 'a': 3, 'o': 'h', 'e': [{'t': 0, 'e': 'a', 'y': 'O'}, {'t': 25, 'e': 'a', 'a': 3, 's': 10, 'hs': '0', 'as': '1', 'y': 'S'}, {'t': 32, 'e': 'h', 'y': 'T'}, {'t': 35, 'e': 'a', 'a': 4, 's': 10, 'hs': '0', 'as': '2', 'y': 'S'}, {'t': 39, 'e': 'h', 'a': 34, 's': 57, 'hs': '1', 'as': '2', 'y': 'S'}, {'t': 182, 'e': 'a', 'a': 5, 's': 6, 'hs': '1', 'as': '3', 'y': 'S'}]}
2025-11-28 23:55:11,522 - models.game_server - DEBUG - Setting timer with data: {'time': '0', 'ds': '17643702877', 'stop': False}, current game_time: 17643702877. Match info: False
2025-11-28 23:55:11,522 - models.game_server - DEBUG - Start detection - Timer offset: 224, Game time: 17643702877
2025-11-28 23:55:11,522 - models.game_server - DEBUG - Send ws message: {'type': 'game', 'running_timer_set': 1, 'timer_offset': 224}
2025-11-28 23:55:11,522 - models.game_server - DEBUG - Timer set complete, game_time: 17643702877
2025-11-28 23:55:11,522 - server.scores_server - DEBUG - Updated game time: 17643702877
2025-11-28 23:55:15,532 - server.scores_server - DEBUG - Checking for score updates...
2025-11-28 23:55:15,532 - server.scores_server - DEBUG - Current game time: 17643702877
2025-11-28 23:55:15,532 - urllib3.connectionpool - DEBUG - Starting new HTTPS connection (1): scores.frisbee.pl:443
2025-11-28 23:55:15,624 - urllib3.connectionpool - DEBUG - https://scores.frisbee.pl:443 "POST /test3/ext/watchlive.php/ HTTP/1.1" 200 171
2025-11-28 23:55:15,626 - models.game_server - DEBUG - Setting timer with data: {'time': '0', 'ds': '17643702877', 'stop': False}, current game_time: 17643702877. Match info: False
2025-11-28 23:55:15,626 - models.game_server - DEBUG - Start detection - Timer offset: 228, Game time: 17643702877
2025-11-28 23:55:15,626 - models.game_server - DEBUG - Send ws message: {'type': 'game', 'running_timer_set': 1, 'timer_offset': 228}
2025-11-28 23:55:15,626 - models.game_server - DEBUG - Timer set complete, game_time: 17643702877
2025-11-28 23:55:15,626 - server.scores_server - DEBUG - Updated game time: 17643702877
2025-11-28 23:55:19,648 - server.scores_server - DEBUG - Checking for score updates...
2025-11-28 23:55:19,648 - server.scores_server - DEBUG - Current game time: 17643702877
2025-11-28 23:55:19,649 - urllib3.connectionpool - DEBUG - Starting new HTTPS connection (1): scores.frisbee.pl:443
2025-11-28 23:55:19,731 - urllib3.connectionpool - DEBUG - https://scores.frisbee.pl:443 "POST /test3/ext/watchlive.php/ HTTP/1.1" 200 171
2025-11-28 23:55:19,732 - server.scores_server - INFO - Scores request: {'ts': {'time': '0', 'ds': '17643702877', 'stop': False}, 'h': 1, 'a': 3, 'o': 'h', 'e': [{'t': 0, 'e': 'a', 'y': 'O'}, {'t': 25, 'e': 'a', 'a': 3, 's': 10, 'hs': '0', 'as': '1', 'y': 'S'}, {'t': 32, 'e': 'h', 'y': 'T'}, {'t': 35, 'e': 'a', 'a': 4, 's': 10, 'hs': '0', 'as': '2', 'y': 'S'}, {'t': 39, 'e': 'h', 'a': 34, 's': 57, 'hs': '1', 'as': '2', 'y': 'S'}, {'t': 182, 'e': 'a', 'a': 5, 's': 6, 'hs': '1', 'as': '3', 'y': 'S'}]}
2025-11-28 23:55:19,732 - models.game_server - DEBUG - Setting timer with data: {'time': '0', 'ds': '17643702877', 'stop': False}, current game_time: 17643702877. Match info: False
2025-11-28 23:55:19,733 - models.game_server - DEBUG - Start detection - Timer offset: 232, Game time: 17643702877
2025-11-28 23:55:19,733 - models.game_server - DEBUG - Send ws message: {'type': 'game', 'running_timer_set': 1, 'timer_offset': 232}
2025-11-28 23:55:19,733 - models.game_server - DEBUG - Timer set complete, game_time: 17643702877
2025-11-28 23:55:19,734 - server.scores_server - DEBUG - Updated game time: 17643702877
2025-11-28 23:55:23,741 - server.scores_server - DEBUG - Checking for score updates...
2025-11-28 23:55:23,741 - server.scores_server - DEBUG - Current game time: 17643702877
2025-11-28 23:55:23,742 - urllib3.connectionpool - DEBUG - Starting new HTTPS connection (1): scores.frisbee.pl:443
2025-11-28 23:55:23,843 - urllib3.connectionpool - DEBUG - https://scores.frisbee.pl:443 "POST /test3/ext/watchlive.php/ HTTP/1.1" 200 171
2025-11-28 23:55:23,844 - models.game_server - DEBUG - Setting timer with data: {'time': '0', 'ds': '17643702877', 'stop': False}, current game_time: 17643702877. Match info: False
2025-11-28 23:55:23,844 - models.game_server - DEBUG - Start detection - Timer offset: 236, Game time: 17643702877
2025-11-28 23:55:23,845 - models.game_server - DEBUG - Send ws message: {'type': 'game', 'running_timer_set': 1, 'timer_offset': 236}
2025-11-28 23:55:23,845 - models.game_server - DEBUG - Timer set complete, game_time: 17643702877
2025-11-28 23:55:23,845 - server.scores_server - DEBUG - Updated game time: 17643702877
2025-11-28 23:55:26,672 - server.scores_server - DEBUG - Checking for score updates...
2025-11-28 23:55:26,672 - server.scores_server - DEBUG - Current game time: 17643702877
2025-11-28 23:55:26,673 - urllib3.connectionpool - DEBUG - Starting new HTTPS connection (1): scores.frisbee.pl:443
2025-11-28 23:55:26,784 - urllib3.connectionpool - DEBUG - https://scores.frisbee.pl:443 "POST /test3/ext/watchlive.php/ HTTP/1.1" 200 171
2025-11-28 23:55:26,785 - server.scores_server - INFO - Scores request: {'ts': {'time': '0', 'ds': '17643702877', 'stop': False}, 'h': 1, 'a': 3, 'o': 'h', 'e': [{'t': 0, 'e': 'a', 'y': 'O'}, {'t': 25, 'e': 'a', 'a': 3, 's': 10, 'hs': '0', 'as': '1', 'y': 'S'}, {'t': 32, 'e': 'h', 'y': 'T'}, {'t': 35, 'e': 'a', 'a': 4, 's': 10, 'hs': '0', 'as': '2', 'y': 'S'}, {'t': 39, 'e': 'h', 'a': 34, 's': 57, 'hs': '1', 'as': '2', 'y': 'S'}, {'t': 182, 'e': 'a', 'a': 5, 's': 6, 'hs': '1', 'as': '3', 'y': 'S'}]}
2025-11-28 23:55:26,785 - models.game_server - DEBUG - Setting timer with data: {'time': '0', 'ds': '17643702877', 'stop': False}, current game_time: 17643702877. Match info: False
2025-11-28 23:55:26,785 - models.game_server - DEBUG - Start detection - Timer offset: 239, Game time: 17643702877
2025-11-28 23:55:26,785 - models.game_server - DEBUG - Send ws message: {'type': 'game', 'running_timer_set': 1, 'timer_offset': 239}
2025-11-28 23:55:26,785 - models.game_server - DEBUG - Timer set complete, game_time: 17643702877
2025-11-28 23:55:26,785 - server.scores_server - DEBUG - Updated game time: 17643702877
2025-11-28 23:55:30,789 - server.scores_server - DEBUG - Checking for score updates...
2025-11-28 23:55:30,789 - server.scores_server - DEBUG - Current game time: 17643702877
2025-11-28 23:55:30,790 - urllib3.connectionpool - DEBUG - Starting new HTTPS connection (1): scores.frisbee.pl:443
2025-11-28 23:55:30,868 - urllib3.connectionpool - DEBUG - https://scores.frisbee.pl:443 "POST /test3/ext/watchlive.php/ HTTP/1.1" 200 171
2025-11-28 23:55:30,869 - models.game_server - DEBUG - Setting timer with data: {'time': '0', 'ds': '17643702877', 'stop': False}, current game_time: 17643702877. Match info: False
2025-11-28 23:55:30,869 - models.game_server - DEBUG - Start detection - Timer offset: 243, Game time: 17643702877
2025-11-28 23:55:30,870 - models.game_server - DEBUG - Send ws message: {'type': 'game', 'running_timer_set': 1, 'timer_offset': 243}
2025-11-28 23:55:30,870 - models.game_server - DEBUG - Timer set complete, game_time: 17643702877
2025-11-28 23:55:30,870 - server.scores_server - DEBUG - Updated game time: 17643702877
2025-11-28 23:55:34,876 - server.scores_server - DEBUG - Checking for score updates...
2025-11-28 23:55:34,876 - server.scores_server - DEBUG - Current game time: 17643702877
2025-11-28 23:55:34,877 - urllib3.connectionpool - DEBUG - Starting new HTTPS connection (1): scores.frisbee.pl:443
2025-11-28 23:55:34,978 - urllib3.connectionpool - DEBUG - https://scores.frisbee.pl:443 "POST /test3/ext/watchlive.php/ HTTP/1.1" 200 171
2025-11-28 23:55:34,979 - server.scores_server - INFO - Scores request: {'ts': {'time': '0', 'ds': '17643702877', 'stop': False}, 'h': 1, 'a': 3, 'o': 'h', 'e': [{'t': 0, 'e': 'a', 'y': 'O'}, {'t': 25, 'e': 'a', 'a': 3, 's': 10, 'hs': '0', 'as': '1', 'y': 'S'}, {'t': 32, 'e': 'h', 'y': 'T'}, {'t': 35, 'e': 'a', 'a': 4, 's': 10, 'hs': '0', 'as': '2', 'y': 'S'}, {'t': 39, 'e': 'h', 'a': 34, 's': 57, 'hs': '1', 'as': '2', 'y': 'S'}, {'t': 182, 'e': 'a', 'a': 5, 's': 6, 'hs': '1', 'as': '3', 'y': 'S'}]}
2025-11-28 23:55:34,979 - models.game_server - DEBUG - Setting timer with data: {'time': '0', 'ds': '17643702877', 'stop': False}, current game_time: 17643702877. Match info: False
2025-11-28 23:55:34,979 - models.game_server - DEBUG - Start detection - Timer offset: 247, Game time: 17643702877
2025-11-28 23:55:34,979 - models.game_server - DEBUG - Send ws message: {'type': 'game', 'running_timer_set': 1, 'timer_offset': 247}
2025-11-28 23:55:34,979 - models.game_server - DEBUG - Timer set complete, game_time: 17643702877
2025-11-28 23:55:34,979 - server.scores_server - DEBUG - Updated game time: 17643702877
2025-11-28 23:55:38,981 - server.scores_server - DEBUG - Checking for score updates...
2025-11-28 23:55:38,981 - server.scores_server - DEBUG - Current game time: 17643702877
2025-11-28 23:55:38,981 - urllib3.connectionpool - DEBUG - Starting new HTTPS connection (1): scores.frisbee.pl:443
2025-11-28 23:55:39,067 - urllib3.connectionpool - DEBUG - https://scores.frisbee.pl:443 "POST /test3/ext/watchlive.php/ HTTP/1.1" 200 171
2025-11-28 23:55:39,068 - models.game_server - DEBUG - Setting timer with data: {'time': '0', 'ds': '17643702877', 'stop': False}, current game_time: 17643702877. Match info: False
2025-11-28 23:55:39,068 - models.game_server - DEBUG - Start detection - Timer offset: 251, Game time: 17643702877
2025-11-28 23:55:39,069 - models.game_server - DEBUG - Send ws message: {'type': 'game', 'running_timer_set': 1, 'timer_offset': 251}
2025-11-28 23:55:39,069 - models.game_server - DEBUG - Timer set complete, game_time: 17643702877
2025-11-28 23:55:39,069 - server.scores_server - DEBUG - Updated game time: 17643702877
2025-11-28 23:55:43,074 - server.scores_server - DEBUG - Checking for score updates...
2025-11-28 23:55:43,074 - server.scores_server - DEBUG - Current game time: 17643702877
2025-11-28 23:55:43,074 - urllib3.connectionpool - DEBUG - Starting new HTTPS connection (1): scores.frisbee.pl:443
2025-11-28 23:55:43,148 - urllib3.connectionpool - DEBUG - https://scores.frisbee.pl:443 "POST /test3/ext/watchlive.php/ HTTP/1.1" 200 171
2025-11-28 23:55:43,149 - server.scores_server - INFO - Scores request: {'ts': {'time': '0', 'ds': '17643702877', 'stop': False}, 'h': 1, 'a': 3, 'o': 'h', 'e': [{'t': 0, 'e': 'a', 'y': 'O'}, {'t': 25, 'e': 'a', 'a': 3, 's': 10, 'hs': '0', 'as': '1', 'y': 'S'}, {'t': 32, 'e': 'h', 'y': 'T'}, {'t': 35, 'e': 'a', 'a': 4, 's': 10, 'hs': '0', 'as': '2', 'y': 'S'}, {'t': 39, 'e': 'h', 'a': 34, 's': 57, 'hs': '1', 'as': '2', 'y': 'S'}, {'t': 182, 'e': 'a', 'a': 5, 's': 6, 'hs': '1', 'as': '3', 'y': 'S'}]}
2025-11-28 23:55:43,149 - models.game_server - DEBUG - Setting timer with data: {'time': '0', 'ds': '17643702877', 'stop': False}, current game_time: 17643702877. Match info: False
2025-11-28 23:55:43,150 - models.game_server - DEBUG - Start detection - Timer offset: 255, Game time: 17643702877
2025-11-28 23:55:43,150 - models.game_server - DEBUG - Send ws message: {'type': 'game', 'running_timer_set': 1, 'timer_offset': 255}
2025-11-28 23:55:43,150 - models.game_server - DEBUG - Timer set complete, game_time: 17643702877
2025-11-28 23:55:43,150 - server.scores_server - DEBUG - Updated game time: 17643702877
2025-11-28 23:55:44,250 - handlers.websocket_handler - INFO - Client ('::1', 59526, 0, 0) closed
2025-11-28 23:55:44,760 - handlers.websocket_handler - INFO - Client ('::1', 44626, 0, 0) connected
2025-11-28 23:55:45,898 - handlers.websocket_handler - INFO - Client ('::1', 44626, 0, 0) closed
2025-11-28 23:55:45,971 - handlers.websocket_handler - INFO - Client ('::1', 49274, 0, 0) connected
2025-11-28 23:55:47,155 - server.scores_server - DEBUG - Checking for score updates...
2025-11-28 23:55:47,155 - server.scores_server - DEBUG - Current game time: 17643702877
2025-11-28 23:55:47,156 - urllib3.connectionpool - DEBUG - Starting new HTTPS connection (1): scores.frisbee.pl:443
2025-11-28 23:55:47,220 - urllib3.connectionpool - DEBUG - https://scores.frisbee.pl:443 "POST /test3/ext/watchlive.php/ HTTP/1.1" 200 171
2025-11-28 23:55:47,221 - models.game_server - DEBUG - Setting timer with data: {'time': '0', 'ds': '17643702877', 'stop': False}, current game_time: 17643702877. Match info: False
2025-11-28 23:55:47,221 - models.game_server - DEBUG - Start detection - Timer offset: 260, Game time: 17643702877
2025-11-28 23:55:47,221 - models.game_server - DEBUG - Send ws message: {'type': 'game', 'running_timer_set': 1, 'timer_offset': 260}
2025-11-28 23:55:47,221 - models.game_server - DEBUG - Timer set complete, game_time: 17643702877
2025-11-28 23:55:47,221 - server.scores_server - DEBUG - Updated game time: 17643702877
2025-11-28 23:55:51,226 - server.scores_server - DEBUG - Checking for score updates...
2025-11-28 23:55:51,226 - server.scores_server - DEBUG - Current game time: 17643702877
2025-11-28 23:55:51,226 - urllib3.connectionpool - DEBUG - Starting new HTTPS connection (1): scores.frisbee.pl:443
2025-11-28 23:55:51,305 - urllib3.connectionpool - DEBUG - https://scores.frisbee.pl:443 "POST /test3/ext/watchlive.php/ HTTP/1.1" 200 171
2025-11-28 23:55:51,306 - server.scores_server - INFO - Scores request: {'ts': {'time': '0', 'ds': '17643702877', 'stop': False}, 'h': 1, 'a': 3, 'o': 'h', 'e': [{'t': 0, 'e': 'a', 'y': 'O'}, {'t': 25, 'e': 'a', 'a': 3, 's': 10, 'hs': '0', 'as': '1', 'y': 'S'}, {'t': 32, 'e': 'h', 'y': 'T'}, {'t': 35, 'e': 'a', 'a': 4, 's': 10, 'hs': '0', 'as': '2', 'y': 'S'}, {'t': 39, 'e': 'h', 'a': 34, 's': 57, 'hs': '1', 'as': '2', 'y': 'S'}, {'t': 182, 'e': 'a', 'a': 5, 's': 6, 'hs': '1', 'as': '3', 'y': 'S'}]}
2025-11-28 23:55:51,306 - models.game_server - DEBUG - Setting timer with data: {'time': '0', 'ds': '17643702877', 'stop': False}, current game_time: 17643702877. Match info: False
2025-11-28 23:55:51,306 - models.game_server - DEBUG - Start detection - Timer offset: 264, Game time: 17643702877
2025-11-28 23:55:51,307 - models.game_server - DEBUG - Send ws message: {'type': 'game', 'running_timer_set': 1, 'timer_offset': 264}
2025-11-28 23:55:51,307 - models.game_server - DEBUG - Timer set complete, game_time: 17643702877
2025-11-28 23:55:51,307 - server.scores_server - DEBUG - Updated game time: 17643702877
2025-11-28 23:55:52,369 - urllib3.connectionpool - DEBUG - Starting new HTTPS connection (1): scores.frisbee.pl:443
2025-11-28 23:55:52,479 - urllib3.connectionpool - DEBUG - https://scores.frisbee.pl:443 "POST /test3/ext/watchlive.php/ HTTP/1.1" 200 497
2025-11-28 23:55:52,479 - models.game_server - INFO - Match info request: {'ts': {'time': '0', 'ds': '17643702877', 'stop': False}, 'h': 1, 'a': 3, 'o': 'h', 'e': [{'t': 0, 'e': 'a', 'y': 'O'}, {'t': 25, 'e': 'a', 'a': 3, 's': 10, 'hs': '0', 'as': '1', 'y': 'S'}, {'t': 32, 'e': 'h', 'y': 'T'}, {'t': 35, 'e': 'a', 'a': 4, 's': 10, 'hs': '0', 'as': '2', 'y': 'S'}, {'t': 39, 'e': 'h', 'a': 34, 's': 57, 'hs': '1', 'as': '2', 'y': 'S'}, {'t': 182, 'e': 'a', 'a': 5, 's': 6, 'hs': '1', 'as': '3', 'y': 'S'}], 'p': {'h': {'34': 'Mateusz Mazurek', '74': 'Joachim Walczak', '17': 'Henryk Mazurek', '57': 'Konstanty Krawczyk', '97': 'Michał Przybylski', '35': 'Michał Szymczak', '75': 'Arleta Ostrowska', '12': 'Teresa Górecka', '55': 'Paulina Adamska', '92': 'Judyta Baranowska'}, 'a': {'10': 'Alexander Wojciechowski', '22': 'Łukasz Błaszczyk', '5': 'Ignacy Krupa', '33': 'Błażej Woźniak', '7': 'Artur Walczak', '3': 'Janusz Czarnecki', '4': 'Marcelina Górecka', '91': 'Zofia Wójcik', '6': 'Luiza Szczepańska', '1': 'Olga Borkowska'}}, 'hn': 'Hihara', 'an': 'Bongo', 'ha': 'HHR', 'aa': 'BNG'}
2025-11-28 23:55:52,479 - models.game_server - DEBUG - Send ws message: {'type': 'team', 'team': 'h', 'team_name': 'HHR', 'team_name_full': 'Hihara'}
2025-11-28 23:55:52,480 - models.game_server - DEBUG - Send ws message: {'type': 'team', 'team': 'a', 'team_name': 'BNG', 'team_name_full': 'Bongo'}
2025-11-28 23:55:52,480 - models.game_server - DEBUG - Setting timer with data: {'time': '0', 'ds': '17643702877', 'stop': False}, current game_time: 17643702877. Match info: True
2025-11-28 23:55:52,480 - models.game_server - DEBUG - Start detection - Timer offset: 265, Game time: 17643702877
2025-11-28 23:55:52,480 - models.game_server - DEBUG - Send ws message: {'type': 'game', 'running_timer_set': 1, 'timer_offset': 265}
2025-11-28 23:55:52,480 - models.game_server - DEBUG - Timer set complete, game_time: 17643702877
2025-11-28 23:55:52,480 - models.game_server - DEBUG - Send ws message: {'type': 'game', 'score_set': 1, 'data': {'a_score': 3, 'h_score': 1}}
2025-11-28 23:55:52,480 - models.game_server - DEBUG - Send ws message: {'type': 'players', 'players_set': 1, 'players': {'h': {'34': 'Mateusz Mazurek', '74': 'Joachim Walczak', '17': 'Henryk Mazurek', '57': 'Konstanty Krawczyk', '97': 'Michał Przybylski', '35': 'Michał Szymczak', '75': 'Arleta Ostrowska', '12': 'Teresa Górecka', '55': 'Paulina Adamska', '92': 'Judyta Baranowska'}, 'a': {'10': 'Alexander Wojciechowski', '22': 'Łukasz Błaszczyk', '5': 'Ignacy Krupa', '33': 'Błażej Woźniak', '7': 'Artur Walczak', '3': 'Janusz Czarnecki', '4': 'Marcelina Górecka', '91': 'Zofia Wójcik', '6': 'Luiza Szczepańska', '1': 'Olga Borkowska'}}}
2025-11-28 23:55:52,481 - models.game_server - INFO - Players: {'h': {'34': 'Mateusz Mazurek', '74': 'Joachim Walczak', '17': 'Henryk Mazurek', '57': 'Konstanty Krawczyk', '97': 'Michał Przybylski', '35': 'Michał Szymczak', '75': 'Arleta Ostrowska', '12': 'Teresa Górecka', '55': 'Paulina Adamska', '92': 'Judyta Baranowska'}, 'a': {'10': 'Alexander Wojciechowski', '22': 'Łukasz Błaszczyk', '5': 'Ignacy Krupa', '33': 'Błażej Woźniak', '7': 'Artur Walczak', '3': 'Janusz Czarnecki', '4': 'Marcelina Górecka', '91': 'Zofia Wójcik', '6': 'Luiza Szczepańska', '1': 'Olga Borkowska'}}
2025-11-28 23:55:54,122 - server.scores_server - DEBUG - Checking for score updates...
2025-11-28 23:55:54,122 - server.scores_server - DEBUG - Current game time: 17643702877
2025-11-28 23:55:54,123 - urllib3.connectionpool - DEBUG - Starting new HTTPS connection (1): scores.frisbee.pl:443
2025-11-28 23:55:54,215 - urllib3.connectionpool - DEBUG - https://scores.frisbee.pl:443 "POST /test3/ext/watchlive.php/ HTTP/1.1" 200 171
2025-11-28 23:55:54,216 - models.game_server - DEBUG - Setting timer with data: {'time': '0', 'ds': '17643702877', 'stop': False}, current game_time: 17643702877. Match info: False
2025-11-28 23:55:54,216 - models.game_server - DEBUG - Start detection - Timer offset: 267, Game time: 17643702877
2025-11-28 23:55:54,216 - models.game_server - DEBUG - Send ws message: {'type': 'game', 'running_timer_set': 1, 'timer_offset': 267}
2025-11-28 23:55:54,217 - models.game_server - DEBUG - Timer set complete, game_time: 17643702877
2025-11-28 23:55:54,217 - server.scores_server - DEBUG - Updated game time: 17643702877
2025-11-28 23:55:58,218 - server.scores_server - DEBUG - Checking for score updates...
2025-11-28 23:55:58,218 - server.scores_server - DEBUG - Current game time: 17643702877
2025-11-28 23:55:58,219 - urllib3.connectionpool - DEBUG - Starting new HTTPS connection (1): scores.frisbee.pl:443
2025-11-28 23:55:58,297 - urllib3.connectionpool - DEBUG - https://scores.frisbee.pl:443 "POST /test3/ext/watchlive.php/ HTTP/1.1" 200 171
2025-11-28 23:55:58,298 - server.scores_server - INFO - Scores request: {'ts': {'time': '0', 'ds': '17643702877', 'stop': False}, 'h': 1, 'a': 3, 'o': 'h', 'e': [{'t': 0, 'e': 'a', 'y': 'O'}, {'t': 25, 'e': 'a', 'a': 3, 's': 10, 'hs': '0', 'as': '1', 'y': 'S'}, {'t': 32, 'e': 'h', 'y': 'T'}, {'t': 35, 'e': 'a', 'a': 4, 's': 10, 'hs': '0', 'as': '2', 'y': 'S'}, {'t': 39, 'e': 'h', 'a': 34, 's': 57, 'hs': '1', 'as': '2', 'y': 'S'}, {'t': 182, 'e': 'a', 'a': 5, 's': 6, 'hs': '1', 'as': '3', 'y': 'S'}]}
2025-11-28 23:55:58,298 - models.game_server - DEBUG - Setting timer with data: {'time': '0', 'ds': '17643702877', 'stop': False}, current game_time: 17643702877. Match info: False
2025-11-28 23:55:58,299 - models.game_server - DEBUG - Start detection - Timer offset: 271, Game time: 17643702877
2025-11-28 23:55:58,299 - models.game_server - DEBUG - Send ws message: {'type': 'game', 'running_timer_set': 1, 'timer_offset': 271}
2025-11-28 23:55:58,299 - models.game_server - DEBUG - Timer set complete, game_time: 17643702877
2025-11-28 23:55:58,299 - server.scores_server - DEBUG - Updated game time: 17643702877
2025-11-28 23:56:02,304 - server.scores_server - DEBUG - Checking for score updates...
2025-11-28 23:56:02,304 - server.scores_server - DEBUG - Current game time: 17643702877
2025-11-28 23:56:02,304 - urllib3.connectionpool - DEBUG - Starting new HTTPS connection (1): scores.frisbee.pl:443
2025-11-28 23:56:02,397 - urllib3.connectionpool - DEBUG - https://scores.frisbee.pl:443 "POST /test3/ext/watchlive.php/ HTTP/1.1" 200 171
2025-11-28 23:56:02,398 - models.game_server - DEBUG - Setting timer with data: {'time': '0', 'ds': '17643702877', 'stop': False}, current game_time: 17643702877. Match info: False
2025-11-28 23:56:02,398 - models.game_server - DEBUG - Start detection - Timer offset: 275, Game time: 17643702877
2025-11-28 23:56:02,398 - models.game_server - DEBUG - Send ws message: {'type': 'game', 'running_timer_set': 1, 'timer_offset': 275}
2025-11-28 23:56:02,399 - models.game_server - DEBUG - Timer set complete, game_time: 17643702877
2025-11-28 23:56:02,399 - server.scores_server - DEBUG - Updated game time: 17643702877
2025-11-28 23:56:06,402 - server.scores_server - DEBUG - Checking for score updates...
2025-11-28 23:56:06,402 - server.scores_server - DEBUG - Current game time: 17643702877
2025-11-28 23:56:06,403 - urllib3.connectionpool - DEBUG - Starting new HTTPS connection (1): scores.frisbee.pl:443
2025-11-28 23:56:06,494 - urllib3.connectionpool - DEBUG - https://scores.frisbee.pl:443 "POST /test3/ext/watchlive.php/ HTTP/1.1" 200 171
2025-11-28 23:56:06,495 - server.scores_server - INFO - Scores request: {'ts': {'time': '0', 'ds': '17643702877', 'stop': False}, 'h': 1, 'a': 3, 'o': 'h', 'e': [{'t': 0, 'e': 'a', 'y': 'O'}, {'t': 25, 'e': 'a', 'a': 3, 's': 10, 'hs': '0', 'as': '1', 'y': 'S'}, {'t': 32, 'e': 'h', 'y': 'T'}, {'t': 35, 'e': 'a', 'a': 4, 's': 10, 'hs': '0', 'as': '2', 'y': 'S'}, {'t': 39, 'e': 'h', 'a': 34, 's': 57, 'hs': '1', 'as': '2', 'y': 'S'}, {'t': 182, 'e': 'a', 'a': 5, 's': 6, 'hs': '1', 'as': '3', 'y': 'S'}]}
2025-11-28 23:56:06,496 - models.game_server - DEBUG - Setting timer with data: {'time': '0', 'ds': '17643702877', 'stop': False}, current game_time: 17643702877. Match info: False
2025-11-28 23:56:06,496 - models.game_server - DEBUG - Start detection - Timer offset: 279, Game time: 17643702877
2025-11-28 23:56:06,496 - models.game_server - DEBUG - Send ws message: {'type': 'game', 'running_timer_set': 1, 'timer_offset': 279}
2025-11-28 23:56:06,496 - models.game_server - DEBUG - Timer set complete, game_time: 17643702877
2025-11-28 23:56:06,496 - server.scores_server - DEBUG - Updated game time: 17643702877
2025-11-28 23:56:10,501 - server.scores_server - DEBUG - Checking for score updates...
2025-11-28 23:56:10,502 - server.scores_server - DEBUG - Current game time: 17643702877
2025-11-28 23:56:10,502 - urllib3.connectionpool - DEBUG - Starting new HTTPS connection (1): scores.frisbee.pl:443
2025-11-28 23:56:10,574 - urllib3.connectionpool - DEBUG - https://scores.frisbee.pl:443 "POST /test3/ext/watchlive.php/ HTTP/1.1" 200 171
2025-11-28 23:56:10,575 - models.game_server - DEBUG - Setting timer with data: {'time': '0', 'ds': '17643702877', 'stop': False}, current game_time: 17643702877. Match info: False
2025-11-28 23:56:10,575 - models.game_server - DEBUG - Start detection - Timer offset: 283, Game time: 17643702877
2025-11-28 23:56:10,575 - models.game_server - DEBUG - Send ws message: {'type': 'game', 'running_timer_set': 1, 'timer_offset': 283}
2025-11-28 23:56:10,575 - models.game_server - DEBUG - Timer set complete, game_time: 17643702877
2025-11-28 23:56:10,575 - server.scores_server - DEBUG - Updated game time: 17643702877
2025-11-28 23:56:14,581 - server.scores_server - DEBUG - Checking for score updates...
2025-11-28 23:56:14,581 - server.scores_server - DEBUG - Current game time: 17643702877
2025-11-28 23:56:14,581 - urllib3.connectionpool - DEBUG - Starting new HTTPS connection (1): scores.frisbee.pl:443
2025-11-28 23:56:14,669 - urllib3.connectionpool - DEBUG - https://scores.frisbee.pl:443 "POST /test3/ext/watchlive.php/ HTTP/1.1" 200 171
2025-11-28 23:56:14,670 - server.scores_server - INFO - Scores request: {'ts': {'time': '0', 'ds': '17643702877', 'stop': False}, 'h': 1, 'a': 3, 'o': 'h', 'e': [{'t': 0, 'e': 'a', 'y': 'O'}, {'t': 25, 'e': 'a', 'a': 3, 's': 10, 'hs': '0', 'as': '1', 'y': 'S'}, {'t': 32, 'e': 'h', 'y': 'T'}, {'t': 35, 'e': 'a', 'a': 4, 's': 10, 'hs': '0', 'as': '2', 'y': 'S'}, {'t': 39, 'e': 'h', 'a': 34, 's': 57, 'hs': '1', 'as': '2', 'y': 'S'}, {'t': 182, 'e': 'a', 'a': 5, 's': 6, 'hs': '1', 'as': '3', 'y': 'S'}]}
2025-11-28 23:56:14,670 - models.game_server - DEBUG - Setting timer with data: {'time': '0', 'ds': '17643702877', 'stop': False}, current game_time: 17643702877. Match info: False
2025-11-28 23:56:14,670 - models.game_server - DEBUG - Start detection - Timer offset: 287, Game time: 17643702877
2025-11-28 23:56:14,670 - models.game_server - DEBUG - Send ws message: {'type': 'game', 'running_timer_set': 1, 'timer_offset': 287}
2025-11-28 23:56:14,671 - models.game_server - DEBUG - Timer set complete, game_time: 17643702877
2025-11-28 23:56:14,671 - server.scores_server - DEBUG - Updated game time: 17643702877
2025-11-28 23:56:18,676 - server.scores_server - DEBUG - Checking for score updates...
2025-11-28 23:56:18,676 - server.scores_server - DEBUG - Current game time: 17643702877
2025-11-28 23:56:18,677 - urllib3.connectionpool - DEBUG - Starting new HTTPS connection (1): scores.frisbee.pl:443
2025-11-28 23:56:18,763 - urllib3.connectionpool - DEBUG - https://scores.frisbee.pl:443 "POST /test3/ext/watchlive.php/ HTTP/1.1" 200 171
2025-11-28 23:56:18,765 - models.game_server - DEBUG - Setting timer with data: {'time': '0', 'ds': '17643702877', 'stop': False}, current game_time: 17643702877. Match info: False
2025-11-28 23:56:18,765 - models.game_server - DEBUG - Start detection - Timer offset: 291, Game time: 17643702877
2025-11-28 23:56:18,765 - models.game_server - DEBUG - Send ws message: {'type': 'game', 'running_timer_set': 1, 'timer_offset': 291}
2025-11-28 23:56:18,765 - models.game_server - DEBUG - Timer set complete, game_time: 17643702877
2025-11-28 23:56:18,765 - server.scores_server - DEBUG - Updated game time: 17643702877
2025-11-28 23:56:22,771 - server.scores_server - DEBUG - Checking for score updates...
2025-11-28 23:56:22,771 - server.scores_server - DEBUG - Current game time: 17643702877
2025-11-28 23:56:22,772 - urllib3.connectionpool - DEBUG - Starting new HTTPS connection (1): scores.frisbee.pl:443
2025-11-28 23:56:22,844 - urllib3.connectionpool - DEBUG - https://scores.frisbee.pl:443 "POST /test3/ext/watchlive.php/ HTTP/1.1" 200 171
2025-11-28 23:56:22,845 - server.scores_server - INFO - Scores request: {'ts': {'time': '0', 'ds': '17643702877', 'stop': False}, 'h': 1, 'a': 3, 'o': 'h', 'e': [{'t': 0, 'e': 'a', 'y': 'O'}, {'t': 25, 'e': 'a', 'a': 3, 's': 10, 'hs': '0', 'as': '1', 'y': 'S'}, {'t': 32, 'e': 'h', 'y': 'T'}, {'t': 35, 'e': 'a', 'a': 4, 's': 10, 'hs': '0', 'as': '2', 'y': 'S'}, {'t': 39, 'e': 'h', 'a': 34, 's': 57, 'hs': '1', 'as': '2', 'y': 'S'}, {'t': 182, 'e': 'a', 'a': 5, 's': 6, 'hs': '1', 'as': '3', 'y': 'S'}]}
2025-11-28 23:56:22,845 - models.game_server - DEBUG - Setting timer with data: {'time': '0', 'ds': '17643702877', 'stop': False}, current game_time: 17643702877. Match info: False
2025-11-28 23:56:22,845 - models.game_server - DEBUG - Start detection - Timer offset: 295, Game time: 17643702877
2025-11-28 23:56:22,845 - models.game_server - DEBUG - Send ws message: {'type': 'game', 'running_timer_set': 1, 'timer_offset': 295}
2025-11-28 23:56:22,845 - models.game_server - DEBUG - Timer set complete, game_time: 17643702877
2025-11-28 23:56:22,845 - server.scores_server - DEBUG - Updated game time: 17643702877
2025-11-28 23:56:25,633 - server.scores_server - DEBUG - Checking for score updates...
2025-11-28 23:56:25,634 - server.scores_server - DEBUG - Current game time: 17643702877
2025-11-28 23:56:25,634 - urllib3.connectionpool - DEBUG - Starting new HTTPS connection (1): scores.frisbee.pl:443
2025-11-28 23:56:25,719 - urllib3.connectionpool - DEBUG - https://scores.frisbee.pl:443 "POST /test3/ext/watchlive.php/ HTTP/1.1" 200 171
2025-11-28 23:56:25,720 - models.game_server - DEBUG - Setting timer with data: {'time': '0', 'ds': '17643702877', 'stop': False}, current game_time: 17643702877. Match info: False
2025-11-28 23:56:25,720 - models.game_server - DEBUG - Start detection - Timer offset: 298, Game time: 17643702877
2025-11-28 23:56:25,720 - models.game_server - DEBUG - Send ws message: {'type': 'game', 'running_timer_set': 1, 'timer_offset': 298}
2025-11-28 23:56:25,720 - models.game_server - DEBUG - Timer set complete, game_time: 17643702877
2025-11-28 23:56:25,721 - server.scores_server - DEBUG - Updated game time: 17643702877
2025-11-28 23:56:29,726 - server.scores_server - DEBUG - Checking for score updates...
2025-11-28 23:56:29,726 - server.scores_server - DEBUG - Current game time: 17643702877
2025-11-28 23:56:29,726 - urllib3.connectionpool - DEBUG - Starting new HTTPS connection (1): scores.frisbee.pl:443
2025-11-28 23:56:29,798 - urllib3.connectionpool - DEBUG - https://scores.frisbee.pl:443 "POST /test3/ext/watchlive.php/ HTTP/1.1" 200 171
2025-11-28 23:56:29,799 - server.scores_server - INFO - Scores request: {'ts': {'time': '0', 'ds': '17643702877', 'stop': False}, 'h': 1, 'a': 3, 'o': 'h', 'e': [{'t': 0, 'e': 'a', 'y': 'O'}, {'t': 25, 'e': 'a', 'a': 3, 's': 10, 'hs': '0', 'as': '1', 'y': 'S'}, {'t': 32, 'e': 'h', 'y': 'T'}, {'t': 35, 'e': 'a', 'a': 4, 's': 10, 'hs': '0', 'as': '2', 'y': 'S'}, {'t': 39, 'e': 'h', 'a': 34, 's': 57, 'hs': '1', 'as': '2', 'y': 'S'}, {'t': 182, 'e': 'a', 'a': 5, 's': 6, 'hs': '1', 'as': '3', 'y': 'S'}]}
2025-11-28 23:56:29,799 - models.game_server - DEBUG - Setting timer with data: {'time': '0', 'ds': '17643702877', 'stop': False}, current game_time: 17643702877. Match info: False
2025-11-28 23:56:29,799 - models.game_server - DEBUG - Start detection - Timer offset: 302, Game time: 17643702877
2025-11-28 23:56:29,800 - models.game_server - DEBUG - Send ws message: {'type': 'game', 'running_timer_set': 1, 'timer_offset': 302}
2025-11-28 23:56:29,800 - models.game_server - DEBUG - Timer set complete, game_time: 17643702877
2025-11-28 23:56:29,800 - server.scores_server - DEBUG - Updated game time: 17643702877
2025-11-28 23:56:33,805 - server.scores_server - DEBUG - Checking for score updates...
2025-11-28 23:56:33,805 - server.scores_server - DEBUG - Current game time: 17643702877
2025-11-28 23:56:33,805 - urllib3.connectionpool - DEBUG - Starting new HTTPS connection (1): scores.frisbee.pl:443
2025-11-28 23:56:33,898 - urllib3.connectionpool - DEBUG - https://scores.frisbee.pl:443 "POST /test3/ext/watchlive.php/ HTTP/1.1" 200 171
2025-11-28 23:56:33,899 - models.game_server - DEBUG - Setting timer with data: {'time': '0', 'ds': '17643702877', 'stop': False}, current game_time: 17643702877. Match info: False
2025-11-28 23:56:33,899 - models.game_server - DEBUG - Start detection - Timer offset: 306, Game time: 17643702877
2025-11-28 23:56:33,899 - models.game_server - DEBUG - Send ws message: {'type': 'game', 'running_timer_set': 1, 'timer_offset': 306}
2025-11-28 23:56:33,899 - models.game_server - DEBUG - Timer set complete, game_time: 17643702877
2025-11-28 23:56:33,899 - server.scores_server - DEBUG - Updated game time: 17643702877
2025-11-28 23:56:37,904 - server.scores_server - DEBUG - Checking for score updates...
2025-11-28 23:56:37,905 - server.scores_server - DEBUG - Current game time: 17643702877
2025-11-28 23:56:37,905 - urllib3.connectionpool - DEBUG - Starting new HTTPS connection (1): scores.frisbee.pl:443
2025-11-28 23:56:38,006 - urllib3.connectionpool - DEBUG - https://scores.frisbee.pl:443 "POST /test3/ext/watchlive.php/ HTTP/1.1" 200 171
2025-11-28 23:56:38,008 - server.scores_server - INFO - Scores request: {'ts': {'time': '0', 'ds': '17643702877', 'stop': False}, 'h': 1, 'a': 3, 'o': 'h', 'e': [{'t': 0, 'e': 'a', 'y': 'O'}, {'t': 25, 'e': 'a', 'a': 3, 's': 10, 'hs': '0', 'as': '1', 'y': 'S'}, {'t': 32, 'e': 'h', 'y': 'T'}, {'t': 35, 'e': 'a', 'a': 4, 's': 10, 'hs': '0', 'as': '2', 'y': 'S'}, {'t': 39, 'e': 'h', 'a': 34, 's': 57, 'hs': '1', 'as': '2', 'y': 'S'}, {'t': 182, 'e': 'a', 'a': 5, 's': 6, 'hs': '1', 'as': '3', 'y': 'S'}]}
2025-11-28 23:56:38,008 - models.game_server - DEBUG - Setting timer with data: {'time': '0', 'ds': '17643702877', 'stop': False}, current game_time: 17643702877. Match info: False
2025-11-28 23:56:38,008 - models.game_server - DEBUG - Start detection - Timer offset: 310, Game time: 17643702877
2025-11-28 23:56:38,008 - models.game_server - DEBUG - Send ws message: {'type': 'game', 'running_timer_set': 1, 'timer_offset': 310}
2025-11-28 23:56:38,008 - models.game_server - DEBUG - Timer set complete, game_time: 17643702877
2025-11-28 23:56:38,008 - server.scores_server - DEBUG - Updated game time: 17643702877
2025-11-28 23:56:42,014 - server.scores_server - DEBUG - Checking for score updates...
2025-11-28 23:56:42,014 - server.scores_server - DEBUG - Current game time: 17643702877
2025-11-28 23:56:42,015 - urllib3.connectionpool - DEBUG - Starting new HTTPS connection (1): scores.frisbee.pl:443
2025-11-28 23:56:42,112 - urllib3.connectionpool - DEBUG - https://scores.frisbee.pl:443 "POST /test3/ext/watchlive.php/ HTTP/1.1" 200 171
2025-11-28 23:56:42,114 - models.game_server - DEBUG - Setting timer with data: {'time': '0', 'ds': '17643702877', 'stop': False}, current game_time: 17643702877. Match info: False
2025-11-28 23:56:42,114 - models.game_server - DEBUG - Start detection - Timer offset: 314, Game time: 17643702877
2025-11-28 23:56:42,114 - models.game_server - DEBUG - Send ws message: {'type': 'game', 'running_timer_set': 1, 'timer_offset': 314}
2025-11-28 23:56:42,114 - models.game_server - DEBUG - Timer set complete, game_time: 17643702877
2025-11-28 23:56:42,114 - server.scores_server - DEBUG - Updated game time: 17643702877
2025-11-28 23:56:46,120 - server.scores_server - DEBUG - Checking for score updates...
2025-11-28 23:56:46,120 - server.scores_server - DEBUG - Current game time: 17643702877
2025-11-28 23:56:46,120 - urllib3.connectionpool - DEBUG - Starting new HTTPS connection (1): scores.frisbee.pl:443
2025-11-28 23:56:46,213 - urllib3.connectionpool - DEBUG - https://scores.frisbee.pl:443 "POST /test3/ext/watchlive.php/ HTTP/1.1" 200 171
2025-11-28 23:56:46,214 - server.scores_server - INFO - Scores request: {'ts': {'time': '0', 'ds': '17643702877', 'stop': False}, 'h': 1, 'a': 3, 'o': 'h', 'e': [{'t': 0, 'e': 'a', 'y': 'O'}, {'t': 25, 'e': 'a', 'a': 3, 's': 10, 'hs': '0', 'as': '1', 'y': 'S'}, {'t': 32, 'e': 'h', 'y': 'T'}, {'t': 35, 'e': 'a', 'a': 4, 's': 10, 'hs': '0', 'as': '2', 'y': 'S'}, {'t': 39, 'e': 'h', 'a': 34, 's': 57, 'hs': '1', 'as': '2', 'y': 'S'}, {'t': 182, 'e': 'a', 'a': 5, 's': 6, 'hs': '1', 'as': '3', 'y': 'S'}]}
2025-11-28 23:56:46,215 - models.game_server - DEBUG - Setting timer with data: {'time': '0', 'ds': '17643702877', 'stop': False}, current game_time: 17643702877. Match info: False
2025-11-28 23:56:46,215 - models.game_server - DEBUG - Start detection - Timer offset: 319, Game time: 17643702877
2025-11-28 23:56:46,215 - models.game_server - DEBUG - Send ws message: {'type': 'game', 'running_timer_set': 1, 'timer_offset': 319}
2025-11-28 23:56:46,215 - models.game_server - DEBUG - Timer set complete, game_time: 17643702877
2025-11-28 23:56:46,215 - server.scores_server - DEBUG - Updated game time: 17643702877
2025-11-28 23:56:50,219 - server.scores_server - DEBUG - Checking for score updates...
2025-11-28 23:56:50,219 - server.scores_server - DEBUG - Current game time: 17643702877
2025-11-28 23:56:50,220 - urllib3.connectionpool - DEBUG - Starting new HTTPS connection (1): scores.frisbee.pl:443
2025-11-28 23:56:50,298 - urllib3.connectionpool - DEBUG - https://scores.frisbee.pl:443 "POST /test3/ext/watchlive.php/ HTTP/1.1" 200 171
2025-11-28 23:56:50,299 - models.game_server - DEBUG - Setting timer with data: {'time': '0', 'ds': '17643702877', 'stop': False}, current game_time: 17643702877. Match info: False
2025-11-28 23:56:50,299 - models.game_server - DEBUG - Start detection - Timer offset: 323, Game time: 17643702877
2025-11-28 23:56:50,299 - models.game_server - DEBUG - Send ws message: {'type': 'game', 'running_timer_set': 1, 'timer_offset': 323}
2025-11-28 23:56:50,299 - models.game_server - DEBUG - Timer set complete, game_time: 17643702877
2025-11-28 23:56:50,300 - server.scores_server - DEBUG - Updated game time: 17643702877
2025-11-28 23:56:54,301 - server.scores_server - DEBUG - Checking for score updates...
2025-11-28 23:56:54,301 - server.scores_server - DEBUG - Current game time: 17643702877
2025-11-28 23:56:54,302 - urllib3.connectionpool - DEBUG - Starting new HTTPS connection (1): scores.frisbee.pl:443
2025-11-28 23:56:54,404 - urllib3.connectionpool - DEBUG - https://scores.frisbee.pl:443 "POST /test3/ext/watchlive.php/ HTTP/1.1" 200 171
2025-11-28 23:56:54,405 - server.scores_server - INFO - Scores request: {'ts': {'time': '0', 'ds': '17643702877', 'stop': False}, 'h': 1, 'a': 3, 'o': 'h', 'e': [{'t': 0, 'e': 'a', 'y': 'O'}, {'t': 25, 'e': 'a', 'a': 3, 's': 10, 'hs': '0', 'as': '1', 'y': 'S'}, {'t': 32, 'e': 'h', 'y': 'T'}, {'t': 35, 'e': 'a', 'a': 4, 's': 10, 'hs': '0', 'as': '2', 'y': 'S'}, {'t': 39, 'e': 'h', 'a': 34, 's': 57, 'hs': '1', 'as': '2', 'y': 'S'}, {'t': 182, 'e': 'a', 'a': 5, 's': 6, 'hs': '1', 'as': '3', 'y': 'S'}]}
2025-11-28 23:56:54,405 - models.game_server - DEBUG - Setting timer with data: {'time': '0', 'ds': '17643702877', 'stop': False}, current game_time: 17643702877. Match info: False
2025-11-28 23:56:54,405 - models.game_server - DEBUG - Start detection - Timer offset: 327, Game time: 17643702877
2025-11-28 23:56:54,405 - models.game_server - DEBUG - Send ws message: {'type': 'game', 'running_timer_set': 1, 'timer_offset': 327}
2025-11-28 23:56:54,405 - models.game_server - DEBUG - Timer set complete, game_time: 17643702877
2025-11-28 23:56:54,406 - server.scores_server - DEBUG - Updated game time: 17643702877
2025-11-28 23:56:57,054 - server.scores_server - DEBUG - Checking for score updates...
2025-11-28 23:56:57,055 - server.scores_server - DEBUG - Current game time: 17643702877
2025-11-28 23:56:57,055 - urllib3.connectionpool - DEBUG - Starting new HTTPS connection (1): scores.frisbee.pl:443
2025-11-28 23:56:57,121 - urllib3.connectionpool - DEBUG - https://scores.frisbee.pl:443 "POST /test3/ext/watchlive.php/ HTTP/1.1" 200 171
2025-11-28 23:56:57,122 - models.game_server - DEBUG - Setting timer with data: {'time': '0', 'ds': '17643702877', 'stop': False}, current game_time: 17643702877. Match info: False
2025-11-28 23:56:57,122 - models.game_server - DEBUG - Start detection - Timer offset: 329, Game time: 17643702877
2025-11-28 23:56:57,122 - models.game_server - DEBUG - Send ws message: {'type': 'game', 'running_timer_set': 1, 'timer_offset': 329}
2025-11-28 23:56:57,122 - models.game_server - DEBUG - Timer set complete, game_time: 17643702877
2025-11-28 23:56:57,123 - server.scores_server - DEBUG - Updated game time: 17643702877
2025-11-28 23:57:01,124 - server.scores_server - DEBUG - Checking for score updates...
2025-11-28 23:57:01,124 - server.scores_server - DEBUG - Current game time: 17643702877
2025-11-28 23:57:01,125 - urllib3.connectionpool - DEBUG - Starting new HTTPS connection (1): scores.frisbee.pl:443
2025-11-28 23:57:01,213 - urllib3.connectionpool - DEBUG - https://scores.frisbee.pl:443 "POST /test3/ext/watchlive.php/ HTTP/1.1" 200 171
2025-11-28 23:57:01,215 - server.scores_server - INFO - Scores request: {'ts': {'time': '0', 'ds': '17643702877', 'stop': False}, 'h': 1, 'a': 3, 'o': 'h', 'e': [{'t': 0, 'e': 'a', 'y': 'O'}, {'t': 25, 'e': 'a', 'a': 3, 's': 10, 'hs': '0', 'as': '1', 'y': 'S'}, {'t': 32, 'e': 'h', 'y': 'T'}, {'t': 35, 'e': 'a', 'a': 4, 's': 10, 'hs': '0', 'as': '2', 'y': 'S'}, {'t': 39, 'e': 'h', 'a': 34, 's': 57, 'hs': '1', 'as': '2', 'y': 'S'}, {'t': 182, 'e': 'a', 'a': 5, 's': 6, 'hs': '1', 'as': '3', 'y': 'S'}]}
2025-11-28 23:57:01,215 - models.game_server - DEBUG - Setting timer with data: {'time': '0', 'ds': '17643702877', 'stop': False}, current game_time: 17643702877. Match info: False
2025-11-28 23:57:01,215 - models.game_server - DEBUG - Start detection - Timer offset: 334, Game time: 17643702877
2025-11-28 23:57:01,215 - models.game_server - DEBUG - Send ws message: {'type': 'game', 'running_timer_set': 1, 'timer_offset': 334}
2025-11-28 23:57:01,215 - models.game_server - DEBUG - Timer set complete, game_time: 17643702877
2025-11-28 23:57:01,215 - server.scores_server - DEBUG - Updated game time: 17643702877
2025-11-28 23:57:05,216 - server.scores_server - DEBUG - Checking for score updates...
2025-11-28 23:57:05,216 - server.scores_server - DEBUG - Current game time: 17643702877
2025-11-28 23:57:05,217 - urllib3.connectionpool - DEBUG - Starting new HTTPS connection (1): scores.frisbee.pl:443
2025-11-28 23:57:05,296 - urllib3.connectionpool - DEBUG - https://scores.frisbee.pl:443 "POST /test3/ext/watchlive.php/ HTTP/1.1" 200 171
2025-11-28 23:57:05,297 - models.game_server - DEBUG - Setting timer with data: {'time': '0', 'ds': '17643702877', 'stop': False}, current game_time: 17643702877. Match info: False
2025-11-28 23:57:05,297 - models.game_server - DEBUG - Start detection - Timer offset: 338, Game time: 17643702877
2025-11-28 23:57:05,297 - models.game_server - DEBUG - Send ws message: {'type': 'game', 'running_timer_set': 1, 'timer_offset': 338}
2025-11-28 23:57:05,298 - models.game_server - DEBUG - Timer set complete, game_time: 17643702877
2025-11-28 23:57:05,298 - server.scores_server - DEBUG - Updated game time: 17643702877
2025-11-28 23:57:09,299 - server.scores_server - DEBUG - Checking for score updates...
2025-11-28 23:57:09,299 - server.scores_server - DEBUG - Current game time: 17643702877
2025-11-28 23:57:09,300 - urllib3.connectionpool - DEBUG - Starting new HTTPS connection (1): scores.frisbee.pl:443
2025-11-28 23:57:09,383 - urllib3.connectionpool - DEBUG - https://scores.frisbee.pl:443 "POST /test3/ext/watchlive.php/ HTTP/1.1" 200 171
2025-11-28 23:57:09,385 - server.scores_server - INFO - Scores request: {'ts': {'time': '0', 'ds': '17643702877', 'stop': False}, 'h': 1, 'a': 3, 'o': 'h', 'e': [{'t': 0, 'e': 'a', 'y': 'O'}, {'t': 25, 'e': 'a', 'a': 3, 's': 10, 'hs': '0', 'as': '1', 'y': 'S'}, {'t': 32, 'e': 'h', 'y': 'T'}, {'t': 35, 'e': 'a', 'a': 4, 's': 10, 'hs': '0', 'as': '2', 'y': 'S'}, {'t': 39, 'e': 'h', 'a': 34, 's': 57, 'hs': '1', 'as': '2', 'y': 'S'}, {'t': 182, 'e': 'a', 'a': 5, 's': 6, 'hs': '1', 'as': '3', 'y': 'S'}]}
2025-11-28 23:57:09,385 - models.game_server - DEBUG - Setting timer with data: {'time': '0', 'ds': '17643702877', 'stop': False}, current game_time: 17643702877. Match info: False
2025-11-28 23:57:09,385 - models.game_server - DEBUG - Start detection - Timer offset: 342, Game time: 17643702877
2025-11-28 23:57:09,385 - models.game_server - DEBUG - Send ws message: {'type': 'game', 'running_timer_set': 1, 'timer_offset': 342}
2025-11-28 23:57:09,385 - models.game_server - DEBUG - Timer set complete, game_time: 17643702877
2025-11-28 23:57:09,385 - server.scores_server - DEBUG - Updated game time: 17643702877
2025-11-28 23:57:13,386 - server.scores_server - DEBUG - Checking for score updates...
2025-11-28 23:57:13,387 - server.scores_server - DEBUG - Current game time: 17643702877
2025-11-28 23:57:13,387 - urllib3.connectionpool - DEBUG - Starting new HTTPS connection (1): scores.frisbee.pl:443
2025-11-28 23:57:13,465 - urllib3.connectionpool - DEBUG - https://scores.frisbee.pl:443 "POST /test3/ext/watchlive.php/ HTTP/1.1" 200 171
2025-11-28 23:57:13,467 - models.game_server - DEBUG - Setting timer with data: {'time': '0', 'ds': '17643702877', 'stop': False}, current game_time: 17643702877. Match info: False
2025-11-28 23:57:13,467 - models.game_server - DEBUG - Start detection - Timer offset: 346, Game time: 17643702877
2025-11-28 23:57:13,467 - models.game_server - DEBUG - Send ws message: {'type': 'game', 'running_timer_set': 1, 'timer_offset': 346}
2025-11-28 23:57:13,467 - models.game_server - DEBUG - Timer set complete, game_time: 17643702877
2025-11-28 23:57:13,468 - server.scores_server - DEBUG - Updated game time: 17643702877
2025-11-28 23:57:17,468 - server.scores_server - DEBUG - Checking for score updates...
2025-11-28 23:57:17,469 - server.scores_server - DEBUG - Current game time: 17643702877
2025-11-28 23:57:17,469 - urllib3.connectionpool - DEBUG - Starting new HTTPS connection (1): scores.frisbee.pl:443
2025-11-28 23:57:17,551 - urllib3.connectionpool - DEBUG - https://scores.frisbee.pl:443 "POST /test3/ext/watchlive.php/ HTTP/1.1" 200 171
2025-11-28 23:57:17,552 - server.scores_server - INFO - Scores request: {'ts': {'time': '0', 'ds': '17643702877', 'stop': False}, 'h': 1, 'a': 3, 'o': 'h', 'e': [{'t': 0, 'e': 'a', 'y': 'O'}, {'t': 25, 'e': 'a', 'a': 3, 's': 10, 'hs': '0', 'as': '1', 'y': 'S'}, {'t': 32, 'e': 'h', 'y': 'T'}, {'t': 35, 'e': 'a', 'a': 4, 's': 10, 'hs': '0', 'as': '2', 'y': 'S'}, {'t': 39, 'e': 'h', 'a': 34, 's': 57, 'hs': '1', 'as': '2', 'y': 'S'}, {'t': 182, 'e': 'a', 'a': 5, 's': 6, 'hs': '1', 'as': '3', 'y': 'S'}]}
2025-11-28 23:57:17,552 - models.game_server - DEBUG - Setting timer with data: {'time': '0', 'ds': '17643702877', 'stop': False}, current game_time: 17643702877. Match info: False
2025-11-28 23:57:17,552 - models.game_server - DEBUG - Start detection - Timer offset: 350, Game time: 17643702877
2025-11-28 23:57:17,553 - models.game_server - DEBUG - Send ws message: {'type': 'game', 'running_timer_set': 1, 'timer_offset': 350}
2025-11-28 23:57:17,553 - models.game_server - DEBUG - Timer set complete, game_time: 17643702877
2025-11-28 23:57:17,553 - server.scores_server - DEBUG - Updated game time: 17643702877
2025-11-28 23:57:21,554 - server.scores_server - DEBUG - Checking for score updates...
2025-11-28 23:57:21,554 - server.scores_server - DEBUG - Current game time: 17643702877
2025-11-28 23:57:21,554 - urllib3.connectionpool - DEBUG - Starting new HTTPS connection (1): scores.frisbee.pl:443
2025-11-28 23:57:21,652 - urllib3.connectionpool - DEBUG - https://scores.frisbee.pl:443 "POST /test3/ext/watchlive.php/ HTTP/1.1" 200 171
2025-11-28 23:57:21,653 - models.game_server - DEBUG - Setting timer with data: {'time': '0', 'ds': '17643702877', 'stop': False}, current game_time: 17643702877. Match info: False
2025-11-28 23:57:21,653 - models.game_server - DEBUG - Start detection - Timer offset: 354, Game time: 17643702877
2025-11-28 23:57:21,653 - models.game_server - DEBUG - Send ws message: {'type': 'game', 'running_timer_set': 1, 'timer_offset': 354}
2025-11-28 23:57:21,653 - models.game_server - DEBUG - Timer set complete, game_time: 17643702877
2025-11-28 23:57:21,653 - server.scores_server - DEBUG - Updated game time: 17643702877
2025-11-28 23:57:25,653 - server.scores_server - DEBUG - Checking for score updates...
2025-11-28 23:57:25,653 - server.scores_server - DEBUG - Current game time: 17643702877
2025-11-28 23:57:25,654 - urllib3.connectionpool - DEBUG - Starting new HTTPS connection (1): scores.frisbee.pl:443
2025-11-28 23:57:25,730 - urllib3.connectionpool - DEBUG - https://scores.frisbee.pl:443 "POST /test3/ext/watchlive.php/ HTTP/1.1" 200 171
2025-11-28 23:57:25,731 - server.scores_server - INFO - Scores request: {'ts': {'time': '0', 'ds': '17643702877', 'stop': False}, 'h': 1, 'a': 3, 'o': 'h', 'e': [{'t': 0, 'e': 'a', 'y': 'O'}, {'t': 25, 'e': 'a', 'a': 3, 's': 10, 'hs': '0', 'as': '1', 'y': 'S'}, {'t': 32, 'e': 'h', 'y': 'T'}, {'t': 35, 'e': 'a', 'a': 4, 's': 10, 'hs': '0', 'as': '2', 'y': 'S'}, {'t': 39, 'e': 'h', 'a': 34, 's': 57, 'hs': '1', 'as': '2', 'y': 'S'}, {'t': 182, 'e': 'a', 'a': 5, 's': 6, 'hs': '1', 'as': '3', 'y': 'S'}]}
2025-11-28 23:57:25,731 - models.game_server - DEBUG - Setting timer with data: {'time': '0', 'ds': '17643702877', 'stop': False}, current game_time: 17643702877. Match info: False
2025-11-28 23:57:25,731 - models.game_server - DEBUG - Start detection - Timer offset: 358, Game time: 17643702877
2025-11-28 23:57:25,731 - models.game_server - DEBUG - Send ws message: {'type': 'game', 'running_timer_set': 1, 'timer_offset': 358}
2025-11-28 23:57:25,732 - models.game_server - DEBUG - Timer set complete, game_time: 17643702877
2025-11-28 23:57:25,732 - server.scores_server - DEBUG - Updated game time: 17643702877
2025-11-28 23:57:28,578 - server.scores_server - DEBUG - Checking for score updates...
2025-11-28 23:57:28,578 - server.scores_server - DEBUG - Current game time: 17643702877
2025-11-28 23:57:28,579 - urllib3.connectionpool - DEBUG - Starting new HTTPS connection (1): scores.frisbee.pl:443
2025-11-28 23:57:28,689 - urllib3.connectionpool - DEBUG - https://scores.frisbee.pl:443 "POST /test3/ext/watchlive.php/ HTTP/1.1" 200 171
2025-11-28 23:57:28,690 - models.game_server - DEBUG - Setting timer with data: {'time': '0', 'ds': '17643702877', 'stop': False}, current game_time: 17643702877. Match info: False
2025-11-28 23:57:28,690 - models.game_server - DEBUG - Start detection - Timer offset: 361, Game time: 17643702877
2025-11-28 23:57:28,690 - models.game_server - DEBUG - Send ws message: {'type': 'game', 'running_timer_set': 1, 'timer_offset': 361}
2025-11-28 23:57:28,690 - models.game_server - DEBUG - Timer set complete, game_time: 17643702877
2025-11-28 23:57:28,690 - server.scores_server - DEBUG - Updated game time: 17643702877
2025-11-28 23:57:32,695 - server.scores_server - DEBUG - Checking for score updates...
2025-11-28 23:57:32,695 - server.scores_server - DEBUG - Current game time: 17643702877
2025-11-28 23:57:32,696 - urllib3.connectionpool - DEBUG - Starting new HTTPS connection (1): scores.frisbee.pl:443
2025-11-28 23:57:32,790 - urllib3.connectionpool - DEBUG - https://scores.frisbee.pl:443 "POST /test3/ext/watchlive.php/ HTTP/1.1" 200 171
2025-11-28 23:57:32,792 - server.scores_server - INFO - Scores request: {'ts': {'time': '0', 'ds': '17643702877', 'stop': False}, 'h': 1, 'a': 3, 'o': 'h', 'e': [{'t': 0, 'e': 'a', 'y': 'O'}, {'t': 25, 'e': 'a', 'a': 3, 's': 10, 'hs': '0', 'as': '1', 'y': 'S'}, {'t': 32, 'e': 'h', 'y': 'T'}, {'t': 35, 'e': 'a', 'a': 4, 's': 10, 'hs': '0', 'as': '2', 'y': 'S'}, {'t': 39, 'e': 'h', 'a': 34, 's': 57, 'hs': '1', 'as': '2', 'y': 'S'}, {'t': 182, 'e': 'a', 'a': 5, 's': 6, 'hs': '1', 'as': '3', 'y': 'S'}]}
2025-11-28 23:57:32,792 - models.game_server - DEBUG - Setting timer with data: {'time': '0', 'ds': '17643702877', 'stop': False}, current game_time: 17643702877. Match info: False
2025-11-28 23:57:32,792 - models.game_server - DEBUG - Start detection - Timer offset: 365, Game time: 17643702877
2025-11-28 23:57:32,792 - models.game_server - DEBUG - Send ws message: {'type': 'game', 'running_timer_set': 1, 'timer_offset': 365}
2025-11-28 23:57:32,792 - models.game_server - DEBUG - Timer set complete, game_time: 17643702877
2025-11-28 23:57:32,792 - server.scores_server - DEBUG - Updated game time: 17643702877
2025-11-28 23:57:36,801 - server.scores_server - DEBUG - Checking for score updates...
2025-11-28 23:57:36,802 - server.scores_server - DEBUG - Current game time: 17643702877
2025-11-28 23:57:36,802 - urllib3.connectionpool - DEBUG - Starting new HTTPS connection (1): scores.frisbee.pl:443
2025-11-28 23:57:36,921 - urllib3.connectionpool - DEBUG - https://scores.frisbee.pl:443 "POST /test3/ext/watchlive.php/ HTTP/1.1" 200 171
2025-11-28 23:57:36,922 - models.game_server - DEBUG - Setting timer with data: {'time': '0', 'ds': '17643702877', 'stop': False}, current game_time: 17643702877. Match info: False
2025-11-28 23:57:36,922 - models.game_server - DEBUG - Start detection - Timer offset: 369, Game time: 17643702877
2025-11-28 23:57:36,922 - models.game_server - DEBUG - Send ws message: {'type': 'game', 'running_timer_set': 1, 'timer_offset': 369}
2025-11-28 23:57:36,922 - models.game_server - DEBUG - Timer set complete, game_time: 17643702877
2025-11-28 23:57:36,922 - server.scores_server - DEBUG - Updated game time: 17643702877
2025-11-28 23:57:40,933 - server.scores_server - DEBUG - Checking for score updates...
2025-11-28 23:57:40,933 - server.scores_server - DEBUG - Current game time: 17643702877
2025-11-28 23:57:40,934 - urllib3.connectionpool - DEBUG - Starting new HTTPS connection (1): scores.frisbee.pl:443
2025-11-28 23:57:41,023 - urllib3.connectionpool - DEBUG - https://scores.frisbee.pl:443 "POST /test3/ext/watchlive.php/ HTTP/1.1" 200 171
2025-11-28 23:57:41,024 - server.scores_server - INFO - Scores request: {'ts': {'time': '0', 'ds': '17643702877', 'stop': False}, 'h': 1, 'a': 3, 'o': 'h', 'e': [{'t': 0, 'e': 'a', 'y': 'O'}, {'t': 25, 'e': 'a', 'a': 3, 's': 10, 'hs': '0', 'as': '1', 'y': 'S'}, {'t': 32, 'e': 'h', 'y': 'T'}, {'t': 35, 'e': 'a', 'a': 4, 's': 10, 'hs': '0', 'as': '2', 'y': 'S'}, {'t': 39, 'e': 'h', 'a': 34, 's': 57, 'hs': '1', 'as': '2', 'y': 'S'}, {'t': 182, 'e': 'a', 'a': 5, 's': 6, 'hs': '1', 'as': '3', 'y': 'S'}]}
2025-11-28 23:57:41,024 - models.game_server - DEBUG - Setting timer with data: {'time': '0', 'ds': '17643702877', 'stop': False}, current game_time: 17643702877. Match info: False
2025-11-28 23:57:41,024 - models.game_server - DEBUG - Start detection - Timer offset: 373, Game time: 17643702877
2025-11-28 23:57:41,024 - models.game_server - DEBUG - Send ws message: {'type': 'game', 'running_timer_set': 1, 'timer_offset': 373}
2025-11-28 23:57:41,025 - models.game_server - DEBUG - Timer set complete, game_time: 17643702877
2025-11-28 23:57:41,025 - server.scores_server - DEBUG - Updated game time: 17643702877
2025-11-28 23:57:45,036 - server.scores_server - DEBUG - Checking for score updates...
2025-11-28 23:57:45,037 - server.scores_server - DEBUG - Current game time: 17643702877
2025-11-28 23:57:45,037 - urllib3.connectionpool - DEBUG - Starting new HTTPS connection (1): scores.frisbee.pl:443
2025-11-28 23:57:45,117 - urllib3.connectionpool - DEBUG - https://scores.frisbee.pl:443 "POST /test3/ext/watchlive.php/ HTTP/1.1" 200 171
2025-11-28 23:57:45,118 - models.game_server - DEBUG - Setting timer with data: {'time': '0', 'ds': '17643702877', 'stop': False}, current game_time: 17643702877. Match info: False
2025-11-28 23:57:45,118 - models.game_server - DEBUG - Start detection - Timer offset: 377, Game time: 17643702877
2025-11-28 23:57:45,118 - models.game_server - DEBUG - Send ws message: {'type': 'game', 'running_timer_set': 1, 'timer_offset': 377}
2025-11-28 23:57:45,118 - models.game_server - DEBUG - Timer set complete, game_time: 17643702877
2025-11-28 23:57:45,119 - server.scores_server - DEBUG - Updated game time: 17643702877
2025-11-28 23:57:49,120 - server.scores_server - DEBUG - Checking for score updates...
2025-11-28 23:57:49,120 - server.scores_server - DEBUG - Current game time: 17643702877
2025-11-28 23:57:49,121 - urllib3.connectionpool - DEBUG - Starting new HTTPS connection (1): scores.frisbee.pl:443
2025-11-28 23:57:49,208 - urllib3.connectionpool - DEBUG - https://scores.frisbee.pl:443 "POST /test3/ext/watchlive.php/ HTTP/1.1" 200 171
2025-11-28 23:57:49,210 - server.scores_server - INFO - Scores request: {'ts': {'time': '0', 'ds': '17643702877', 'stop': False}, 'h': 1, 'a': 3, 'o': 'h', 'e': [{'t': 0, 'e': 'a', 'y': 'O'}, {'t': 25, 'e': 'a', 'a': 3, 's': 10, 'hs': '0', 'as': '1', 'y': 'S'}, {'t': 32, 'e': 'h', 'y': 'T'}, {'t': 35, 'e': 'a', 'a': 4, 's': 10, 'hs': '0', 'as': '2', 'y': 'S'}, {'t': 39, 'e': 'h', 'a': 34, 's': 57, 'hs': '1', 'as': '2', 'y': 'S'}, {'t': 182, 'e': 'a', 'a': 5, 's': 6, 'hs': '1', 'as': '3', 'y': 'S'}]}
2025-11-28 23:57:49,210 - models.game_server - DEBUG - Setting timer with data: {'time': '0', 'ds': '17643702877', 'stop': False}, current game_time: 17643702877. Match info: False
2025-11-28 23:57:49,210 - models.game_server - DEBUG - Start detection - Timer offset: 382, Game time: 17643702877
2025-11-28 23:57:49,210 - models.game_server - DEBUG - Send ws message: {'type': 'game', 'running_timer_set': 1, 'timer_offset': 382}
2025-11-28 23:57:49,210 - models.game_server - DEBUG - Timer set complete, game_time: 17643702877
2025-11-28 23:57:49,210 - server.scores_server - DEBUG - Updated game time: 17643702877
2025-11-28 23:57:53,272 - server.scores_server - DEBUG - Checking for score updates...
2025-11-28 23:57:53,273 - server.scores_server - DEBUG - Current game time: 17643702877
2025-11-28 23:57:53,273 - urllib3.connectionpool - DEBUG - Starting new HTTPS connection (1): scores.frisbee.pl:443
2025-11-28 23:57:53,352 - urllib3.connectionpool - DEBUG - https://scores.frisbee.pl:443 "POST /test3/ext/watchlive.php/ HTTP/1.1" 200 171
2025-11-28 23:57:53,353 - models.game_server - DEBUG - Setting timer with data: {'time': '0', 'ds': '17643702877', 'stop': False}, current game_time: 17643702877. Match info: False
2025-11-28 23:57:53,353 - models.game_server - DEBUG - Start detection - Timer offset: 386, Game time: 17643702877
2025-11-28 23:57:53,353 - models.game_server - DEBUG - Send ws message: {'type': 'game', 'running_timer_set': 1, 'timer_offset': 386}
2025-11-28 23:57:53,353 - models.game_server - DEBUG - Timer set complete, game_time: 17643702877
2025-11-28 23:57:53,353 - server.scores_server - DEBUG - Updated game time: 17643702877
2025-11-28 23:57:57,458 - server.scores_server - DEBUG - Checking for score updates...
2025-11-28 23:57:57,458 - server.scores_server - DEBUG - Current game time: 17643702877
2025-11-28 23:57:57,459 - urllib3.connectionpool - DEBUG - Starting new HTTPS connection (1): scores.frisbee.pl:443
2025-11-28 23:57:57,547 - urllib3.connectionpool - DEBUG - https://scores.frisbee.pl:443 "POST /test3/ext/watchlive.php/ HTTP/1.1" 200 171
2025-11-28 23:57:57,548 - server.scores_server - INFO - Scores request: {'ts': {'time': '0', 'ds': '17643702877', 'stop': False}, 'h': 1, 'a': 3, 'o': 'h', 'e': [{'t': 0, 'e': 'a', 'y': 'O'}, {'t': 25, 'e': 'a', 'a': 3, 's': 10, 'hs': '0', 'as': '1', 'y': 'S'}, {'t': 32, 'e': 'h', 'y': 'T'}, {'t': 35, 'e': 'a', 'a': 4, 's': 10, 'hs': '0', 'as': '2', 'y': 'S'}, {'t': 39, 'e': 'h', 'a': 34, 's': 57, 'hs': '1', 'as': '2', 'y': 'S'}, {'t': 182, 'e': 'a', 'a': 5, 's': 6, 'hs': '1', 'as': '3', 'y': 'S'}]}
2025-11-28 23:57:57,548 - models.game_server - DEBUG - Setting timer with data: {'time': '0', 'ds': '17643702877', 'stop': False}, current game_time: 17643702877. Match info: False
2025-11-28 23:57:57,549 - models.game_server - DEBUG - Start detection - Timer offset: 390, Game time: 17643702877
2025-11-28 23:57:57,549 - models.game_server - DEBUG - Send ws message: {'type': 'game', 'running_timer_set': 1, 'timer_offset': 390}
2025-11-28 23:57:57,549 - models.game_server - DEBUG - Timer set complete, game_time: 17643702877
2025-11-28 23:57:57,549 - server.scores_server - DEBUG - Updated game time: 17643702877
2025-11-28 23:58:01,551 - server.scores_server - DEBUG - Checking for score updates...
2025-11-28 23:58:01,551 - server.scores_server - DEBUG - Current game time: 17643702877
2025-11-28 23:58:01,552 - urllib3.connectionpool - DEBUG - Starting new HTTPS connection (1): scores.frisbee.pl:443
2025-11-28 23:58:01,794 - urllib3.connectionpool - DEBUG - https://scores.frisbee.pl:443 "POST /test3/ext/watchlive.php/ HTTP/1.1" 200 171
2025-11-28 23:58:01,795 - models.game_server - DEBUG - Setting timer with data: {'time': '0', 'ds': '17643702877', 'stop': False}, current game_time: 17643702877. Match info: False
2025-11-28 23:58:01,795 - models.game_server - DEBUG - Start detection - Timer offset: 394, Game time: 17643702877
2025-11-28 23:58:01,795 - models.game_server - DEBUG - Send ws message: {'type': 'game', 'running_timer_set': 1, 'timer_offset': 394}
2025-11-28 23:58:01,795 - models.game_server - DEBUG - Timer set complete, game_time: 17643702877
2025-11-28 23:58:01,795 - server.scores_server - DEBUG - Updated game time: 17643702877
2025-11-28 23:58:05,796 - server.scores_server - DEBUG - Checking for score updates...
2025-11-28 23:58:05,796 - server.scores_server - DEBUG - Current game time: 17643702877
2025-11-28 23:58:05,796 - urllib3.connectionpool - DEBUG - Starting new HTTPS connection (1): scores.frisbee.pl:443
2025-11-28 23:58:05,883 - urllib3.connectionpool - DEBUG - https://scores.frisbee.pl:443 "POST /test3/ext/watchlive.php/ HTTP/1.1" 200 171
2025-11-28 23:58:05,884 - server.scores_server - INFO - Scores request: {'ts': {'time': '0', 'ds': '17643702877', 'stop': False}, 'h': 1, 'a': 3, 'o': 'h', 'e': [{'t': 0, 'e': 'a', 'y': 'O'}, {'t': 25, 'e': 'a', 'a': 3, 's': 10, 'hs': '0', 'as': '1', 'y': 'S'}, {'t': 32, 'e': 'h', 'y': 'T'}, {'t': 35, 'e': 'a', 'a': 4, 's': 10, 'hs': '0', 'as': '2', 'y': 'S'}, {'t': 39, 'e': 'h', 'a': 34, 's': 57, 'hs': '1', 'as': '2', 'y': 'S'}, {'t': 182, 'e': 'a', 'a': 5, 's': 6, 'hs': '1', 'as': '3', 'y': 'S'}]}
2025-11-28 23:58:05,884 - models.game_server - DEBUG - Setting timer with data: {'time': '0', 'ds': '17643702877', 'stop': False}, current game_time: 17643702877. Match info: False
2025-11-28 23:58:05,884 - models.game_server - DEBUG - Start detection - Timer offset: 398, Game time: 17643702877
2025-11-28 23:58:05,884 - models.game_server - DEBUG - Send ws message: {'type': 'game', 'running_timer_set': 1, 'timer_offset': 398}
2025-11-28 23:58:05,884 - models.game_server - DEBUG - Timer set complete, game_time: 17643702877
2025-11-28 23:58:05,884 - server.scores_server - DEBUG - Updated game time: 17643702877
2025-11-28 23:58:09,897 - server.scores_server - DEBUG - Checking for score updates...
2025-11-28 23:58:09,897 - server.scores_server - DEBUG - Current game time: 17643702877
2025-11-28 23:58:09,898 - urllib3.connectionpool - DEBUG - Starting new HTTPS connection (1): scores.frisbee.pl:443
2025-11-28 23:58:09,998 - urllib3.connectionpool - DEBUG - https://scores.frisbee.pl:443 "POST /test3/ext/watchlive.php/ HTTP/1.1" 200 171
2025-11-28 23:58:10,000 - models.game_server - DEBUG - Setting timer with data: {'time': '0', 'ds': '17643702877', 'stop': False}, current game_time: 17643702877. Match info: False
2025-11-28 23:58:10,000 - models.game_server - DEBUG - Start detection - Timer offset: 402, Game time: 17643702877
2025-11-28 23:58:10,000 - models.game_server - DEBUG - Send ws message: {'type': 'game', 'running_timer_set': 1, 'timer_offset': 402}
2025-11-28 23:58:10,000 - models.game_server - DEBUG - Timer set complete, game_time: 17643702877
2025-11-28 23:58:10,000 - server.scores_server - DEBUG - Updated game time: 17643702877
2025-11-28 23:58:14,005 - server.scores_server - DEBUG - Checking for score updates...
2025-11-28 23:58:14,005 - server.scores_server - DEBUG - Current game time: 17643702877
2025-11-28 23:58:14,006 - urllib3.connectionpool - DEBUG - Starting new HTTPS connection (1): scores.frisbee.pl:443
2025-11-28 23:58:14,105 - urllib3.connectionpool - DEBUG - https://scores.frisbee.pl:443 "POST /test3/ext/watchlive.php/ HTTP/1.1" 200 171
2025-11-28 23:58:14,106 - server.scores_server - INFO - Scores request: {'ts': {'time': '0', 'ds': '17643702877', 'stop': False}, 'h': 1, 'a': 3, 'o': 'h', 'e': [{'t': 0, 'e': 'a', 'y': 'O'}, {'t': 25, 'e': 'a', 'a': 3, 's': 10, 'hs': '0', 'as': '1', 'y': 'S'}, {'t': 32, 'e': 'h', 'y': 'T'}, {'t': 35, 'e': 'a', 'a': 4, 's': 10, 'hs': '0', 'as': '2', 'y': 'S'}, {'t': 39, 'e': 'h', 'a': 34, 's': 57, 'hs': '1', 'as': '2', 'y': 'S'}, {'t': 182, 'e': 'a', 'a': 5, 's': 6, 'hs': '1', 'as': '3', 'y': 'S'}]}
2025-11-28 23:58:14,106 - models.game_server - DEBUG - Setting timer with data: {'time': '0', 'ds': '17643702877', 'stop': False}, current game_time: 17643702877. Match info: False
2025-11-28 23:58:14,107 - models.game_server - DEBUG - Start detection - Timer offset: 406, Game time: 17643702877
2025-11-28 23:58:14,107 - models.game_server - DEBUG - Send ws message: {'type': 'game', 'running_timer_set': 1, 'timer_offset': 406}
2025-11-28 23:58:14,107 - models.game_server - DEBUG - Timer set complete, game_time: 17643702877
2025-11-28 23:58:14,107 - server.scores_server - DEBUG - Updated game time: 17643702877
2025-11-28 23:58:16,350 - server.scores_server - DEBUG - Checking for score updates...
2025-11-28 23:58:16,350 - server.scores_server - DEBUG - Current game time: 17643702877
2025-11-28 23:58:16,351 - urllib3.connectionpool - DEBUG - Starting new HTTPS connection (1): scores.frisbee.pl:443
2025-11-28 23:58:16,442 - urllib3.connectionpool - DEBUG - https://scores.frisbee.pl:443 "POST /test3/ext/watchlive.php/ HTTP/1.1" 200 171
2025-11-28 23:58:16,443 - models.game_server - DEBUG - Setting timer with data: {'time': '0', 'ds': '17643702877', 'stop': False}, current game_time: 17643702877. Match info: False
2025-11-28 23:58:16,443 - models.game_server - DEBUG - Start detection - Timer offset: 409, Game time: 17643702877
2025-11-28 23:58:16,443 - models.game_server - DEBUG - Send ws message: {'type': 'game', 'running_timer_set': 1, 'timer_offset': 409}
2025-11-28 23:58:16,443 - models.game_server - DEBUG - Timer set complete, game_time: 17643702877
2025-11-28 23:58:16,443 - server.scores_server - DEBUG - Updated game time: 17643702877
2025-11-28 23:58:20,446 - server.scores_server - DEBUG - Checking for score updates...
2025-11-28 23:58:20,446 - server.scores_server - DEBUG - Current game time: 17643702877
2025-11-28 23:58:20,446 - urllib3.connectionpool - DEBUG - Starting new HTTPS connection (1): scores.frisbee.pl:443
2025-11-28 23:58:20,553 - urllib3.connectionpool - DEBUG - https://scores.frisbee.pl:443 "POST /test3/ext/watchlive.php/ HTTP/1.1" 200 171
2025-11-28 23:58:20,555 - server.scores_server - INFO - Scores request: {'ts': {'time': '0', 'ds': '17643702877', 'stop': False}, 'h': 1, 'a': 3, 'o': 'h', 'e': [{'t': 0, 'e': 'a', 'y': 'O'}, {'t': 25, 'e': 'a', 'a': 3, 's': 10, 'hs': '0', 'as': '1', 'y': 'S'}, {'t': 32, 'e': 'h', 'y': 'T'}, {'t': 35, 'e': 'a', 'a': 4, 's': 10, 'hs': '0', 'as': '2', 'y': 'S'}, {'t': 39, 'e': 'h', 'a': 34, 's': 57, 'hs': '1', 'as': '2', 'y': 'S'}, {'t': 182, 'e': 'a', 'a': 5, 's': 6, 'hs': '1', 'as': '3', 'y': 'S'}]}
2025-11-28 23:58:20,555 - models.game_server - DEBUG - Setting timer with data: {'time': '0', 'ds': '17643702877', 'stop': False}, current game_time: 17643702877. Match info: False
2025-11-28 23:58:20,555 - models.game_server - DEBUG - Start detection - Timer offset: 413, Game time: 17643702877
2025-11-28 23:58:20,555 - models.game_server - DEBUG - Send ws message: {'type': 'game', 'running_timer_set': 1, 'timer_offset': 413}
2025-11-28 23:58:20,555 - models.game_server - DEBUG - Timer set complete, game_time: 17643702877
2025-11-28 23:58:20,555 - server.scores_server - DEBUG - Updated game time: 17643702877
2025-11-28 23:58:24,561 - server.scores_server - DEBUG - Checking for score updates...
2025-11-28 23:58:24,561 - server.scores_server - DEBUG - Current game time: 17643702877
2025-11-28 23:58:24,562 - urllib3.connectionpool - DEBUG - Starting new HTTPS connection (1): scores.frisbee.pl:443
2025-11-28 23:58:24,982 - urllib3.connectionpool - DEBUG - https://scores.frisbee.pl:443 "POST /test3/ext/watchlive.php/ HTTP/1.1" 200 182
2025-11-28 23:58:24,983 - models.game_server - DEBUG - Setting timer with data: {'time': '0', 'ds': '17643702877', 'stop': False}, current game_time: 17643702877. Match info: False
2025-11-28 23:58:24,983 - models.game_server - DEBUG - Start detection - Timer offset: 417, Game time: 17643702877
2025-11-28 23:58:24,983 - models.game_server - DEBUG - Send ws message: {'type': 'game', 'running_timer_set': 1, 'timer_offset': 417}
2025-11-28 23:58:24,983 - models.game_server - DEBUG - Timer set complete, game_time: 17643702877
2025-11-28 23:58:24,983 - models.game_server - DEBUG - Send ws message: {'type': 'game', 'score_set': 1, 'data': {'a_score': '3', 'h_score': '2'}}
2025-11-28 23:58:24,984 - models.game_server - DEBUG - Send ws message: {'type': 'stats', 'stats_update': 1, 'stats_data': {'points': {'a': '3', 'h': '2', 'ap': 60, 'hp': 40}, 'o_points': {'a': 2, 'h': 2, 'ap': 50, 'hp': 50}, 'd_points': {'a': 1, 'h': 0, 'ap': 100, 'hp': 0}, 'o_time': {'a': '41.4%', 'h': '58.6%', 'ap': 41, 'hp': 59}, 'turnovers': {'a': 0, 'h': 1, 'ap': 0, 'hp': 100}, 'timeouts': {'a': 0, 'h': 0, 'ap': 0, 'hp': 0}, 'player_stats': {'a': {'10': {'name': 'Alexander Wojciechowski', 'goals': 2, 'assists': 0, 'total': 2}, '6': {'name': 'Luiza Szczepańska', 'goals': 1, 'assists': 0, 'total': 1}, '5': {'name': 'Ignacy Krupa', 'goals': 0, 'assists': 1, 'total': 1}, '3': {'name': 'Janusz Czarnecki', 'goals': 0, 'assists': 1, 'total': 1}, '4': {'name': 'Marcelina Górecka', 'goals': 0, 'assists': 1, 'total': 1}}, 'h': {'74': {'name': 'Joachim Walczak', 'goals': 1, 'assists': 0, 'total': 1}, '57': {'name': 'Konstanty Krawczyk', 'goals': 1, 'assists': 0, 'total': 1}, '34': {'name': 'Mateusz Mazurek', 'goals': 0, 'assists': 1, 'total': 1}, '35': {'name': 'Michał Szymczak', 'goals': 0, 'assists': 1, 'total': 1}}}}}
2025-11-28 23:58:24,984 - models.game_server - DEBUG - Preparing event: {'t': 413, 'e': 'h', 'a': 35, 's': 74, 'hs': '2', 'as': '3', 'y': 'S'}
2025-11-28 23:58:24,984 - models.game_server - INFO - Score event: {'side': 'h', 'subtype': 'score', 'data': {'assist': '', 'assist_no': '35', 'scorer': '', 'scorer_no': '74', 'a_score': '3', 'h_score': '2'}}
2025-11-28 23:58:24,984 - models.game_server - DEBUG - Send ws message: {'type': 'scoreboard', 'subtype': 'score', 'data': {'assist': 'Michał Szymczak', 'assist_no': '35', 'scorer': 'Joachim Walczak', 'scorer_no': '74', 'a_score': '3', 'h_score': '2'}, 'side': 'h'}
2025-11-28 23:58:24,984 - server.scores_server - DEBUG - Updated game time: 17643702877
2025-11-28 23:58:28,993 - server.scores_server - DEBUG - Checking for score updates...
2025-11-28 23:58:28,993 - server.scores_server - DEBUG - Current game time: 17643702877
2025-11-28 23:58:28,993 - urllib3.connectionpool - DEBUG - Starting new HTTPS connection (1): scores.frisbee.pl:443
2025-11-28 23:58:29,096 - urllib3.connectionpool - DEBUG - https://scores.frisbee.pl:443 "POST /test3/ext/watchlive.php/ HTTP/1.1" 200 199
2025-11-28 23:58:29,097 - server.scores_server - INFO - Scores request: {'ts': {'time': '0', 'ds': '17643702877', 'stop': False}, 'h': 3, 'a': 3, 'o': 'a', 'e': [{'t': 0, 'e': 'a', 'y': 'O'}, {'t': 25, 'e': 'a', 'a': 3, 's': 10, 'hs': '0', 'as': '1', 'y': 'S'}, {'t': 32, 'e': 'h', 'y': 'T'}, {'t': 35, 'e': 'a', 'a': 4, 's': 10, 'hs': '0', 'as': '2', 'y': 'S'}, {'t': 39, 'e': 'h', 'a': 34, 's': 57, 'hs': '1', 'as': '2', 'y': 'S'}, {'t': 182, 'e': 'a', 'a': 5, 's': 6, 'hs': '1', 'as': '3', 'y': 'S'}, {'t': 413, 'e': 'h', 'a': 35, 's': 74, 'hs': '2', 'as': '3', 'y': 'S'}, {'t': 418, 'e': 'a', 'y': 'T'}, {'t': 419, 'e': 'h', 'a': -1, 's': -1, 'hs': '3', 'as': '3', 'y': 'S'}]}
2025-11-28 23:58:29,097 - models.game_server - DEBUG - Setting timer with data: {'time': '0', 'ds': '17643702877', 'stop': False}, current game_time: 17643702877. Match info: False
2025-11-28 23:58:29,097 - models.game_server - DEBUG - Start detection - Timer offset: 421, Game time: 17643702877
2025-11-28 23:58:29,097 - models.game_server - DEBUG - Send ws message: {'type': 'game', 'running_timer_set': 1, 'timer_offset': 421}
2025-11-28 23:58:29,098 - models.game_server - DEBUG - Timer set complete, game_time: 17643702877
2025-11-28 23:58:29,098 - models.game_server - DEBUG - Send ws message: {'type': 'stats', 'stats_update': 1, 'stats_data': {'points': {'a': '3', 'h': '2', 'ap': 60, 'hp': 40}, 'o_points': {'a': 2, 'h': 2, 'ap': 50, 'hp': 50}, 'd_points': {'a': 1, 'h': 0, 'ap': 100, 'hp': 0}, 'o_time': {'a': '42.1%', 'h': '57.9%', 'ap': 42, 'hp': 58}, 'turnovers': {'a': 1, 'h': 1, 'ap': 50, 'hp': 50}, 'timeouts': {'a': 0, 'h': 0, 'ap': 0, 'hp': 0}, 'player_stats': {'a': {'10': {'name': 'Alexander Wojciechowski', 'goals': 2, 'assists': 0, 'total': 2}, '6': {'name': 'Luiza Szczepańska', 'goals': 1, 'assists': 0, 'total': 1}, '5': {'name': 'Ignacy Krupa', 'goals': 0, 'assists': 1, 'total': 1}, '3': {'name': 'Janusz Czarnecki', 'goals': 0, 'assists': 1, 'total': 1}, '4': {'name': 'Marcelina Górecka', 'goals': 0, 'assists': 1, 'total': 1}}, 'h': {'74': {'name': 'Joachim Walczak', 'goals': 1, 'assists': 0, 'total': 1}, '57': {'name': 'Konstanty Krawczyk', 'goals': 1, 'assists': 0, 'total': 1}, '34': {'name': 'Mateusz Mazurek', 'goals': 0, 'assists': 1, 'total': 1}, '35': {'name': 'Michał Szymczak', 'goals': 0, 'assists': 1, 'total': 1}}}}}
2025-11-28 23:58:29,098 - models.game_server - DEBUG - Preparing event: {'t': 418, 'e': 'a', 'y': 'T'}
2025-11-28 23:58:29,098 - models.game_server - DEBUG - Send ws message: {'type': 'scoreboard', 'subtype': 'turnover', 'data': {}, 'side': 'a'}
2025-11-28 23:58:29,098 - models.game_server - DEBUG - Send ws message: {'type': 'game', 'score_set': 1, 'data': {'a_score': '3', 'h_score': '3'}}
2025-11-28 23:58:29,098 - server.scores_server - DEBUG - Updated game time: 17643702877
2025-11-28 23:58:33,122 - server.scores_server - DEBUG - Checking for score updates...
2025-11-28 23:58:33,122 - server.scores_server - DEBUG - Current game time: 17643702877
2025-11-28 23:58:33,123 - urllib3.connectionpool - DEBUG - Starting new HTTPS connection (1): scores.frisbee.pl:443
2025-11-28 23:58:33,216 - urllib3.connectionpool - DEBUG - https://scores.frisbee.pl:443 "POST /test3/ext/watchlive.php/ HTTP/1.1" 200 211
2025-11-28 23:58:33,217 - models.game_server - DEBUG - Setting timer with data: {'time': '0', 'ds': '17643702877', 'stop': False}, current game_time: 17643702877. Match info: False
2025-11-28 23:58:33,217 - models.game_server - DEBUG - Start detection - Timer offset: 426, Game time: 17643702877
2025-11-28 23:58:33,217 - models.game_server - DEBUG - Send ws message: {'type': 'game', 'running_timer_set': 1, 'timer_offset': 426}
2025-11-28 23:58:33,218 - models.game_server - DEBUG - Timer set complete, game_time: 17643702877
2025-11-28 23:58:33,218 - models.game_server - DEBUG - Send ws message: {'type': 'game', 'score_set': 1, 'data': {'a_score': '3', 'h_score': '3'}}
2025-11-28 23:58:33,218 - models.game_server - DEBUG - Send ws message: {'type': 'stats', 'stats_update': 1, 'stats_data': {'points': {'a': '3', 'h': '3', 'ap': 50, 'hp': 50}, 'o_points': {'a': 2, 'h': 2, 'ap': 50, 'hp': 50}, 'd_points': {'a': 1, 'h': 1, 'ap': 50, 'hp': 50}, 'o_time': {'a': '42.0%', 'h': '58.0%', 'ap': 42, 'hp': 58}, 'turnovers': {'a': 1, 'h': 1, 'ap': 50, 'hp': 50}, 'timeouts': {'a': 0, 'h': 0, 'ap': 0, 'hp': 0}, 'player_stats': {'a': {'10': {'name': 'Alexander Wojciechowski', 'goals': 2, 'assists': 0, 'total': 2}, '6': {'name': 'Luiza Szczepańska', 'goals': 1, 'assists': 0, 'total': 1}, '5': {'name': 'Ignacy Krupa', 'goals': 0, 'assists': 1, 'total': 1}, '3': {'name': 'Janusz Czarnecki', 'goals': 0, 'assists': 1, 'total': 1}, '4': {'name': 'Marcelina Górecka', 'goals': 0, 'assists': 1, 'total': 1}}, 'h': {'74': {'name': 'Joachim Walczak', 'goals': 1, 'assists': 1, 'total': 2}, '34': {'name': 'Mateusz Mazurek', 'goals': 1, 'assists': 1, 'total': 2}, '57': {'name': 'Konstanty Krawczyk', 'goals': 1, 'assists': 0, 'total': 1}, '35': {'name': 'Michał Szymczak', 'goals': 0, 'assists': 1, 'total': 1}}}}}
2025-11-28 23:58:33,218 - models.game_server - DEBUG - Preparing event: {'t': 419, 'e': 'h', 'a': 74, 's': 34, 'hs': '3', 'as': '3', 'y': 'S'}
2025-11-28 23:58:33,218 - models.game_server - INFO - Score event: {'side': 'h', 'subtype': 'score', 'data': {'assist': '', 'assist_no': '74', 'scorer': '', 'scorer_no': '34', 'a_score': '3', 'h_score': '3'}}
2025-11-28 23:58:33,218 - models.game_server - DEBUG - Send ws message: {'type': 'scoreboard', 'subtype': 'score', 'data': {'assist': 'Joachim Walczak', 'assist_no': '74', 'scorer': 'Mateusz Mazurek', 'scorer_no': '34', 'a_score': '3', 'h_score': '3'}, 'side': 'h'}
2025-11-28 23:58:33,218 - models.game_server - DEBUG - Send ws message: {'type': 'game', 'score_set': 1, 'data': {'a_score': '4', 'h_score': '3'}}
2025-11-28 23:58:33,218 - server.scores_server - DEBUG - Updated game time: 17643702877
2025-11-28 23:58:37,231 - server.scores_server - DEBUG - Checking for score updates...
2025-11-28 23:58:37,231 - server.scores_server - DEBUG - Current game time: 17643702877
2025-11-28 23:58:37,232 - urllib3.connectionpool - DEBUG - Starting new HTTPS connection (1): scores.frisbee.pl:443
2025-11-28 23:58:37,332 - urllib3.connectionpool - DEBUG - https://scores.frisbee.pl:443 "POST /test3/ext/watchlive.php/ HTTP/1.1" 200 226
2025-11-28 23:58:37,334 - server.scores_server - INFO - Scores request: {'ts': {'time': '0', 'ds': '17643702877', 'stop': False}, 'h': 3, 'a': 5, 'o': 'h', 'e': [{'t': 0, 'e': 'a', 'y': 'O'}, {'t': 25, 'e': 'a', 'a': 3, 's': 10, 'hs': '0', 'as': '1', 'y': 'S'}, {'t': 32, 'e': 'h', 'y': 'T'}, {'t': 35, 'e': 'a', 'a': 4, 's': 10, 'hs': '0', 'as': '2', 'y': 'S'}, {'t': 39, 'e': 'h', 'a': 34, 's': 57, 'hs': '1', 'as': '2', 'y': 'S'}, {'t': 182, 'e': 'a', 'a': 5, 's': 6, 'hs': '1', 'as': '3', 'y': 'S'}, {'t': 413, 'e': 'h', 'a': 35, 's': 74, 'hs': '2', 'as': '3', 'y': 'S'}, {'t': 418, 'e': 'a', 'y': 'T'}, {'t': 419, 'e': 'h', 'a': 74, 's': 34, 'hs': '3', 'as': '3', 'y': 'S'}, {'t': 423, 'e': 'a', 'a': 6, 's': 22, 'hs': '3', 'as': '4', 'y': 'S'}, {'t': 427, 'e': 'h', 'y': 'T'}, {'t': 428, 'e': 'a', 'a': -1, 's': -1, 'hs': '3', 'as': '5', 'y': 'S'}]}
2025-11-28 23:58:37,334 - models.game_server - DEBUG - Setting timer with data: {'time': '0', 'ds': '17643702877', 'stop': False}, current game_time: 17643702877. Match info: False
2025-11-28 23:58:37,334 - models.game_server - DEBUG - Start detection - Timer offset: 430, Game time: 17643702877
2025-11-28 23:58:37,334 - models.game_server - DEBUG - Send ws message: {'type': 'game', 'running_timer_set': 1, 'timer_offset': 430}
2025-11-28 23:58:37,334 - models.game_server - DEBUG - Timer set complete, game_time: 17643702877
2025-11-28 23:58:37,334 - models.game_server - DEBUG - Send ws message: {'type': 'game', 'score_set': 1, 'data': {'a_score': '4', 'h_score': '3'}}
2025-11-28 23:58:37,334 - models.game_server - DEBUG - Send ws message: {'type': 'stats', 'stats_update': 1, 'stats_data': {'points': {'a': '4', 'h': '3', 'ap': 57, 'hp': 43}, 'o_points': {'a': 3, 'h': 2, 'ap': 60, 'hp': 40}, 'd_points': {'a': 1, 'h': 1, 'ap': 50, 'hp': 50}, 'o_time': {'a': '42.6%', 'h': '57.4%', 'ap': 43, 'hp': 57}, 'turnovers': {'a': 1, 'h': 1, 'ap': 50, 'hp': 50}, 'timeouts': {'a': 0, 'h': 0, 'ap': 0, 'hp': 0}, 'player_stats': {'a': {'10': {'name': 'Alexander Wojciechowski', 'goals': 2, 'assists': 0, 'total': 2}, '6': {'name': 'Luiza Szczepańska', 'goals': 1, 'assists': 1, 'total': 2}, '22': {'name': 'Łukasz Błaszczyk', 'goals': 1, 'assists': 0, 'total': 1}, '5': {'name': 'Ignacy Krupa', 'goals': 0, 'assists': 1, 'total': 1}, '3': {'name': 'Janusz Czarnecki', 'goals': 0, 'assists': 1, 'total': 1}, '4': {'name': 'Marcelina Górecka', 'goals': 0, 'assists': 1, 'total': 1}}, 'h': {'74': {'name': 'Joachim Walczak', 'goals': 1, 'assists': 1, 'total': 2}, '34': {'name': 'Mateusz Mazurek', 'goals': 1, 'assists': 1, 'total': 2}, '57': {'name': 'Konstanty Krawczyk', 'goals': 1, 'assists': 0, 'total': 1}, '35': {'name': 'Michał Szymczak', 'goals': 0, 'assists': 1, 'total': 1}}}}}
2025-11-28 23:58:37,335 - models.game_server - DEBUG - Preparing event: {'t': 423, 'e': 'a', 'a': 6, 's': 22, 'hs': '3', 'as': '4', 'y': 'S'}
2025-11-28 23:58:37,335 - models.game_server - INFO - Score event: {'side': 'a', 'subtype': 'score', 'data': {'assist': '', 'assist_no': '6', 'scorer': '', 'scorer_no': '22', 'a_score': '4', 'h_score': '3'}}
2025-11-28 23:58:37,335 - models.game_server - DEBUG - Send ws message: {'type': 'scoreboard', 'subtype': 'score', 'data': {'assist': 'Luiza Szczepańska', 'assist_no': '6', 'scorer': 'Łukasz Błaszczyk', 'scorer_no': '22', 'a_score': '4', 'h_score': '3'}, 'side': 'a'}
2025-11-28 23:58:37,335 - models.game_server - DEBUG - Send ws message: {'type': 'stats', 'stats_update': 1, 'stats_data': {'points': {'a': '4', 'h': '3', 'ap': 57, 'hp': 43}, 'o_points': {'a': 3, 'h': 2, 'ap': 60, 'hp': 40}, 'd_points': {'a': 1, 'h': 1, 'ap': 50, 'hp': 50}, 'o_time': {'a': '42.2%', 'h': '57.8%', 'ap': 42, 'hp': 58}, 'turnovers': {'a': 1, 'h': 2, 'ap': 33, 'hp': 67}, 'timeouts': {'a': 0, 'h': 0, 'ap': 0, 'hp': 0}, 'player_stats': {'a': {'10': {'name': 'Alexander Wojciechowski', 'goals': 2, 'assists': 0, 'total': 2}, '6': {'name': 'Luiza Szczepańska', 'goals': 1, 'assists': 1, 'total': 2}, '22': {'name': 'Łukasz Błaszczyk', 'goals': 1, 'assists': 0, 'total': 1}, '5': {'name': 'Ignacy Krupa', 'goals': 0, 'assists': 1, 'total': 1}, '3': {'name': 'Janusz Czarnecki', 'goals': 0, 'assists': 1, 'total': 1}, '4': {'name': 'Marcelina Górecka', 'goals': 0, 'assists': 1, 'total': 1}}, 'h': {'74': {'name': 'Joachim Walczak', 'goals': 1, 'assists': 1, 'total': 2}, '34': {'name': 'Mateusz Mazurek', 'goals': 1, 'assists': 1, 'total': 2}, '57': {'name': 'Konstanty Krawczyk', 'goals': 1, 'assists': 0, 'total': 1}, '35': {'name': 'Michał Szymczak', 'goals': 0, 'assists': 1, 'total': 1}}}}}
2025-11-28 23:58:37,335 - models.game_server - DEBUG - Preparing event: {'t': 427, 'e': 'h', 'y': 'T'}
2025-11-28 23:58:37,335 - models.game_server - DEBUG - Send ws message: {'type': 'scoreboard', 'subtype': 'turnover', 'data': {}, 'side': 'h'}
2025-11-28 23:58:37,335 - models.game_server - DEBUG - Send ws message: {'type': 'game', 'score_set': 1, 'data': {'a_score': '5', 'h_score': '3'}}
2025-11-28 23:58:37,335 - server.scores_server - DEBUG - Updated game time: 17643702877
2025-11-28 23:58:41,349 - server.scores_server - DEBUG - Checking for score updates...
2025-11-28 23:58:41,349 - server.scores_server - DEBUG - Current game time: 17643702877
2025-11-28 23:58:41,350 - urllib3.connectionpool - DEBUG - Starting new HTTPS connection (1): scores.frisbee.pl:443
2025-11-28 23:58:41,442 - urllib3.connectionpool - DEBUG - https://scores.frisbee.pl:443 "POST /test3/ext/watchlive.php/ HTTP/1.1" 200 222
2025-11-28 23:58:41,443 - models.game_server - DEBUG - Setting timer with data: {'time': '0', 'ds': '17643702877', 'stop': False}, current game_time: 17643702877. Match info: False
2025-11-28 23:58:41,443 - models.game_server - DEBUG - Start detection - Timer offset: 434, Game time: 17643702877
2025-11-28 23:58:41,443 - models.game_server - DEBUG - Send ws message: {'type': 'game', 'running_timer_set': 1, 'timer_offset': 434}
2025-11-28 23:58:41,443 - models.game_server - DEBUG - Timer set complete, game_time: 17643702877
2025-11-28 23:58:41,443 - models.game_server - DEBUG - Send ws message: {'type': 'game', 'score_set': 1, 'data': {'a_score': '5', 'h_score': '3'}}
2025-11-28 23:58:41,443 - models.game_server - DEBUG - Send ws message: {'type': 'stats', 'stats_update': 1, 'stats_data': {'points': {'a': '5', 'h': '3', 'ap': 62, 'hp': 38}, 'o_points': {'a': 3, 'h': 2, 'ap': 60, 'hp': 40}, 'd_points': {'a': 2, 'h': 1, 'ap': 67, 'hp': 33}, 'o_time': {'a': '42.3%', 'h': '57.7%', 'ap': 42, 'hp': 58}, 'turnovers': {'a': 1, 'h': 2, 'ap': 33, 'hp': 67}, 'timeouts': {'a': 0, 'h': 0, 'ap': 0, 'hp': 0}, 'player_stats': {'a': {'10': {'name': 'Alexander Wojciechowski', 'goals': 2, 'assists': 0, 'total': 2}, '22': {'name': 'Łukasz Błaszczyk', 'goals': 2, 'assists': 0, 'total': 2}, '6': {'name': 'Luiza Szczepańska', 'goals': 1, 'assists': 1, 'total': 2}, '4': {'name': 'Marcelina Górecka', 'goals': 0, 'assists': 2, 'total': 2}, '5': {'name': 'Ignacy Krupa', 'goals': 0, 'assists': 1, 'total': 1}, '3': {'name': 'Janusz Czarnecki', 'goals': 0, 'assists': 1, 'total': 1}}, 'h': {'74': {'name': 'Joachim Walczak', 'goals': 1, 'assists': 1, 'total': 2}, '34': {'name': 'Mateusz Mazurek', 'goals': 1, 'assists': 1, 'total': 2}, '57': {'name': 'Konstanty Krawczyk', 'goals': 1, 'assists': 0, 'total': 1}, '35': {'name': 'Michał Szymczak', 'goals': 0, 'assists': 1, 'total': 1}}}}}
2025-11-28 23:58:41,443 - models.game_server - DEBUG - Preparing event: {'t': 428, 'e': 'a', 'a': 4, 's': 22, 'hs': '3', 'as': '5', 'y': 'S'}
2025-11-28 23:58:41,444 - models.game_server - INFO - Score event: {'side': 'a', 'subtype': 'score', 'data': {'assist': '', 'assist_no': '4', 'scorer': '', 'scorer_no': '22', 'a_score': '5', 'h_score': '3'}}
2025-11-28 23:58:41,444 - models.game_server - DEBUG - Send ws message: {'type': 'scoreboard', 'subtype': 'score', 'data': {'assist': 'Marcelina Górecka', 'assist_no': '4', 'scorer': 'Łukasz Błaszczyk', 'scorer_no': '22', 'a_score': '5', 'h_score': '3'}, 'side': 'a'}
2025-11-28 23:58:41,444 - server.scores_server - DEBUG - Updated game time: 17643702877
2025-11-28 23:58:44,337 - server.scores_server - DEBUG - Checking for score updates...
2025-11-28 23:58:44,337 - server.scores_server - DEBUG - Current game time: 17643702877
2025-11-28 23:58:44,338 - urllib3.connectionpool - DEBUG - Starting new HTTPS connection (1): scores.frisbee.pl:443
2025-11-28 23:58:44,430 - urllib3.connectionpool - DEBUG - https://scores.frisbee.pl:443 "POST /test3/ext/watchlive.php/ HTTP/1.1" 200 222
2025-11-28 23:58:44,431 - server.scores_server - INFO - Scores request: {'ts': {'time': '0', 'ds': '17643702877', 'stop': False}, 'h': 3, 'a': 5, 'o': 'h', 'e': [{'t': 0, 'e': 'a', 'y': 'O'}, {'t': 25, 'e': 'a', 'a': 3, 's': 10, 'hs': '0', 'as': '1', 'y': 'S'}, {'t': 32, 'e': 'h', 'y': 'T'}, {'t': 35, 'e': 'a', 'a': 4, 's': 10, 'hs': '0', 'as': '2', 'y': 'S'}, {'t': 39, 'e': 'h', 'a': 34, 's': 57, 'hs': '1', 'as': '2', 'y': 'S'}, {'t': 182, 'e': 'a', 'a': 5, 's': 6, 'hs': '1', 'as': '3', 'y': 'S'}, {'t': 413, 'e': 'h', 'a': 35, 's': 74, 'hs': '2', 'as': '3', 'y': 'S'}, {'t': 418, 'e': 'a', 'y': 'T'}, {'t': 419, 'e': 'h', 'a': 74, 's': 34, 'hs': '3', 'as': '3', 'y': 'S'}, {'t': 423, 'e': 'a', 'a': 6, 's': 22, 'hs': '3', 'as': '4', 'y': 'S'}, {'t': 427, 'e': 'h', 'y': 'T'}, {'t': 428, 'e': 'a', 'a': 4, 's': 22, 'hs': '3', 'as': '5', 'y': 'S'}]}
2025-11-28 23:58:44,431 - models.game_server - DEBUG - Setting timer with data: {'time': '0', 'ds': '17643702877', 'stop': False}, current game_time: 17643702877. Match info: False
2025-11-28 23:58:44,431 - models.game_server - DEBUG - Start detection - Timer offset: 437, Game time: 17643702877
2025-11-28 23:58:44,431 - models.game_server - DEBUG - Send ws message: {'type': 'game', 'running_timer_set': 1, 'timer_offset': 437}
2025-11-28 23:58:44,432 - models.game_server - DEBUG - Timer set complete, game_time: 17643702877
2025-11-28 23:58:44,432 - server.scores_server - DEBUG - Updated game time: 17643702877
2025-11-28 23:58:48,445 - server.scores_server - DEBUG - Checking for score updates...
2025-11-28 23:58:48,446 - server.scores_server - DEBUG - Current game time: 17643702877
2025-11-28 23:58:48,446 - urllib3.connectionpool - DEBUG - Starting new HTTPS connection (1): scores.frisbee.pl:443
2025-11-28 23:58:48,515 - urllib3.connectionpool - DEBUG - https://scores.frisbee.pl:443 "POST /test3/ext/watchlive.php/ HTTP/1.1" 200 222
2025-11-28 23:58:48,516 - models.game_server - DEBUG - Setting timer with data: {'time': '0', 'ds': '17643702877', 'stop': False}, current game_time: 17643702877. Match info: False
2025-11-28 23:58:48,516 - models.game_server - DEBUG - Start detection - Timer offset: 441, Game time: 17643702877
2025-11-28 23:58:48,516 - models.game_server - DEBUG - Send ws message: {'type': 'game', 'running_timer_set': 1, 'timer_offset': 441}
2025-11-28 23:58:48,516 - models.game_server - DEBUG - Timer set complete, game_time: 17643702877
2025-11-28 23:58:48,516 - server.scores_server - DEBUG - Updated game time: 17643702877
2025-11-28 23:58:52,521 - server.scores_server - DEBUG - Checking for score updates...
2025-11-28 23:58:52,521 - server.scores_server - DEBUG - Current game time: 17643702877
2025-11-28 23:58:52,522 - urllib3.connectionpool - DEBUG - Starting new HTTPS connection (1): scores.frisbee.pl:443
2025-11-28 23:58:52,590 - urllib3.connectionpool - DEBUG - https://scores.frisbee.pl:443 "POST /test3/ext/watchlive.php/ HTTP/1.1" 200 222
2025-11-28 23:58:52,591 - server.scores_server - INFO - Scores request: {'ts': {'time': '0', 'ds': '17643702877', 'stop': False}, 'h': 3, 'a': 5, 'o': 'h', 'e': [{'t': 0, 'e': 'a', 'y': 'O'}, {'t': 25, 'e': 'a', 'a': 3, 's': 10, 'hs': '0', 'as': '1', 'y': 'S'}, {'t': 32, 'e': 'h', 'y': 'T'}, {'t': 35, 'e': 'a', 'a': 4, 's': 10, 'hs': '0', 'as': '2', 'y': 'S'}, {'t': 39, 'e': 'h', 'a': 34, 's': 57, 'hs': '1', 'as': '2', 'y': 'S'}, {'t': 182, 'e': 'a', 'a': 5, 's': 6, 'hs': '1', 'as': '3', 'y': 'S'}, {'t': 413, 'e': 'h', 'a': 35, 's': 74, 'hs': '2', 'as': '3', 'y': 'S'}, {'t': 418, 'e': 'a', 'y': 'T'}, {'t': 419, 'e': 'h', 'a': 74, 's': 34, 'hs': '3', 'as': '3', 'y': 'S'}, {'t': 423, 'e': 'a', 'a': 6, 's': 22, 'hs': '3', 'as': '4', 'y': 'S'}, {'t': 427, 'e': 'h', 'y': 'T'}, {'t': 428, 'e': 'a', 'a': 4, 's': 22, 'hs': '3', 'as': '5', 'y': 'S'}]}
2025-11-28 23:58:52,592 - models.game_server - DEBUG - Setting timer with data: {'time': '0', 'ds': '17643702877', 'stop': False}, current game_time: 17643702877. Match info: False
2025-11-28 23:58:52,592 - models.game_server - DEBUG - Start detection - Timer offset: 445, Game time: 17643702877
2025-11-28 23:58:52,592 - models.game_server - DEBUG - Send ws message: {'type': 'game', 'running_timer_set': 1, 'timer_offset': 445}
2025-11-28 23:58:52,592 - models.game_server - DEBUG - Timer set complete, game_time: 17643702877
2025-11-28 23:58:52,592 - server.scores_server - DEBUG - Updated game time: 17643702877
2025-11-28 23:58:56,599 - server.scores_server - DEBUG - Checking for score updates...
2025-11-28 23:58:56,599 - server.scores_server - DEBUG - Current game time: 17643702877
2025-11-28 23:58:56,600 - urllib3.connectionpool - DEBUG - Starting new HTTPS connection (1): scores.frisbee.pl:443
2025-11-28 23:58:56,677 - urllib3.connectionpool - DEBUG - https://scores.frisbee.pl:443 "POST /test3/ext/watchlive.php/ HTTP/1.1" 200 222
2025-11-28 23:58:56,678 - models.game_server - DEBUG - Setting timer with data: {'time': '0', 'ds': '17643702877', 'stop': False}, current game_time: 17643702877. Match info: False
2025-11-28 23:58:56,678 - models.game_server - DEBUG - Start detection - Timer offset: 449, Game time: 17643702877
2025-11-28 23:58:56,679 - models.game_server - DEBUG - Send ws message: {'type': 'game', 'running_timer_set': 1, 'timer_offset': 449}
2025-11-28 23:58:56,679 - models.game_server - DEBUG - Timer set complete, game_time: 17643702877
2025-11-28 23:58:56,679 - server.scores_server - DEBUG - Updated game time: 17643702877
2025-11-28 23:59:00,688 - server.scores_server - DEBUG - Checking for score updates...
2025-11-28 23:59:00,688 - server.scores_server - DEBUG - Current game time: 17643702877
2025-11-28 23:59:00,689 - urllib3.connectionpool - DEBUG - Starting new HTTPS connection (1): scores.frisbee.pl:443
2025-11-28 23:59:00,770 - urllib3.connectionpool - DEBUG - https://scores.frisbee.pl:443 "POST /test3/ext/watchlive.php/ HTTP/1.1" 200 222
2025-11-28 23:59:00,771 - server.scores_server - INFO - Scores request: {'ts': {'time': '0', 'ds': '17643702877', 'stop': False}, 'h': 3, 'a': 5, 'o': 'h', 'e': [{'t': 0, 'e': 'a', 'y': 'O'}, {'t': 25, 'e': 'a', 'a': 3, 's': 10, 'hs': '0', 'as': '1', 'y': 'S'}, {'t': 32, 'e': 'h', 'y': 'T'}, {'t': 35, 'e': 'a', 'a': 4, 's': 10, 'hs': '0', 'as': '2', 'y': 'S'}, {'t': 39, 'e': 'h', 'a': 34, 's': 57, 'hs': '1', 'as': '2', 'y': 'S'}, {'t': 182, 'e': 'a', 'a': 5, 's': 6, 'hs': '1', 'as': '3', 'y': 'S'}, {'t': 413, 'e': 'h', 'a': 35, 's': 74, 'hs': '2', 'as': '3', 'y': 'S'}, {'t': 418, 'e': 'a', 'y': 'T'}, {'t': 419, 'e': 'h', 'a': 74, 's': 34, 'hs': '3', 'as': '3', 'y': 'S'}, {'t': 423, 'e': 'a', 'a': 6, 's': 22, 'hs': '3', 'as': '4', 'y': 'S'}, {'t': 427, 'e': 'h', 'y': 'T'}, {'t': 428, 'e': 'a', 'a': 4, 's': 22, 'hs': '3', 'as': '5', 'y': 'S'}]}
2025-11-28 23:59:00,771 - models.game_server - DEBUG - Setting timer with data: {'time': '0', 'ds': '17643702877', 'stop': False}, current game_time: 17643702877. Match info: False
2025-11-28 23:59:00,771 - models.game_server - DEBUG - Start detection - Timer offset: 453, Game time: 17643702877
2025-11-28 23:59:00,771 - models.game_server - DEBUG - Send ws message: {'type': 'game', 'running_timer_set': 1, 'timer_offset': 453}
2025-11-28 23:59:00,771 - models.game_server - DEBUG - Timer set complete, game_time: 17643702877
2025-11-28 23:59:00,771 - server.scores_server - DEBUG - Updated game time: 17643702877
2025-11-28 23:59:04,783 - server.scores_server - DEBUG - Checking for score updates...
2025-11-28 23:59:04,783 - server.scores_server - DEBUG - Current game time: 17643702877
2025-11-28 23:59:04,784 - urllib3.connectionpool - DEBUG - Starting new HTTPS connection (1): scores.frisbee.pl:443
2025-11-28 23:59:04,901 - urllib3.connectionpool - DEBUG - https://scores.frisbee.pl:443 "POST /test3/ext/watchlive.php/ HTTP/1.1" 200 222
2025-11-28 23:59:04,902 - models.game_server - DEBUG - Setting timer with data: {'time': '0', 'ds': '17643702877', 'stop': False}, current game_time: 17643702877. Match info: False
2025-11-28 23:59:04,902 - models.game_server - DEBUG - Start detection - Timer offset: 457, Game time: 17643702877
2025-11-28 23:59:04,902 - models.game_server - DEBUG - Send ws message: {'type': 'game', 'running_timer_set': 1, 'timer_offset': 457}
2025-11-28 23:59:04,902 - models.game_server - DEBUG - Timer set complete, game_time: 17643702877
2025-11-28 23:59:04,902 - server.scores_server - DEBUG - Updated game time: 17643702877
2025-11-28 23:59:08,919 - server.scores_server - DEBUG - Checking for score updates...
2025-11-28 23:59:08,920 - server.scores_server - DEBUG - Current game time: 17643702877
2025-11-28 23:59:08,920 - urllib3.connectionpool - DEBUG - Starting new HTTPS connection (1): scores.frisbee.pl:443
2025-11-28 23:59:09,065 - urllib3.connectionpool - DEBUG - https://scores.frisbee.pl:443 "POST /test3/ext/watchlive.php/ HTTP/1.1" 200 224
2025-11-28 23:59:09,066 - server.scores_server - INFO - Scores request: {'ts': {'time': '4574', 'ds': '17643707452', 'stop': True}, 'h': 3, 'a': 5, 'o': 'h', 'e': [{'t': 0, 'e': 'a', 'y': 'O'}, {'t': 25, 'e': 'a', 'a': 3, 's': 10, 'hs': '0', 'as': '1', 'y': 'S'}, {'t': 32, 'e': 'h', 'y': 'T'}, {'t': 35, 'e': 'a', 'a': 4, 's': 10, 'hs': '0', 'as': '2', 'y': 'S'}, {'t': 39, 'e': 'h', 'a': 34, 's': 57, 'hs': '1', 'as': '2', 'y': 'S'}, {'t': 182, 'e': 'a', 'a': 5, 's': 6, 'hs': '1', 'as': '3', 'y': 'S'}, {'t': 413, 'e': 'h', 'a': 35, 's': 74, 'hs': '2', 'as': '3', 'y': 'S'}, {'t': 418, 'e': 'a', 'y': 'T'}, {'t': 419, 'e': 'h', 'a': 74, 's': 34, 'hs': '3', 'as': '3', 'y': 'S'}, {'t': 423, 'e': 'a', 'a': 6, 's': 22, 'hs': '3', 'as': '4', 'y': 'S'}, {'t': 427, 'e': 'h', 'y': 'T'}, {'t': 428, 'e': 'a', 'a': 4, 's': 22, 'hs': '3', 'as': '5', 'y': 'S'}]}
2025-11-28 23:59:09,066 - server.scores_server - DEBUG - Updated game time: 17643702877
2025-11-28 23:59:13,067 - server.scores_server - DEBUG - Checking for score updates...
2025-11-28 23:59:13,067 - server.scores_server - DEBUG - Update conditions not met: players=True, game_number=1053, stopped_game=True
2025-11-28 23:59:15,893 - server.scores_server - DEBUG - Checking for score updates...
2025-11-28 23:59:15,894 - server.scores_server - DEBUG - Update conditions not met: players=True, game_number=1053, stopped_game=True
2025-11-28 23:59:19,915 - server.scores_server - DEBUG - Checking for score updates...
2025-11-28 23:59:19,915 - server.scores_server - DEBUG - Update conditions not met: players=True, game_number=1053, stopped_game=True
2025-11-28 23:59:23,923 - server.scores_server - DEBUG - Checking for score updates...
2025-11-28 23:59:23,923 - server.scores_server - DEBUG - Update conditions not met: players=True, game_number=1053, stopped_game=True
2025-11-28 23:59:27,943 - server.scores_server - DEBUG - Checking for score updates...
2025-11-28 23:59:27,944 - server.scores_server - DEBUG - Update conditions not met: players=True, game_number=1053, stopped_game=True
2025-11-28 23:59:31,964 - server.scores_server - DEBUG - Checking for score updates...
2025-11-28 23:59:31,964 - server.scores_server - DEBUG - Update conditions not met: players=True, game_number=1053, stopped_game=True
2025-11-28 23:59:35,973 - server.scores_server - DEBUG - Checking for score updates...
2025-11-28 23:59:35,973 - server.scores_server - DEBUG - Update conditions not met: players=True, game_number=1053, stopped_game=True
2025-11-28 23:59:39,990 - server.scores_server - DEBUG - Checking for score updates...
2025-11-28 23:59:39,990 - server.scores_server - DEBUG - Update conditions not met: players=True, game_number=1053, stopped_game=True
2025-11-28 23:59:44,003 - server.scores_server - DEBUG - Checking for score updates...
2025-11-28 23:59:44,003 - server.scores_server - DEBUG - Update conditions not met: players=True, game_number=1053, stopped_game=True
2025-11-28 23:59:46,075 - urllib3.connectionpool - DEBUG - Starting new HTTPS connection (1): scores.frisbee.pl:443
2025-11-28 23:59:46,201 - urllib3.connectionpool - DEBUG - https://scores.frisbee.pl:443 "POST /test3/ext/watchlive.php/ HTTP/1.1" 200 568
2025-11-28 23:59:46,201 - models.game_server - INFO - Match info request: {'ts': {'time': '8400', 'ds': '17643707646', 'stop': False}, 'h': 3, 'a': 6, 'o': 'h', 'e': [{'t': 0, 'e': 'a', 'y': 'O'}, {'t': 25, 'e': 'a', 'a': 3, 's': 10, 'hs': '0', 'as': '1', 'y': 'S'}, {'t': 32, 'e': 'h', 'y': 'T'}, {'t': 35, 'e': 'a', 'a': 4, 's': 10, 'hs': '0', 'as': '2', 'y': 'S'}, {'t': 39, 'e': 'h', 'a': 34, 's': 57, 'hs': '1', 'as': '2', 'y': 'S'}, {'t': 182, 'e': 'a', 'a': 5, 's': 6, 'hs': '1', 'as': '3', 'y': 'S'}, {'t': 413, 'e': 'h', 'a': 35, 's': 74, 'hs': '2', 'as': '3', 'y': 'S'}, {'t': 418, 'e': 'a', 'y': 'T'}, {'t': 419, 'e': 'h', 'a': 74, 's': 34, 'hs': '3', 'as': '3', 'y': 'S'}, {'t': 423, 'e': 'a', 'a': 6, 's': 22, 'hs': '3', 'as': '4', 'y': 'S'}, {'t': 427, 'e': 'h', 'y': 'T'}, {'t': 428, 'e': 'a', 'a': 4, 's': 22, 'hs': '3', 'as': '5', 'y': 'S'}, {'t': 846, 'e': 'h', 'y': 'T'}, {'t': 847, 'e': 'a', 'a': 3, 's': 10, 'hs': '3', 'as': '6', 'y': 'S'}], 'p': {'h': {'34': 'Mateusz Mazurek', '74': 'Joachim Walczak', '17': 'Henryk Mazurek', '57': 'Konstanty Krawczyk', '97': 'Michał Przybylski', '35': 'Michał Szymczak', '75': 'Arleta Ostrowska', '12': 'Teresa Górecka', '55': 'Paulina Adamska', '92': 'Judyta Baranowska'}, 'a': {'10': 'Alexander Wojciechowski', '22': 'Łukasz Błaszczyk', '5': 'Ignacy Krupa', '33': 'Błażej Woźniak', '7': 'Artur Walczak', '3': 'Janusz Czarnecki', '4': 'Marcelina Górecka', '91': 'Zofia Wójcik', '6': 'Luiza Szczepańska', '1': 'Olga Borkowska'}}, 'hn': 'Hihara', 'an': 'Bongo', 'ha': 'HHR', 'aa': 'BNG'}
2025-11-28 23:59:46,201 - models.game_server - DEBUG - Send ws message: {'type': 'team', 'team': 'h', 'team_name': 'HHR', 'team_name_full': 'Hihara'}
2025-11-28 23:59:46,201 - models.game_server - DEBUG - Send ws message: {'type': 'team', 'team': 'a', 'team_name': 'BNG', 'team_name_full': 'Bongo'}
2025-11-28 23:59:46,201 - models.game_server - DEBUG - Setting timer with data: {'time': '8400', 'ds': '17643707646', 'stop': False}, current game_time: 17643707646. Match info: True
2025-11-28 23:59:46,202 - models.game_server - DEBUG - Start detection - Timer offset: 22, Game time: 17643707646
2025-11-28 23:59:46,202 - models.game_server - DEBUG - Send ws message: {'type': 'game', 'running_timer_set': 1, 'timer_offset': 22}
2025-11-28 23:59:46,202 - models.game_server - DEBUG - Timer set complete, game_time: 17643707646
2025-11-28 23:59:46,202 - models.game_server - DEBUG - Send ws message: {'type': 'game', 'score_set': 1, 'data': {'a_score': 6, 'h_score': 3}}
2025-11-28 23:59:46,202 - models.game_server - DEBUG - Send ws message: {'type': 'players', 'players_set': 1, 'players': {'h': {'34': 'Mateusz Mazurek', '74': 'Joachim Walczak', '17': 'Henryk Mazurek', '57': 'Konstanty Krawczyk', '97': 'Michał Przybylski', '35': 'Michał Szymczak', '75': 'Arleta Ostrowska', '12': 'Teresa Górecka', '55': 'Paulina Adamska', '92': 'Judyta Baranowska'}, 'a': {'10': 'Alexander Wojciechowski', '22': 'Łukasz Błaszczyk', '5': 'Ignacy Krupa', '33': 'Błażej Woźniak', '7': 'Artur Walczak', '3': 'Janusz Czarnecki', '4': 'Marcelina Górecka', '91': 'Zofia Wójcik', '6': 'Luiza Szczepańska', '1': 'Olga Borkowska'}}}
2025-11-28 23:59:46,203 - models.game_server - INFO - Players: {'h': {'34': 'Mateusz Mazurek', '74': 'Joachim Walczak', '17': 'Henryk Mazurek', '57': 'Konstanty Krawczyk', '97': 'Michał Przybylski', '35': 'Michał Szymczak', '75': 'Arleta Ostrowska', '12': 'Teresa Górecka', '55': 'Paulina Adamska', '92': 'Judyta Baranowska'}, 'a': {'10': 'Alexander Wojciechowski', '22': 'Łukasz Błaszczyk', '5': 'Ignacy Krupa', '33': 'Błażej Woźniak', '7': 'Artur Walczak', '3': 'Janusz Czarnecki', '4': 'Marcelina Górecka', '91': 'Zofia Wójcik', '6': 'Luiza Szczepańska', '1': 'Olga Borkowska'}}
2025-11-28 23:59:46,766 - server.scores_server - DEBUG - Checking for score updates...
2025-11-28 23:59:46,766 - server.scores_server - DEBUG - Current game time: 17643707646
2025-11-28 23:59:46,767 - urllib3.connectionpool - DEBUG - Starting new HTTPS connection (1): scores.frisbee.pl:443
2025-11-28 23:59:46,894 - urllib3.connectionpool - DEBUG - https://scores.frisbee.pl:443 "POST /test3/ext/watchlive.php/ HTTP/1.1" 200 238
2025-11-28 23:59:46,895 - models.game_server - DEBUG - Setting timer with data: {'time': '8400', 'ds': '17643707646', 'stop': False}, current game_time: 17643707646. Match info: False
2025-11-28 23:59:46,895 - models.game_server - DEBUG - Start detection - Timer offset: 22, Game time: 17643707646
2025-11-28 23:59:46,895 - models.game_server - DEBUG - Send ws message: {'type': 'game', 'running_timer_set': 1, 'timer_offset': 22}
2025-11-28 23:59:46,895 - models.game_server - DEBUG - Timer set complete, game_time: 17643707646
2025-11-28 23:59:46,895 - models.game_server - DEBUG - Send ws message: {'type': 'stats', 'stats_update': 1, 'stats_data': {'points': {'a': '5', 'h': '3', 'ap': 62, 'hp': 38}, 'o_points': {'a': 3, 'h': 2, 'ap': 60, 'hp': 40}, 'd_points': {'a': 2, 'h': 1, 'ap': 67, 'hp': 33}, 'o_time': {'a': '21.4%', 'h': '78.6%', 'ap': 21, 'hp': 79}, 'turnovers': {'a': 1, 'h': 3, 'ap': 25, 'hp': 75}, 'timeouts': {'a': 0, 'h': 0, 'ap': 0, 'hp': 0}, 'player_stats': {'a': {'10': {'name': 'Alexander Wojciechowski', 'goals': 2, 'assists': 0, 'total': 2}, '22': {'name': 'Łukasz Błaszczyk', 'goals': 2, 'assists': 0, 'total': 2}, '6': {'name': 'Luiza Szczepańska', 'goals': 1, 'assists': 1, 'total': 2}, '4': {'name': 'Marcelina Górecka', 'goals': 0, 'assists': 2, 'total': 2}, '5': {'name': 'Ignacy Krupa', 'goals': 0, 'assists': 1, 'total': 1}, '3': {'name': 'Janusz Czarnecki', 'goals': 0, 'assists': 1, 'total': 1}}, 'h': {'74': {'name': 'Joachim Walczak', 'goals': 1, 'assists': 1, 'total': 2}, '34': {'name': 'Mateusz Mazurek', 'goals': 1, 'assists': 1, 'total': 2}, '57': {'name': 'Konstanty Krawczyk', 'goals': 1, 'assists': 0, 'total': 1}, '35': {'name': 'Michał Szymczak', 'goals': 0, 'assists': 1, 'total': 1}}}}}
2025-11-28 23:59:46,895 - models.game_server - DEBUG - Preparing event: {'t': 846, 'e': 'h', 'y': 'T'}
2025-11-28 23:59:46,895 - models.game_server - DEBUG - Send ws message: {'type': 'scoreboard', 'subtype': 'turnover', 'data': {}, 'side': 'h'}
2025-11-28 23:59:46,895 - models.game_server - DEBUG - Send ws message: {'type': 'game', 'score_set': 1, 'data': {'a_score': '6', 'h_score': '3'}}
2025-11-28 23:59:46,896 - models.game_server - DEBUG - Send ws message: {'type': 'stats', 'stats_update': 1, 'stats_data': {'points': {'a': '6', 'h': '3', 'ap': 67, 'hp': 33}, 'o_points': {'a': 3, 'h': 2, 'ap': 60, 'hp': 40}, 'd_points': {'a': 3, 'h': 1, 'ap': 75, 'hp': 25}, 'o_time': {'a': '21.5%', 'h': '78.5%', 'ap': 22, 'hp': 78}, 'turnovers': {'a': 1, 'h': 3, 'ap': 25, 'hp': 75}, 'timeouts': {'a': 0, 'h': 0, 'ap': 0, 'hp': 0}, 'player_stats': {'a': {'10': {'name': 'Alexander Wojciechowski', 'goals': 3, 'assists': 0, 'total': 3}, '22': {'name': 'Łukasz Błaszczyk', 'goals': 2, 'assists': 0, 'total': 2}, '6': {'name': 'Luiza Szczepańska', 'goals': 1, 'assists': 1, 'total': 2}, '3': {'name': 'Janusz Czarnecki', 'goals': 0, 'assists': 2, 'total': 2}, '4': {'name': 'Marcelina Górecka', 'goals': 0, 'assists': 2, 'total': 2}, '5': {'name': 'Ignacy Krupa', 'goals': 0, 'assists': 1, 'total': 1}}, 'h': {'74': {'name': 'Joachim Walczak', 'goals': 1, 'assists': 1, 'total': 2}, '34': {'name': 'Mateusz Mazurek', 'goals': 1, 'assists': 1, 'total': 2}, '57': {'name': 'Konstanty Krawczyk', 'goals': 1, 'assists': 0, 'total': 1}, '35': {'name': 'Michał Szymczak', 'goals': 0, 'assists': 1, 'total': 1}}}}}
2025-11-28 23:59:46,896 - models.game_server - DEBUG - Preparing event: {'t': 847, 'e': 'a', 'a': 3, 's': 10, 'hs': '3', 'as': '6', 'y': 'S'}
2025-11-28 23:59:46,896 - models.game_server - INFO - Score event: {'side': 'a', 'subtype': 'score', 'data': {'assist': '', 'assist_no': '3', 'scorer': '', 'scorer_no': '10', 'a_score': '6', 'h_score': '3'}}
2025-11-28 23:59:46,896 - models.game_server - DEBUG - Send ws message: {'type': 'scoreboard', 'subtype': 'score', 'data': {'assist': 'Janusz Czarnecki', 'assist_no': '3', 'scorer': 'Alexander Wojciechowski', 'scorer_no': '10', 'a_score': '6', 'h_score': '3'}, 'side': 'a'}
2025-11-28 23:59:46,896 - server.scores_server - DEBUG - Updated game time: 17643707646
2025-11-28 23:59:50,912 - server.scores_server - DEBUG - Checking for score updates...
2025-11-28 23:59:50,912 - server.scores_server - DEBUG - Current game time: 17643707646
2025-11-28 23:59:50,912 - urllib3.connectionpool - DEBUG - Starting new HTTPS connection (1): scores.frisbee.pl:443
2025-11-28 23:59:51,011 - urllib3.connectionpool - DEBUG - https://scores.frisbee.pl:443 "POST /test3/ext/watchlive.php/ HTTP/1.1" 200 238
2025-11-28 23:59:51,013 - server.scores_server - INFO - Scores request: {'ts': {'time': '8400', 'ds': '17643707646', 'stop': False}, 'h': 3, 'a': 6, 'o': 'h', 'e': [{'t': 0, 'e': 'a', 'y': 'O'}, {'t': 25, 'e': 'a', 'a': 3, 's': 10, 'hs': '0', 'as': '1', 'y': 'S'}, {'t': 32, 'e': 'h', 'y': 'T'}, {'t': 35, 'e': 'a', 'a': 4, 's': 10, 'hs': '0', 'as': '2', 'y': 'S'}, {'t': 39, 'e': 'h', 'a': 34, 's': 57, 'hs': '1', 'as': '2', 'y': 'S'}, {'t': 182, 'e': 'a', 'a': 5, 's': 6, 'hs': '1', 'as': '3', 'y': 'S'}, {'t': 413, 'e': 'h', 'a': 35, 's': 74, 'hs': '2', 'as': '3', 'y': 'S'}, {'t': 418, 'e': 'a', 'y': 'T'}, {'t': 419, 'e': 'h', 'a': 74, 's': 34, 'hs': '3', 'as': '3', 'y': 'S'}, {'t': 423, 'e': 'a', 'a': 6, 's': 22, 'hs': '3', 'as': '4', 'y': 'S'}, {'t': 427, 'e': 'h', 'y': 'T'}, {'t': 428, 'e': 'a', 'a': 4, 's': 22, 'hs': '3', 'as': '5', 'y': 'S'}, {'t': 846, 'e': 'h', 'y': 'T'}, {'t': 847, 'e': 'a', 'a': 3, 's': 10, 'hs': '3', 'as': '6', 'y': 'S'}]}
2025-11-28 23:59:51,013 - models.game_server - DEBUG - Setting timer with data: {'time': '8400', 'ds': '17643707646', 'stop': False}, current game_time: 17643707646. Match info: False
2025-11-28 23:59:51,013 - models.game_server - DEBUG - Start detection - Timer offset: 26, Game time: 17643707646
2025-11-28 23:59:51,013 - models.game_server - DEBUG - Send ws message: {'type': 'game', 'running_timer_set': 1, 'timer_offset': 26}
2025-11-28 23:59:51,013 - models.game_server - DEBUG - Timer set complete, game_time: 17643707646
2025-11-28 23:59:51,013 - server.scores_server - DEBUG - Updated game time: 17643707646
2025-11-28 23:59:55,016 - server.scores_server - DEBUG - Checking for score updates...
2025-11-28 23:59:55,016 - server.scores_server - DEBUG - Current game time: 17643707646
2025-11-28 23:59:55,016 - urllib3.connectionpool - DEBUG - Starting new HTTPS connection (1): scores.frisbee.pl:443
2025-11-28 23:59:55,126 - urllib3.connectionpool - DEBUG - https://scores.frisbee.pl:443 "POST /test3/ext/watchlive.php/ HTTP/1.1" 200 238
2025-11-28 23:59:55,127 - models.game_server - DEBUG - Setting timer with data: {'time': '8400', 'ds': '17643707646', 'stop': False}, current game_time: 17643707646. Match info: False
2025-11-28 23:59:55,127 - models.game_server - DEBUG - Start detection - Timer offset: 31, Game time: 17643707646
2025-11-28 23:59:55,127 - models.game_server - DEBUG - Send ws message: {'type': 'game', 'running_timer_set': 1, 'timer_offset': 31}
2025-11-28 23:59:55,127 - models.game_server - DEBUG - Timer set complete, game_time: 17643707646
2025-11-28 23:59:55,127 - server.scores_server - DEBUG - Updated game time: 17643707646
2025-11-28 23:59:58,933 - models.game_server - DEBUG - Send ws message: {'type': 'clear_text', 'clear': True}
2025-11-28 23:59:58,933 - server.scores_server - INFO - Cleared text display
2025-11-28 23:59:59,132 - server.scores_server - DEBUG - Checking for score updates...
2025-11-28 23:59:59,132 - server.scores_server - DEBUG - Current game time: 17643707646
2025-11-28 23:59:59,133 - urllib3.connectionpool - DEBUG - Starting new HTTPS connection (1): scores.frisbee.pl:443
2025-11-28 23:59:59,227 - urllib3.connectionpool - DEBUG - https://scores.frisbee.pl:443 "POST /test3/ext/watchlive.php/ HTTP/1.1" 200 240
2025-11-28 23:59:59,228 - server.scores_server - INFO - Scores request: {'ts': {'time': '8733', 'ds': '17643707980', 'stop': True}, 'h': 3, 'a': 6, 'o': 'h', 'e': [{'t': 0, 'e': 'a', 'y': 'O'}, {'t': 25, 'e': 'a', 'a': 3, 's': 10, 'hs': '0', 'as': '1', 'y': 'S'}, {'t': 32, 'e': 'h', 'y': 'T'}, {'t': 35, 'e': 'a', 'a': 4, 's': 10, 'hs': '0', 'as': '2', 'y': 'S'}, {'t': 39, 'e': 'h', 'a': 34, 's': 57, 'hs': '1', 'as': '2', 'y': 'S'}, {'t': 182, 'e': 'a', 'a': 5, 's': 6, 'hs': '1', 'as': '3', 'y': 'S'}, {'t': 413, 'e': 'h', 'a': 35, 's': 74, 'hs': '2', 'as': '3', 'y': 'S'}, {'t': 418, 'e': 'a', 'y': 'T'}, {'t': 419, 'e': 'h', 'a': 74, 's': 34, 'hs': '3', 'as': '3', 'y': 'S'}, {'t': 423, 'e': 'a', 'a': 6, 's': 22, 'hs': '3', 'as': '4', 'y': 'S'}, {'t': 427, 'e': 'h', 'y': 'T'}, {'t': 428, 'e': 'a', 'a': 4, 's': 22, 'hs': '3', 'as': '5', 'y': 'S'}, {'t': 846, 'e': 'h', 'y': 'T'}, {'t': 847, 'e': 'a', 'a': 3, 's': 10, 'hs': '3', 'as': '6', 'y': 'S'}]}
2025-11-28 23:59:59,228 - server.scores_server - DEBUG - Updated game time: 17643707646
2025-11-29 00:00:02,034 - urllib3.connectionpool - DEBUG - Starting new HTTPS connection (1): scores.frisbee.pl:443
2025-11-29 00:00:02,310 - urllib3.connectionpool - DEBUG - https://scores.frisbee.pl:443 "POST /test3/ext/watchlive.php/ HTTP/1.1" 200 569
2025-11-29 00:00:02,311 - models.game_server - INFO - Match info request: {'ts': {'time': '8733', 'ds': '17643707980', 'stop': True}, 'h': 3, 'a': 6, 'o': 'h', 'e': [{'t': 0, 'e': 'a', 'y': 'O'}, {'t': 25, 'e': 'a', 'a': 3, 's': 10, 'hs': '0', 'as': '1', 'y': 'S'}, {'t': 32, 'e': 'h', 'y': 'T'}, {'t': 35, 'e': 'a', 'a': 4, 's': 10, 'hs': '0', 'as': '2', 'y': 'S'}, {'t': 39, 'e': 'h', 'a': 34, 's': 57, 'hs': '1', 'as': '2', 'y': 'S'}, {'t': 182, 'e': 'a', 'a': 5, 's': 6, 'hs': '1', 'as': '3', 'y': 'S'}, {'t': 413, 'e': 'h', 'a': 35, 's': 74, 'hs': '2', 'as': '3', 'y': 'S'}, {'t': 418, 'e': 'a', 'y': 'T'}, {'t': 419, 'e': 'h', 'a': 74, 's': 34, 'hs': '3', 'as': '3', 'y': 'S'}, {'t': 423, 'e': 'a', 'a': 6, 's': 22, 'hs': '3', 'as': '4', 'y': 'S'}, {'t': 427, 'e': 'h', 'y': 'T'}, {'t': 428, 'e': 'a', 'a': 4, 's': 22, 'hs': '3', 'as': '5', 'y': 'S'}, {'t': 846, 'e': 'h', 'y': 'T'}, {'t': 847, 'e': 'a', 'a': 3, 's': 10, 'hs': '3', 'as': '6', 'y': 'S'}], 'p': {'h': {'34': 'Mateusz Mazurek', '74': 'Joachim Walczak', '17': 'Henryk Mazurek', '57': 'Konstanty Krawczyk', '97': 'Michał Przybylski', '35': 'Michał Szymczak', '75': 'Arleta Ostrowska', '12': 'Teresa Górecka', '55': 'Paulina Adamska', '92': 'Judyta Baranowska'}, 'a': {'10': 'Alexander Wojciechowski', '22': 'Łukasz Błaszczyk', '5': 'Ignacy Krupa', '33': 'Błażej Woźniak', '7': 'Artur Walczak', '3': 'Janusz Czarnecki', '4': 'Marcelina Górecka', '91': 'Zofia Wójcik', '6': 'Luiza Szczepańska', '1': 'Olga Borkowska'}}, 'hn': 'Hihara', 'an': 'Bongo', 'ha': 'HHR', 'aa': 'BNG'}
2025-11-29 00:00:02,311 - models.game_server - DEBUG - Send ws message: {'type': 'team', 'team': 'h', 'team_name': 'HHR', 'team_name_full': 'Hihara'}
2025-11-29 00:00:02,311 - models.game_server - DEBUG - Send ws message: {'type': 'team', 'team': 'a', 'team_name': 'BNG', 'team_name_full': 'Bongo'}
2025-11-29 00:00:02,311 - models.game_server - DEBUG - Setting timer with data: {'time': '8733', 'ds': '17643707980', 'stop': True}, current game_time: 17643707646. Match info: True
2025-11-29 00:00:02,311 - models.game_server - DEBUG - Send ws message: {'type': 'game', 'timer_set': 1, 'timer_offset': 873.3}
2025-11-29 00:00:02,312 - models.game_server - DEBUG - Timer set complete, game_time: 17643707646
2025-11-29 00:00:02,312 - models.game_server - DEBUG - Send ws message: {'type': 'game', 'score_set': 1, 'data': {'a_score': 6, 'h_score': 3}}
2025-11-29 00:00:02,312 - models.game_server - DEBUG - Send ws message: {'type': 'players', 'players_set': 1, 'players': {'h': {'34': 'Mateusz Mazurek', '74': 'Joachim Walczak', '17': 'Henryk Mazurek', '57': 'Konstanty Krawczyk', '97': 'Michał Przybylski', '35': 'Michał Szymczak', '75': 'Arleta Ostrowska', '12': 'Teresa Górecka', '55': 'Paulina Adamska', '92': 'Judyta Baranowska'}, 'a': {'10': 'Alexander Wojciechowski', '22': 'Łukasz Błaszczyk', '5': 'Ignacy Krupa', '33': 'Błażej Woźniak', '7': 'Artur Walczak', '3': 'Janusz Czarnecki', '4': 'Marcelina Górecka', '91': 'Zofia Wójcik', '6': 'Luiza Szczepańska', '1': 'Olga Borkowska'}}}
2025-11-29 00:00:02,313 - models.game_server - INFO - Players: {'h': {'34': 'Mateusz Mazurek', '74': 'Joachim Walczak', '17': 'Henryk Mazurek', '57': 'Konstanty Krawczyk', '97': 'Michał Przybylski', '35': 'Michał Szymczak', '75': 'Arleta Ostrowska', '12': 'Teresa Górecka', '55': 'Paulina Adamska', '92': 'Judyta Baranowska'}, 'a': {'10': 'Alexander Wojciechowski', '22': 'Łukasz Błaszczyk', '5': 'Ignacy Krupa', '33': 'Błażej Woźniak', '7': 'Artur Walczak', '3': 'Janusz Czarnecki', '4': 'Marcelina Górecka', '91': 'Zofia Wójcik', '6': 'Luiza Szczepańska', '1': 'Olga Borkowska'}}
2025-11-29 00:00:03,241 - server.scores_server - DEBUG - Checking for score updates...
2025-11-29 00:00:03,241 - server.scores_server - DEBUG - Current game time: 17643707646
2025-11-29 00:00:03,241 - urllib3.connectionpool - DEBUG - Starting new HTTPS connection (1): scores.frisbee.pl:443
2025-11-29 00:00:03,346 - urllib3.connectionpool - DEBUG - https://scores.frisbee.pl:443 "POST /test3/ext/watchlive.php/ HTTP/1.1" 200 240
2025-11-29 00:00:03,347 - server.scores_server - DEBUG - Updated game time: 17643707646
2025-11-29 00:00:07,348 - server.scores_server - DEBUG - Checking for score updates...
2025-11-29 00:00:07,348 - server.scores_server - DEBUG - Update conditions not met: players=True, game_number=1053, stopped_game=True
2025-11-29 00:00:11,377 - server.scores_server - DEBUG - Checking for score updates...
2025-11-29 00:00:11,377 - server.scores_server - DEBUG - Update conditions not met: players=True, game_number=1053, stopped_game=True
2025-11-29 00:00:15,406 - server.scores_server - DEBUG - Checking for score updates...
2025-11-29 00:00:15,406 - server.scores_server - DEBUG - Update conditions not met: players=True, game_number=1053, stopped_game=True
2025-11-29 00:00:15,588 - urllib3.connectionpool - DEBUG - Starting new HTTPS connection (1): scores.frisbee.pl:443
2025-11-29 00:00:15,708 - urllib3.connectionpool - DEBUG - https://scores.frisbee.pl:443 "POST /test3/ext/watchlive.php/ HTTP/1.1" 200 568
2025-11-29 00:00:15,708 - models.game_server - INFO - Match info request: {'ts': {'time': '600', 'ds': '17643708126', 'stop': False}, 'h': 3, 'a': 6, 'o': 'h', 'e': [{'t': 0, 'e': 'a', 'y': 'O'}, {'t': 25, 'e': 'a', 'a': 3, 's': 10, 'hs': '0', 'as': '1', 'y': 'S'}, {'t': 32, 'e': 'h', 'y': 'T'}, {'t': 35, 'e': 'a', 'a': 4, 's': 10, 'hs': '0', 'as': '2', 'y': 'S'}, {'t': 39, 'e': 'h', 'a': 34, 's': 57, 'hs': '1', 'as': '2', 'y': 'S'}, {'t': 182, 'e': 'a', 'a': 5, 's': 6, 'hs': '1', 'as': '3', 'y': 'S'}, {'t': 413, 'e': 'h', 'a': 35, 's': 74, 'hs': '2', 'as': '3', 'y': 'S'}, {'t': 418, 'e': 'a', 'y': 'T'}, {'t': 419, 'e': 'h', 'a': 74, 's': 34, 'hs': '3', 'as': '3', 'y': 'S'}, {'t': 423, 'e': 'a', 'a': 6, 's': 22, 'hs': '3', 'as': '4', 'y': 'S'}, {'t': 427, 'e': 'h', 'y': 'T'}, {'t': 428, 'e': 'a', 'a': 4, 's': 22, 'hs': '3', 'as': '5', 'y': 'S'}, {'t': 846, 'e': 'h', 'y': 'T'}, {'t': 847, 'e': 'a', 'a': 3, 's': 10, 'hs': '3', 'as': '6', 'y': 'S'}], 'p': {'h': {'34': 'Mateusz Mazurek', '74': 'Joachim Walczak', '17': 'Henryk Mazurek', '57': 'Konstanty Krawczyk', '97': 'Michał Przybylski', '35': 'Michał Szymczak', '75': 'Arleta Ostrowska', '12': 'Teresa Górecka', '55': 'Paulina Adamska', '92': 'Judyta Baranowska'}, 'a': {'10': 'Alexander Wojciechowski', '22': 'Łukasz Błaszczyk', '5': 'Ignacy Krupa', '33': 'Błażej Woźniak', '7': 'Artur Walczak', '3': 'Janusz Czarnecki', '4': 'Marcelina Górecka', '91': 'Zofia Wójcik', '6': 'Luiza Szczepańska', '1': 'Olga Borkowska'}}, 'hn': 'Hihara', 'an': 'Bongo', 'ha': 'HHR', 'aa': 'BNG'}
2025-11-29 00:00:15,708 - models.game_server - DEBUG - Send ws message: {'type': 'team', 'team': 'h', 'team_name': 'HHR', 'team_name_full': 'Hihara'}
2025-11-29 00:00:15,708 - models.game_server - DEBUG - Send ws message: {'type': 'team', 'team': 'a', 'team_name': 'BNG', 'team_name_full': 'Bongo'}
2025-11-29 00:00:15,709 - models.game_server - DEBUG - Setting timer with data: {'time': '600', 'ds': '17643708126', 'stop': False}, current game_time: 17643708126. Match info: True
2025-11-29 00:00:15,709 - models.game_server - DEBUG - Start detection - Timer offset: 3, Game time: 17643708126
2025-11-29 00:00:15,709 - models.game_server - DEBUG - Send ws message: {'type': 'game', 'running_timer_set': 1, 'timer_offset': 3}
2025-11-29 00:00:15,709 - models.game_server - DEBUG - Timer set complete, game_time: 17643708126
2025-11-29 00:00:15,709 - models.game_server - DEBUG - Send ws message: {'type': 'game', 'score_set': 1, 'data': {'a_score': 6, 'h_score': 3}}
2025-11-29 00:00:15,709 - models.game_server - DEBUG - Send ws message: {'type': 'players', 'players_set': 1, 'players': {'h': {'34': 'Mateusz Mazurek', '74': 'Joachim Walczak', '17': 'Henryk Mazurek', '57': 'Konstanty Krawczyk', '97': 'Michał Przybylski', '35': 'Michał Szymczak', '75': 'Arleta Ostrowska', '12': 'Teresa Górecka', '55': 'Paulina Adamska', '92': 'Judyta Baranowska'}, 'a': {'10': 'Alexander Wojciechowski', '22': 'Łukasz Błaszczyk', '5': 'Ignacy Krupa', '33': 'Błażej Woźniak', '7': 'Artur Walczak', '3': 'Janusz Czarnecki', '4': 'Marcelina Górecka', '91': 'Zofia Wójcik', '6': 'Luiza Szczepańska', '1': 'Olga Borkowska'}}}
2025-11-29 00:00:15,710 - models.game_server - INFO - Players: {'h': {'34': 'Mateusz Mazurek', '74': 'Joachim Walczak', '17': 'Henryk Mazurek', '57': 'Konstanty Krawczyk', '97': 'Michał Przybylski', '35': 'Michał Szymczak', '75': 'Arleta Ostrowska', '12': 'Teresa Górecka', '55': 'Paulina Adamska', '92': 'Judyta Baranowska'}, 'a': {'10': 'Alexander Wojciechowski', '22': 'Łukasz Błaszczyk', '5': 'Ignacy Krupa', '33': 'Błażej Woźniak', '7': 'Artur Walczak', '3': 'Janusz Czarnecki', '4': 'Marcelina Górecka', '91': 'Zofia Wójcik', '6': 'Luiza Szczepańska', '1': 'Olga Borkowska'}}
2025-11-29 00:00:18,206 - server.scores_server - DEBUG - Checking for score updates...
2025-11-29 00:00:18,206 - server.scores_server - DEBUG - Current game time: 17643708126
2025-11-29 00:00:18,206 - urllib3.connectionpool - DEBUG - Starting new HTTPS connection (1): scores.frisbee.pl:443
2025-11-29 00:00:18,319 - urllib3.connectionpool - DEBUG - https://scores.frisbee.pl:443 "POST /test3/ext/watchlive.php/ HTTP/1.1" 200 238
2025-11-29 00:00:18,320 - server.scores_server - INFO - Scores request: {'ts': {'time': '600', 'ds': '17643708126', 'stop': False}, 'h': 3, 'a': 6, 'o': 'h', 'e': [{'t': 0, 'e': 'a', 'y': 'O'}, {'t': 25, 'e': 'a', 'a': 3, 's': 10, 'hs': '0', 'as': '1', 'y': 'S'}, {'t': 32, 'e': 'h', 'y': 'T'}, {'t': 35, 'e': 'a', 'a': 4, 's': 10, 'hs': '0', 'as': '2', 'y': 'S'}, {'t': 39, 'e': 'h', 'a': 34, 's': 57, 'hs': '1', 'as': '2', 'y': 'S'}, {'t': 182, 'e': 'a', 'a': 5, 's': 6, 'hs': '1', 'as': '3', 'y': 'S'}, {'t': 413, 'e': 'h', 'a': 35, 's': 74, 'hs': '2', 'as': '3', 'y': 'S'}, {'t': 418, 'e': 'a', 'y': 'T'}, {'t': 419, 'e': 'h', 'a': 74, 's': 34, 'hs': '3', 'as': '3', 'y': 'S'}, {'t': 423, 'e': 'a', 'a': 6, 's': 22, 'hs': '3', 'as': '4', 'y': 'S'}, {'t': 427, 'e': 'h', 'y': 'T'}, {'t': 428, 'e': 'a', 'a': 4, 's': 22, 'hs': '3', 'as': '5', 'y': 'S'}, {'t': 846, 'e': 'h', 'y': 'T'}, {'t': 847, 'e': 'a', 'a': 3, 's': 10, 'hs': '3', 'as': '6', 'y': 'S'}]}
2025-11-29 00:00:18,320 - models.game_server - DEBUG - Setting timer with data: {'time': '600', 'ds': '17643708126', 'stop': False}, current game_time: 17643708126. Match info: False
2025-11-29 00:00:18,321 - models.game_server - DEBUG - Start detection - Timer offset: 6, Game time: 17643708126
2025-11-29 00:00:18,321 - models.game_server - DEBUG - Send ws message: {'type': 'game', 'running_timer_set': 1, 'timer_offset': 6}
2025-11-29 00:00:18,321 - models.game_server - DEBUG - Timer set complete, game_time: 17643708126
2025-11-29 00:00:18,321 - server.scores_server - DEBUG - Updated game time: 17643708126
2025-11-29 00:00:22,328 - server.scores_server - DEBUG - Checking for score updates...
2025-11-29 00:00:22,329 - server.scores_server - DEBUG - Current game time: 17643708126
2025-11-29 00:00:22,329 - urllib3.connectionpool - DEBUG - Starting new HTTPS connection (1): scores.frisbee.pl:443
2025-11-29 00:00:22,428 - urllib3.connectionpool - DEBUG - https://scores.frisbee.pl:443 "POST /test3/ext/watchlive.php/ HTTP/1.1" 200 238
2025-11-29 00:00:22,429 - server.scores_server - DEBUG - Updated game time: 17643708126
2025-11-29 00:00:26,451 - server.scores_server - DEBUG - Checking for score updates...
2025-11-29 00:00:26,451 - server.scores_server - DEBUG - Update conditions not met: players=True, game_number=1053, stopped_game=True
2025-11-29 00:00:30,453 - server.scores_server - DEBUG - Checking for score updates...
2025-11-29 00:00:30,453 - server.scores_server - DEBUG - Update conditions not met: players=True, game_number=1053, stopped_game=True
2025-11-29 00:00:30,500 - urllib3.connectionpool - DEBUG - Starting new HTTPS connection (1): scores.frisbee.pl:443
2025-11-29 00:00:30,598 - urllib3.connectionpool - DEBUG - https://scores.frisbee.pl:443 "POST /test3/ext/watchlive.php/ HTTP/1.1" 200 569
2025-11-29 00:00:30,598 - models.game_server - INFO - Match info request: {'ts': {'time': '12690', 'ds': '17643708277', 'stop': False}, 'h': 3, 'a': 6, 'o': 'h', 'e': [{'t': 0, 'e': 'a', 'y': 'O'}, {'t': 25, 'e': 'a', 'a': 3, 's': 10, 'hs': '0', 'as': '1', 'y': 'S'}, {'t': 32, 'e': 'h', 'y': 'T'}, {'t': 35, 'e': 'a', 'a': 4, 's': 10, 'hs': '0', 'as': '2', 'y': 'S'}, {'t': 39, 'e': 'h', 'a': 34, 's': 57, 'hs': '1', 'as': '2', 'y': 'S'}, {'t': 182, 'e': 'a', 'a': 5, 's': 6, 'hs': '1', 'as': '3', 'y': 'S'}, {'t': 413, 'e': 'h', 'a': 35, 's': 74, 'hs': '2', 'as': '3', 'y': 'S'}, {'t': 418, 'e': 'a', 'y': 'T'}, {'t': 419, 'e': 'h', 'a': 74, 's': 34, 'hs': '3', 'as': '3', 'y': 'S'}, {'t': 423, 'e': 'a', 'a': 6, 's': 22, 'hs': '3', 'as': '4', 'y': 'S'}, {'t': 427, 'e': 'h', 'y': 'T'}, {'t': 428, 'e': 'a', 'a': 4, 's': 22, 'hs': '3', 'as': '5', 'y': 'S'}, {'t': 846, 'e': 'h', 'y': 'T'}, {'t': 847, 'e': 'a', 'a': 3, 's': 10, 'hs': '3', 'as': '6', 'y': 'S'}], 'p': {'h': {'34': 'Mateusz Mazurek', '74': 'Joachim Walczak', '17': 'Henryk Mazurek', '57': 'Konstanty Krawczyk', '97': 'Michał Przybylski', '35': 'Michał Szymczak', '75': 'Arleta Ostrowska', '12': 'Teresa Górecka', '55': 'Paulina Adamska', '92': 'Judyta Baranowska'}, 'a': {'10': 'Alexander Wojciechowski', '22': 'Łukasz Błaszczyk', '5': 'Ignacy Krupa', '33': 'Błażej Woźniak', '7': 'Artur Walczak', '3': 'Janusz Czarnecki', '4': 'Marcelina Górecka', '91': 'Zofia Wójcik', '6': 'Luiza Szczepańska', '1': 'Olga Borkowska'}}, 'hn': 'Hihara', 'an': 'Bongo', 'ha': 'HHR', 'aa': 'BNG'}
2025-11-29 00:00:30,598 - models.game_server - DEBUG - Send ws message: {'type': 'team', 'team': 'h', 'team_name': 'HHR', 'team_name_full': 'Hihara'}
2025-11-29 00:00:30,598 - models.game_server - DEBUG - Send ws message: {'type': 'team', 'team': 'a', 'team_name': 'BNG', 'team_name_full': 'Bongo'}
2025-11-29 00:00:30,598 - models.game_server - DEBUG - Setting timer with data: {'time': '12690', 'ds': '17643708277', 'stop': False}, current game_time: 17643708277. Match info: True
2025-11-29 00:00:30,599 - models.game_server - DEBUG - Start detection - Timer offset: 3, Game time: 17643708277
2025-11-29 00:00:30,599 - models.game_server - DEBUG - Send ws message: {'type': 'game', 'running_timer_set': 1, 'timer_offset': 3}
2025-11-29 00:00:30,599 - models.game_server - DEBUG - Timer set complete, game_time: 17643708277
2025-11-29 00:00:30,599 - models.game_server - DEBUG - Send ws message: {'type': 'game', 'score_set': 1, 'data': {'a_score': 6, 'h_score': 3}}
2025-11-29 00:00:30,599 - models.game_server - DEBUG - Send ws message: {'type': 'players', 'players_set': 1, 'players': {'h': {'34': 'Mateusz Mazurek', '74': 'Joachim Walczak', '17': 'Henryk Mazurek', '57': 'Konstanty Krawczyk', '97': 'Michał Przybylski', '35': 'Michał Szymczak', '75': 'Arleta Ostrowska', '12': 'Teresa Górecka', '55': 'Paulina Adamska', '92': 'Judyta Baranowska'}, 'a': {'10': 'Alexander Wojciechowski', '22': 'Łukasz Błaszczyk', '5': 'Ignacy Krupa', '33': 'Błażej Woźniak', '7': 'Artur Walczak', '3': 'Janusz Czarnecki', '4': 'Marcelina Górecka', '91': 'Zofia Wójcik', '6': 'Luiza Szczepańska', '1': 'Olga Borkowska'}}}
2025-11-29 00:00:30,600 - models.game_server - INFO - Players: {'h': {'34': 'Mateusz Mazurek', '74': 'Joachim Walczak', '17': 'Henryk Mazurek', '57': 'Konstanty Krawczyk', '97': 'Michał Przybylski', '35': 'Michał Szymczak', '75': 'Arleta Ostrowska', '12': 'Teresa Górecka', '55': 'Paulina Adamska', '92': 'Judyta Baranowska'}, 'a': {'10': 'Alexander Wojciechowski', '22': 'Łukasz Błaszczyk', '5': 'Ignacy Krupa', '33': 'Błażej Woźniak', '7': 'Artur Walczak', '3': 'Janusz Czarnecki', '4': 'Marcelina Górecka', '91': 'Zofia Wójcik', '6': 'Luiza Szczepańska', '1': 'Olga Borkowska'}}
2025-11-29 00:00:34,460 - server.scores_server - DEBUG - Checking for score updates...
2025-11-29 00:00:34,460 - server.scores_server - DEBUG - Current game time: 17643708277
2025-11-29 00:00:34,460 - urllib3.connectionpool - DEBUG - Starting new HTTPS connection (1): scores.frisbee.pl:443
2025-11-29 00:00:34,552 - urllib3.connectionpool - DEBUG - https://scores.frisbee.pl:443 "POST /test3/ext/watchlive.php/ HTTP/1.1" 200 239
2025-11-29 00:00:34,554 - server.scores_server - INFO - Scores request: {'ts': {'time': '12690', 'ds': '17643708277', 'stop': False}, 'h': 3, 'a': 6, 'o': 'h', 'e': [{'t': 0, 'e': 'a', 'y': 'O'}, {'t': 25, 'e': 'a', 'a': 3, 's': 10, 'hs': '0', 'as': '1', 'y': 'S'}, {'t': 32, 'e': 'h', 'y': 'T'}, {'t': 35, 'e': 'a', 'a': 4, 's': 10, 'hs': '0', 'as': '2', 'y': 'S'}, {'t': 39, 'e': 'h', 'a': 34, 's': 57, 'hs': '1', 'as': '2', 'y': 'S'}, {'t': 182, 'e': 'a', 'a': 5, 's': 6, 'hs': '1', 'as': '3', 'y': 'S'}, {'t': 413, 'e': 'h', 'a': 35, 's': 74, 'hs': '2', 'as': '3', 'y': 'S'}, {'t': 418, 'e': 'a', 'y': 'T'}, {'t': 419, 'e': 'h', 'a': 74, 's': 34, 'hs': '3', 'as': '3', 'y': 'S'}, {'t': 423, 'e': 'a', 'a': 6, 's': 22, 'hs': '3', 'as': '4', 'y': 'S'}, {'t': 427, 'e': 'h', 'y': 'T'}, {'t': 428, 'e': 'a', 'a': 4, 's': 22, 'hs': '3', 'as': '5', 'y': 'S'}, {'t': 846, 'e': 'h', 'y': 'T'}, {'t': 847, 'e': 'a', 'a': 3, 's': 10, 'hs': '3', 'as': '6', 'y': 'S'}]}
2025-11-29 00:00:34,554 - models.game_server - DEBUG - Setting timer with data: {'time': '12690', 'ds': '17643708277', 'stop': False}, current game_time: 17643708277. Match info: False
2025-11-29 00:00:34,554 - models.game_server - DEBUG - Start detection - Timer offset: 7, Game time: 17643708277
2025-11-29 00:00:34,554 - models.game_server - DEBUG - Send ws message: {'type': 'game', 'running_timer_set': 1, 'timer_offset': 7}
2025-11-29 00:00:34,554 - models.game_server - DEBUG - Timer set complete, game_time: 17643708277
2025-11-29 00:00:34,554 - server.scores_server - DEBUG - Updated game time: 17643708277
2025-11-29 00:00:38,564 - server.scores_server - DEBUG - Checking for score updates...
2025-11-29 00:00:38,564 - server.scores_server - DEBUG - Current game time: 17643708277
2025-11-29 00:00:38,564 - urllib3.connectionpool - DEBUG - Starting new HTTPS connection (1): scores.frisbee.pl:443
2025-11-29 00:00:38,669 - urllib3.connectionpool - DEBUG - https://scores.frisbee.pl:443 "POST /test3/ext/watchlive.php/ HTTP/1.1" 200 248
2025-11-29 00:00:38,670 - models.game_server - DEBUG - Setting timer with data: {'time': '12690', 'ds': '17643708277', 'stop': False}, current game_time: 17643708277. Match info: False
2025-11-29 00:00:38,670 - models.game_server - DEBUG - Start detection - Timer offset: 11, Game time: 17643708277
2025-11-29 00:00:38,670 - models.game_server - DEBUG - Send ws message: {'type': 'game', 'running_timer_set': 1, 'timer_offset': 11}
2025-11-29 00:00:38,670 - models.game_server - DEBUG - Timer set complete, game_time: 17643708277
2025-11-29 00:00:38,670 - models.game_server - DEBUG - Send ws message: {'type': 'game', 'score_set': 1, 'data': {'a_score': '6', 'h_score': '4'}}
2025-11-29 00:00:38,670 - models.game_server - DEBUG - Send ws message: {'type': 'stats', 'stats_update': 1, 'stats_data': {'points': {'a': '6', 'h': '4', 'ap': 60, 'hp': 40}, 'o_points': {'a': 3, 'h': 3, 'ap': 50, 'hp': 50}, 'd_points': {'a': 3, 'h': 1, 'ap': 75, 'hp': 25}, 'o_time': {'a': '14.3%', 'h': '85.7%', 'ap': 14, 'hp': 86}, 'turnovers': {'a': 1, 'h': 3, 'ap': 25, 'hp': 75}, 'timeouts': {'a': 0, 'h': 0, 'ap': 0, 'hp': 0}, 'player_stats': {'a': {'10': {'name': 'Alexander Wojciechowski', 'goals': 3, 'assists': 0, 'total': 3}, '22': {'name': 'Łukasz Błaszczyk', 'goals': 2, 'assists': 0, 'total': 2}, '6': {'name': 'Luiza Szczepańska', 'goals': 1, 'assists': 1, 'total': 2}, '3': {'name': 'Janusz Czarnecki', 'goals': 0, 'assists': 2, 'total': 2}, '4': {'name': 'Marcelina Górecka', 'goals': 0, 'assists': 2, 'total': 2}, '5': {'name': 'Ignacy Krupa', 'goals': 0, 'assists': 1, 'total': 1}}, 'h': {'74': {'name': 'Joachim Walczak', 'goals': 2, 'assists': 1, 'total': 3}, '34': {'name': 'Mateusz Mazurek', 'goals': 1, 'assists': 1, 'total': 2}, '57': {'name': 'Konstanty Krawczyk', 'goals': 1, 'assists': 0, 'total': 1}, '35': {'name': 'Michał Szymczak', 'goals': 0, 'assists': 1, 'total': 1}, '12': {'name': 'Teresa Górecka', 'goals': 0, 'assists': 1, 'total': 1}}}}}
2025-11-29 00:00:38,670 - models.game_server - DEBUG - Preparing event: {'t': 1276, 'e': 'h', 'a': 12, 's': 74, 'hs': '4', 'as': '6', 'y': 'S'}
2025-11-29 00:00:38,671 - models.game_server - INFO - Score event: {'side': 'h', 'subtype': 'score', 'data': {'assist': '', 'assist_no': '12', 'scorer': '', 'scorer_no': '74', 'a_score': '6', 'h_score': '4'}}
2025-11-29 00:00:38,671 - models.game_server - DEBUG - Send ws message: {'type': 'scoreboard', 'subtype': 'score', 'data': {'assist': 'Teresa Górecka', 'assist_no': '12', 'scorer': 'Joachim Walczak', 'scorer_no': '74', 'a_score': '6', 'h_score': '4'}, 'side': 'h'}
2025-11-29 00:00:38,671 - server.scores_server - DEBUG - Updated game time: 17643708277
2025-11-29 00:00:40,792 - urllib3.connectionpool - DEBUG - Starting new HTTPS connection (1): scores.frisbee.pl:443
2025-11-29 00:00:41,152 - urllib3.connectionpool - DEBUG - https://scores.frisbee.pl:443 "POST /test3/ext/watchlive.php/ HTTP/1.1" 200 580
2025-11-29 00:00:41,153 - models.game_server - INFO - Match info request: {'ts': {'time': '12690', 'ds': '17643708277', 'stop': False}, 'h': 4, 'a': 6, 'o': 'a', 'e': [{'t': 0, 'e': 'a', 'y': 'O'}, {'t': 25, 'e': 'a', 'a': 3, 's': 10, 'hs': '0', 'as': '1', 'y': 'S'}, {'t': 32, 'e': 'h', 'y': 'T'}, {'t': 35, 'e': 'a', 'a': 4, 's': 10, 'hs': '0', 'as': '2', 'y': 'S'}, {'t': 39, 'e': 'h', 'a': 34, 's': 57, 'hs': '1', 'as': '2', 'y': 'S'}, {'t': 182, 'e': 'a', 'a': 5, 's': 6, 'hs': '1', 'as': '3', 'y': 'S'}, {'t': 413, 'e': 'h', 'a': 35, 's': 74, 'hs': '2', 'as': '3', 'y': 'S'}, {'t': 418, 'e': 'a', 'y': 'T'}, {'t': 419, 'e': 'h', 'a': 74, 's': 34, 'hs': '3', 'as': '3', 'y': 'S'}, {'t': 423, 'e': 'a', 'a': 6, 's': 22, 'hs': '3', 'as': '4', 'y': 'S'}, {'t': 427, 'e': 'h', 'y': 'T'}, {'t': 428, 'e': 'a', 'a': 4, 's': 22, 'hs': '3', 'as': '5', 'y': 'S'}, {'t': 846, 'e': 'h', 'y': 'T'}, {'t': 847, 'e': 'a', 'a': 3, 's': 10, 'hs': '3', 'as': '6', 'y': 'S'}, {'t': 1276, 'e': 'h', 'a': 12, 's': 74, 'hs': '4', 'as': '6', 'y': 'S'}], 'p': {'h': {'34': 'Mateusz Mazurek', '74': 'Joachim Walczak', '17': 'Henryk Mazurek', '57': 'Konstanty Krawczyk', '97': 'Michał Przybylski', '35': 'Michał Szymczak', '75': 'Arleta Ostrowska', '12': 'Teresa Górecka', '55': 'Paulina Adamska', '92': 'Judyta Baranowska'}, 'a': {'10': 'Alexander Wojciechowski', '22': 'Łukasz Błaszczyk', '5': 'Ignacy Krupa', '33': 'Błażej Woźniak', '7': 'Artur Walczak', '3': 'Janusz Czarnecki', '4': 'Marcelina Górecka', '91': 'Zofia Wójcik', '6': 'Luiza Szczepańska', '1': 'Olga Borkowska'}}, 'hn': 'Hihara', 'an': 'Bongo', 'ha': 'HHR', 'aa': 'BNG'}
2025-11-29 00:00:41,153 - models.game_server - DEBUG - Send ws message: {'type': 'team', 'team': 'h', 'team_name': 'HHR', 'team_name_full': 'Hihara'}
2025-11-29 00:00:41,153 - models.game_server - DEBUG - Send ws message: {'type': 'team', 'team': 'a', 'team_name': 'BNG', 'team_name_full': 'Bongo'}
2025-11-29 00:00:41,153 - models.game_server - DEBUG - Setting timer with data: {'time': '12690', 'ds': '17643708277', 'stop': False}, current game_time: 17643708277. Match info: True
2025-11-29 00:00:41,153 - models.game_server - DEBUG - Start detection - Timer offset: 13, Game time: 17643708277
2025-11-29 00:00:41,153 - models.game_server - DEBUG - Send ws message: {'type': 'game', 'running_timer_set': 1, 'timer_offset': 13}
2025-11-29 00:00:41,153 - models.game_server - DEBUG - Timer set complete, game_time: 17643708277
2025-11-29 00:00:41,153 - models.game_server - DEBUG - Send ws message: {'type': 'game', 'score_set': 1, 'data': {'a_score': 6, 'h_score': 4}}
2025-11-29 00:00:41,154 - models.game_server - DEBUG - Send ws message: {'type': 'players', 'players_set': 1, 'players': {'h': {'34': 'Mateusz Mazurek', '74': 'Joachim Walczak', '17': 'Henryk Mazurek', '57': 'Konstanty Krawczyk', '97': 'Michał Przybylski', '35': 'Michał Szymczak', '75': 'Arleta Ostrowska', '12': 'Teresa Górecka', '55': 'Paulina Adamska', '92': 'Judyta Baranowska'}, 'a': {'10': 'Alexander Wojciechowski', '22': 'Łukasz Błaszczyk', '5': 'Ignacy Krupa', '33': 'Błażej Woźniak', '7': 'Artur Walczak', '3': 'Janusz Czarnecki', '4': 'Marcelina Górecka', '91': 'Zofia Wójcik', '6': 'Luiza Szczepańska', '1': 'Olga Borkowska'}}}
2025-11-29 00:00:41,154 - models.game_server - INFO - Players: {'h': {'34': 'Mateusz Mazurek', '74': 'Joachim Walczak', '17': 'Henryk Mazurek', '57': 'Konstanty Krawczyk', '97': 'Michał Przybylski', '35': 'Michał Szymczak', '75': 'Arleta Ostrowska', '12': 'Teresa Górecka', '55': 'Paulina Adamska', '92': 'Judyta Baranowska'}, 'a': {'10': 'Alexander Wojciechowski', '22': 'Łukasz Błaszczyk', '5': 'Ignacy Krupa', '33': 'Błażej Woźniak', '7': 'Artur Walczak', '3': 'Janusz Czarnecki', '4': 'Marcelina Górecka', '91': 'Zofia Wójcik', '6': 'Luiza Szczepańska', '1': 'Olga Borkowska'}}
2025-11-29 00:00:42,674 - server.scores_server - DEBUG - Checking for score updates...
2025-11-29 00:00:42,674 - server.scores_server - DEBUG - Current game time: 17643708277
2025-11-29 00:00:42,674 - urllib3.connectionpool - DEBUG - Starting new HTTPS connection (1): scores.frisbee.pl:443
2025-11-29 00:00:42,767 - urllib3.connectionpool - DEBUG - https://scores.frisbee.pl:443 "POST /test3/ext/watchlive.php/ HTTP/1.1" 200 248
2025-11-29 00:00:42,768 - server.scores_server - INFO - Scores request: {'ts': {'time': '12690', 'ds': '17643708277', 'stop': False}, 'h': 4, 'a': 6, 'o': 'a', 'e': [{'t': 0, 'e': 'a', 'y': 'O'}, {'t': 25, 'e': 'a', 'a': 3, 's': 10, 'hs': '0', 'as': '1', 'y': 'S'}, {'t': 32, 'e': 'h', 'y': 'T'}, {'t': 35, 'e': 'a', 'a': 4, 's': 10, 'hs': '0', 'as': '2', 'y': 'S'}, {'t': 39, 'e': 'h', 'a': 34, 's': 57, 'hs': '1', 'as': '2', 'y': 'S'}, {'t': 182, 'e': 'a', 'a': 5, 's': 6, 'hs': '1', 'as': '3', 'y': 'S'}, {'t': 413, 'e': 'h', 'a': 35, 's': 74, 'hs': '2', 'as': '3', 'y': 'S'}, {'t': 418, 'e': 'a', 'y': 'T'}, {'t': 419, 'e': 'h', 'a': 74, 's': 34, 'hs': '3', 'as': '3', 'y': 'S'}, {'t': 423, 'e': 'a', 'a': 6, 's': 22, 'hs': '3', 'as': '4', 'y': 'S'}, {'t': 427, 'e': 'h', 'y': 'T'}, {'t': 428, 'e': 'a', 'a': 4, 's': 22, 'hs': '3', 'as': '5', 'y': 'S'}, {'t': 846, 'e': 'h', 'y': 'T'}, {'t': 847, 'e': 'a', 'a': 3, 's': 10, 'hs': '3', 'as': '6', 'y': 'S'}, {'t': 1276, 'e': 'h', 'a': 12, 's': 74, 'hs': '4', 'as': '6', 'y': 'S'}]}
2025-11-29 00:00:42,768 - models.game_server - DEBUG - Setting timer with data: {'time': '12690', 'ds': '17643708277', 'stop': False}, current game_time: 17643708277. Match info: False
2025-11-29 00:00:42,768 - models.game_server - DEBUG - Start detection - Timer offset: 15, Game time: 17643708277
2025-11-29 00:00:42,769 - models.game_server - DEBUG - Send ws message: {'type': 'game', 'running_timer_set': 1, 'timer_offset': 15}
2025-11-29 00:00:42,769 - models.game_server - DEBUG - Timer set complete, game_time: 17643708277
2025-11-29 00:00:42,769 - server.scores_server - DEBUG - Updated game time: 17643708277
2025-11-29 00:00:46,770 - server.scores_server - DEBUG - Checking for score updates...
2025-11-29 00:00:46,770 - server.scores_server - DEBUG - Current game time: 17643708277
2025-11-29 00:00:46,770 - urllib3.connectionpool - DEBUG - Starting new HTTPS connection (1): scores.frisbee.pl:443
2025-11-29 00:00:46,886 - urllib3.connectionpool - DEBUG - https://scores.frisbee.pl:443 "POST /test3/ext/watchlive.php/ HTTP/1.1" 200 248
2025-11-29 00:00:46,887 - models.game_server - DEBUG - Setting timer with data: {'time': '12690', 'ds': '17643708277', 'stop': False}, current game_time: 17643708277. Match info: False
2025-11-29 00:00:46,887 - models.game_server - DEBUG - Start detection - Timer offset: 19, Game time: 17643708277
2025-11-29 00:00:46,887 - models.game_server - DEBUG - Send ws message: {'type': 'game', 'running_timer_set': 1, 'timer_offset': 19}
2025-11-29 00:00:46,887 - models.game_server - DEBUG - Timer set complete, game_time: 17643708277
2025-11-29 00:00:46,887 - server.scores_server - DEBUG - Updated game time: 17643708277
2025-11-29 00:00:49,683 - server.scores_server - DEBUG - Checking for score updates...
2025-11-29 00:00:49,683 - server.scores_server - DEBUG - Current game time: 17643708277
2025-11-29 00:00:49,684 - urllib3.connectionpool - DEBUG - Starting new HTTPS connection (1): scores.frisbee.pl:443
2025-11-29 00:00:49,792 - urllib3.connectionpool - DEBUG - https://scores.frisbee.pl:443 "POST /test3/ext/watchlive.php/ HTTP/1.1" 200 248
2025-11-29 00:00:49,794 - server.scores_server - INFO - Scores request: {'ts': {'time': '12690', 'ds': '17643708277', 'stop': False}, 'h': 4, 'a': 6, 'o': 'a', 'e': [{'t': 0, 'e': 'a', 'y': 'O'}, {'t': 25, 'e': 'a', 'a': 3, 's': 10, 'hs': '0', 'as': '1', 'y': 'S'}, {'t': 32, 'e': 'h', 'y': 'T'}, {'t': 35, 'e': 'a', 'a': 4, 's': 10, 'hs': '0', 'as': '2', 'y': 'S'}, {'t': 39, 'e': 'h', 'a': 34, 's': 57, 'hs': '1', 'as': '2', 'y': 'S'}, {'t': 182, 'e': 'a', 'a': 5, 's': 6, 'hs': '1', 'as': '3', 'y': 'S'}, {'t': 413, 'e': 'h', 'a': 35, 's': 74, 'hs': '2', 'as': '3', 'y': 'S'}, {'t': 418, 'e': 'a', 'y': 'T'}, {'t': 419, 'e': 'h', 'a': 74, 's': 34, 'hs': '3', 'as': '3', 'y': 'S'}, {'t': 423, 'e': 'a', 'a': 6, 's': 22, 'hs': '3', 'as': '4', 'y': 'S'}, {'t': 427, 'e': 'h', 'y': 'T'}, {'t': 428, 'e': 'a', 'a': 4, 's': 22, 'hs': '3', 'as': '5', 'y': 'S'}, {'t': 846, 'e': 'h', 'y': 'T'}, {'t': 847, 'e': 'a', 'a': 3, 's': 10, 'hs': '3', 'as': '6', 'y': 'S'}, {'t': 1276, 'e': 'h', 'a': 12, 's': 74, 'hs': '4', 'as': '6', 'y': 'S'}]}
2025-11-29 00:00:49,794 - models.game_server - DEBUG - Setting timer with data: {'time': '12690', 'ds': '17643708277', 'stop': False}, current game_time: 17643708277. Match info: False
2025-11-29 00:00:49,794 - models.game_server - DEBUG - Start detection - Timer offset: 22, Game time: 17643708277
2025-11-29 00:00:49,794 - models.game_server - DEBUG - Send ws message: {'type': 'game', 'running_timer_set': 1, 'timer_offset': 22}
2025-11-29 00:00:49,794 - models.game_server - DEBUG - Timer set complete, game_time: 17643708277
2025-11-29 00:00:49,794 - server.scores_server - DEBUG - Updated game time: 17643708277
2025-11-29 00:00:53,805 - server.scores_server - DEBUG - Checking for score updates...
2025-11-29 00:00:53,805 - server.scores_server - DEBUG - Current game time: 17643708277
2025-11-29 00:00:53,805 - urllib3.connectionpool - DEBUG - Starting new HTTPS connection (1): scores.frisbee.pl:443
2025-11-29 00:00:53,906 - urllib3.connectionpool - DEBUG - https://scores.frisbee.pl:443 "POST /test3/ext/watchlive.php/ HTTP/1.1" 200 248
2025-11-29 00:00:53,907 - models.game_server - DEBUG - Setting timer with data: {'time': '12690', 'ds': '17643708277', 'stop': False}, current game_time: 17643708277. Match info: False
2025-11-29 00:00:53,907 - models.game_server - DEBUG - Start detection - Timer offset: 26, Game time: 17643708277
2025-11-29 00:00:53,907 - models.game_server - DEBUG - Send ws message: {'type': 'game', 'running_timer_set': 1, 'timer_offset': 26}
2025-11-29 00:00:53,907 - models.game_server - DEBUG - Timer set complete, game_time: 17643708277
2025-11-29 00:00:53,907 - server.scores_server - DEBUG - Updated game time: 17643708277
2025-11-29 00:00:57,922 - server.scores_server - DEBUG - Checking for score updates...
2025-11-29 00:00:57,922 - server.scores_server - DEBUG - Current game time: 17643708277
2025-11-29 00:00:57,923 - urllib3.connectionpool - DEBUG - Starting new HTTPS connection (1): scores.frisbee.pl:443
2025-11-29 00:00:58,019 - urllib3.connectionpool - DEBUG - https://scores.frisbee.pl:443 "POST /test3/ext/watchlive.php/ HTTP/1.1" 200 248
2025-11-29 00:00:58,020 - server.scores_server - INFO - Scores request: {'ts': {'time': '12690', 'ds': '17643708277', 'stop': False}, 'h': 4, 'a': 6, 'o': 'a', 'e': [{'t': 0, 'e': 'a', 'y': 'O'}, {'t': 25, 'e': 'a', 'a': 3, 's': 10, 'hs': '0', 'as': '1', 'y': 'S'}, {'t': 32, 'e': 'h', 'y': 'T'}, {'t': 35, 'e': 'a', 'a': 4, 's': 10, 'hs': '0', 'as': '2', 'y': 'S'}, {'t': 39, 'e': 'h', 'a': 34, 's': 57, 'hs': '1', 'as': '2', 'y': 'S'}, {'t': 182, 'e': 'a', 'a': 5, 's': 6, 'hs': '1', 'as': '3', 'y': 'S'}, {'t': 413, 'e': 'h', 'a': 35, 's': 74, 'hs': '2', 'as': '3', 'y': 'S'}, {'t': 418, 'e': 'a', 'y': 'T'}, {'t': 419, 'e': 'h', 'a': 74, 's': 34, 'hs': '3', 'as': '3', 'y': 'S'}, {'t': 423, 'e': 'a', 'a': 6, 's': 22, 'hs': '3', 'as': '4', 'y': 'S'}, {'t': 427, 'e': 'h', 'y': 'T'}, {'t': 428, 'e': 'a', 'a': 4, 's': 22, 'hs': '3', 'as': '5', 'y': 'S'}, {'t': 846, 'e': 'h', 'y': 'T'}, {'t': 847, 'e': 'a', 'a': 3, 's': 10, 'hs': '3', 'as': '6', 'y': 'S'}, {'t': 1276, 'e': 'h', 'a': 12, 's': 74, 'hs': '4', 'as': '6', 'y': 'S'}]}
2025-11-29 00:00:58,020 - models.game_server - DEBUG - Setting timer with data: {'time': '12690', 'ds': '17643708277', 'stop': False}, current game_time: 17643708277. Match info: False
2025-11-29 00:00:58,021 - models.game_server - DEBUG - Start detection - Timer offset: 30, Game time: 17643708277
2025-11-29 00:00:58,021 - models.game_server - DEBUG - Send ws message: {'type': 'game', 'running_timer_set': 1, 'timer_offset': 30}
2025-11-29 00:00:58,021 - models.game_server - DEBUG - Timer set complete, game_time: 17643708277
2025-11-29 00:00:58,021 - server.scores_server - DEBUG - Updated game time: 17643708277
2025-11-29 00:01:02,039 - server.scores_server - DEBUG - Checking for score updates...
2025-11-29 00:01:02,039 - server.scores_server - DEBUG - Current game time: 17643708277
2025-11-29 00:01:02,040 - urllib3.connectionpool - DEBUG - Starting new HTTPS connection (1): scores.frisbee.pl:443
2025-11-29 00:01:02,142 - urllib3.connectionpool - DEBUG - https://scores.frisbee.pl:443 "POST /test3/ext/watchlive.php/ HTTP/1.1" 200 248
2025-11-29 00:01:02,143 - models.game_server - DEBUG - Setting timer with data: {'time': '12690', 'ds': '17643708277', 'stop': False}, current game_time: 17643708277. Match info: False
2025-11-29 00:01:02,143 - models.game_server - DEBUG - Start detection - Timer offset: 34, Game time: 17643708277
2025-11-29 00:01:02,143 - models.game_server - DEBUG - Send ws message: {'type': 'game', 'running_timer_set': 1, 'timer_offset': 34}
2025-11-29 00:01:02,144 - models.game_server - DEBUG - Timer set complete, game_time: 17643708277
2025-11-29 00:01:02,144 - server.scores_server - DEBUG - Updated game time: 17643708277
2025-11-29 00:01:06,166 - server.scores_server - DEBUG - Checking for score updates...
2025-11-29 00:01:06,166 - server.scores_server - DEBUG - Current game time: 17643708277
2025-11-29 00:01:06,166 - urllib3.connectionpool - DEBUG - Starting new HTTPS connection (1): scores.frisbee.pl:443
2025-11-29 00:01:06,268 - urllib3.connectionpool - DEBUG - https://scores.frisbee.pl:443 "POST /test3/ext/watchlive.php/ HTTP/1.1" 200 248
2025-11-29 00:01:06,269 - server.scores_server - INFO - Scores request: {'ts': {'time': '12690', 'ds': '17643708277', 'stop': False}, 'h': 4, 'a': 6, 'o': 'a', 'e': [{'t': 0, 'e': 'a', 'y': 'O'}, {'t': 25, 'e': 'a', 'a': 3, 's': 10, 'hs': '0', 'as': '1', 'y': 'S'}, {'t': 32, 'e': 'h', 'y': 'T'}, {'t': 35, 'e': 'a', 'a': 4, 's': 10, 'hs': '0', 'as': '2', 'y': 'S'}, {'t': 39, 'e': 'h', 'a': 34, 's': 57, 'hs': '1', 'as': '2', 'y': 'S'}, {'t': 182, 'e': 'a', 'a': 5, 's': 6, 'hs': '1', 'as': '3', 'y': 'S'}, {'t': 413, 'e': 'h', 'a': 35, 's': 74, 'hs': '2', 'as': '3', 'y': 'S'}, {'t': 418, 'e': 'a', 'y': 'T'}, {'t': 419, 'e': 'h', 'a': 74, 's': 34, 'hs': '3', 'as': '3', 'y': 'S'}, {'t': 423, 'e': 'a', 'a': 6, 's': 22, 'hs': '3', 'as': '4', 'y': 'S'}, {'t': 427, 'e': 'h', 'y': 'T'}, {'t': 428, 'e': 'a', 'a': 4, 's': 22, 'hs': '3', 'as': '5', 'y': 'S'}, {'t': 846, 'e': 'h', 'y': 'T'}, {'t': 847, 'e': 'a', 'a': 3, 's': 10, 'hs': '3', 'as': '6', 'y': 'S'}, {'t': 1276, 'e': 'h', 'a': 12, 's': 74, 'hs': '4', 'as': '6', 'y': 'S'}]}
2025-11-29 00:01:06,269 - models.game_server - DEBUG - Setting timer with data: {'time': '12690', 'ds': '17643708277', 'stop': False}, current game_time: 17643708277. Match info: False
2025-11-29 00:01:06,269 - models.game_server - DEBUG - Start detection - Timer offset: 39, Game time: 17643708277
2025-11-29 00:01:06,269 - models.game_server - DEBUG - Send ws message: {'type': 'game', 'running_timer_set': 1, 'timer_offset': 39}
2025-11-29 00:01:06,269 - models.game_server - DEBUG - Timer set complete, game_time: 17643708277
2025-11-29 00:01:06,269 - server.scores_server - DEBUG - Updated game time: 17643708277
2025-11-29 00:01:10,290 - server.scores_server - DEBUG - Checking for score updates...
2025-11-29 00:01:10,291 - server.scores_server - DEBUG - Current game time: 17643708277
2025-11-29 00:01:10,291 - urllib3.connectionpool - DEBUG - Starting new HTTPS connection (1): scores.frisbee.pl:443
2025-11-29 00:01:10,362 - urllib3.connectionpool - DEBUG - https://scores.frisbee.pl:443 "POST /test3/ext/watchlive.php/ HTTP/1.1" 200 248
2025-11-29 00:01:10,363 - models.game_server - DEBUG - Setting timer with data: {'time': '12690', 'ds': '17643708277', 'stop': False}, current game_time: 17643708277. Match info: False
2025-11-29 00:01:10,363 - models.game_server - DEBUG - Start detection - Timer offset: 43, Game time: 17643708277
2025-11-29 00:01:10,363 - models.game_server - DEBUG - Send ws message: {'type': 'game', 'running_timer_set': 1, 'timer_offset': 43}
2025-11-29 00:01:10,363 - models.game_server - DEBUG - Timer set complete, game_time: 17643708277
2025-11-29 00:01:10,363 - server.scores_server - DEBUG - Updated game time: 17643708277
2025-11-29 00:01:14,364 - server.scores_server - DEBUG - Checking for score updates...
2025-11-29 00:01:14,364 - server.scores_server - DEBUG - Current game time: 17643708277
2025-11-29 00:01:14,365 - urllib3.connectionpool - DEBUG - Starting new HTTPS connection (1): scores.frisbee.pl:443
2025-11-29 00:01:14,459 - urllib3.connectionpool - DEBUG - https://scores.frisbee.pl:443 "POST /test3/ext/watchlive.php/ HTTP/1.1" 200 248
2025-11-29 00:01:14,460 - server.scores_server - INFO - Scores request: {'ts': {'time': '12690', 'ds': '17643708277', 'stop': False}, 'h': 4, 'a': 6, 'o': 'a', 'e': [{'t': 0, 'e': 'a', 'y': 'O'}, {'t': 25, 'e': 'a', 'a': 3, 's': 10, 'hs': '0', 'as': '1', 'y': 'S'}, {'t': 32, 'e': 'h', 'y': 'T'}, {'t': 35, 'e': 'a', 'a': 4, 's': 10, 'hs': '0', 'as': '2', 'y': 'S'}, {'t': 39, 'e': 'h', 'a': 34, 's': 57, 'hs': '1', 'as': '2', 'y': 'S'}, {'t': 182, 'e': 'a', 'a': 5, 's': 6, 'hs': '1', 'as': '3', 'y': 'S'}, {'t': 413, 'e': 'h', 'a': 35, 's': 74, 'hs': '2', 'as': '3', 'y': 'S'}, {'t': 418, 'e': 'a', 'y': 'T'}, {'t': 419, 'e': 'h', 'a': 74, 's': 34, 'hs': '3', 'as': '3', 'y': 'S'}, {'t': 423, 'e': 'a', 'a': 6, 's': 22, 'hs': '3', 'as': '4', 'y': 'S'}, {'t': 427, 'e': 'h', 'y': 'T'}, {'t': 428, 'e': 'a', 'a': 4, 's': 22, 'hs': '3', 'as': '5', 'y': 'S'}, {'t': 846, 'e': 'h', 'y': 'T'}, {'t': 847, 'e': 'a', 'a': 3, 's': 10, 'hs': '3', 'as': '6', 'y': 'S'}, {'t': 1276, 'e': 'h', 'a': 12, 's': 74, 'hs': '4', 'as': '6', 'y': 'S'}]}
2025-11-29 00:01:14,460 - models.game_server - DEBUG - Setting timer with data: {'time': '12690', 'ds': '17643708277', 'stop': False}, current game_time: 17643708277. Match info: False
2025-11-29 00:01:14,461 - models.game_server - DEBUG - Start detection - Timer offset: 47, Game time: 17643708277
2025-11-29 00:01:14,461 - models.game_server - DEBUG - Send ws message: {'type': 'game', 'running_timer_set': 1, 'timer_offset': 47}
2025-11-29 00:01:14,461 - models.game_server - DEBUG - Timer set complete, game_time: 17643708277
2025-11-29 00:01:14,461 - server.scores_server - DEBUG - Updated game time: 17643708277
2025-11-29 00:01:18,467 - server.scores_server - DEBUG - Checking for score updates...
2025-11-29 00:01:18,467 - server.scores_server - DEBUG - Current game time: 17643708277
2025-11-29 00:01:18,468 - urllib3.connectionpool - DEBUG - Starting new HTTPS connection (1): scores.frisbee.pl:443
2025-11-29 00:01:18,569 - urllib3.connectionpool - DEBUG - https://scores.frisbee.pl:443 "POST /test3/ext/watchlive.php/ HTTP/1.1" 200 248
2025-11-29 00:01:18,571 - models.game_server - DEBUG - Setting timer with data: {'time': '12690', 'ds': '17643708277', 'stop': False}, current game_time: 17643708277. Match info: False
2025-11-29 00:01:18,571 - models.game_server - DEBUG - Start detection - Timer offset: 51, Game time: 17643708277
2025-11-29 00:01:18,571 - models.game_server - DEBUG - Send ws message: {'type': 'game', 'running_timer_set': 1, 'timer_offset': 51}
2025-11-29 00:01:18,571 - models.game_server - DEBUG - Timer set complete, game_time: 17643708277
2025-11-29 00:01:18,571 - server.scores_server - DEBUG - Updated game time: 17643708277
2025-11-29 00:01:21,376 - server.scores_server - DEBUG - Checking for score updates...
2025-11-29 00:01:21,376 - server.scores_server - DEBUG - Current game time: 17643708277
2025-11-29 00:01:21,377 - urllib3.connectionpool - DEBUG - Starting new HTTPS connection (1): scores.frisbee.pl:443
2025-11-29 00:01:21,456 - urllib3.connectionpool - DEBUG - https://scores.frisbee.pl:443 "POST /test3/ext/watchlive.php/ HTTP/1.1" 200 248
2025-11-29 00:01:21,458 - server.scores_server - INFO - Scores request: {'ts': {'time': '12690', 'ds': '17643708277', 'stop': False}, 'h': 4, 'a': 6, 'o': 'a', 'e': [{'t': 0, 'e': 'a', 'y': 'O'}, {'t': 25, 'e': 'a', 'a': 3, 's': 10, 'hs': '0', 'as': '1', 'y': 'S'}, {'t': 32, 'e': 'h', 'y': 'T'}, {'t': 35, 'e': 'a', 'a': 4, 's': 10, 'hs': '0', 'as': '2', 'y': 'S'}, {'t': 39, 'e': 'h', 'a': 34, 's': 57, 'hs': '1', 'as': '2', 'y': 'S'}, {'t': 182, 'e': 'a', 'a': 5, 's': 6, 'hs': '1', 'as': '3', 'y': 'S'}, {'t': 413, 'e': 'h', 'a': 35, 's': 74, 'hs': '2', 'as': '3', 'y': 'S'}, {'t': 418, 'e': 'a', 'y': 'T'}, {'t': 419, 'e': 'h', 'a': 74, 's': 34, 'hs': '3', 'as': '3', 'y': 'S'}, {'t': 423, 'e': 'a', 'a': 6, 's': 22, 'hs': '3', 'as': '4', 'y': 'S'}, {'t': 427, 'e': 'h', 'y': 'T'}, {'t': 428, 'e': 'a', 'a': 4, 's': 22, 'hs': '3', 'as': '5', 'y': 'S'}, {'t': 846, 'e': 'h', 'y': 'T'}, {'t': 847, 'e': 'a', 'a': 3, 's': 10, 'hs': '3', 'as': '6', 'y': 'S'}, {'t': 1276, 'e': 'h', 'a': 12, 's': 74, 'hs': '4', 'as': '6', 'y': 'S'}]}
2025-11-29 00:01:21,458 - models.game_server - DEBUG - Setting timer with data: {'time': '12690', 'ds': '17643708277', 'stop': False}, current game_time: 17643708277. Match info: False
2025-11-29 00:01:21,458 - models.game_server - DEBUG - Start detection - Timer offset: 54, Game time: 17643708277
2025-11-29 00:01:21,458 - models.game_server - DEBUG - Send ws message: {'type': 'game', 'running_timer_set': 1, 'timer_offset': 54}
2025-11-29 00:01:21,458 - models.game_server - DEBUG - Timer set complete, game_time: 17643708277
2025-11-29 00:01:21,459 - server.scores_server - DEBUG - Updated game time: 17643708277
2025-11-29 00:01:25,460 - server.scores_server - DEBUG - Checking for score updates...
2025-11-29 00:01:25,461 - server.scores_server - DEBUG - Current game time: 17643708277
2025-11-29 00:01:25,461 - urllib3.connectionpool - DEBUG - Starting new HTTPS connection (1): scores.frisbee.pl:443
2025-11-29 00:01:25,544 - urllib3.connectionpool - DEBUG - https://scores.frisbee.pl:443 "POST /test3/ext/watchlive.php/ HTTP/1.1" 200 248
2025-11-29 00:01:25,545 - models.game_server - DEBUG - Setting timer with data: {'time': '12690', 'ds': '17643708277', 'stop': False}, current game_time: 17643708277. Match info: False
2025-11-29 00:01:25,545 - models.game_server - DEBUG - Start detection - Timer offset: 58, Game time: 17643708277
2025-11-29 00:01:25,546 - models.game_server - DEBUG - Send ws message: {'type': 'game', 'running_timer_set': 1, 'timer_offset': 58}
2025-11-29 00:01:25,546 - models.game_server - DEBUG - Timer set complete, game_time: 17643708277
2025-11-29 00:01:25,546 - server.scores_server - DEBUG - Updated game time: 17643708277
2025-11-29 00:01:29,547 - server.scores_server - DEBUG - Checking for score updates...
2025-11-29 00:01:29,547 - server.scores_server - DEBUG - Current game time: 17643708277
2025-11-29 00:01:29,548 - urllib3.connectionpool - DEBUG - Starting new HTTPS connection (1): scores.frisbee.pl:443
2025-11-29 00:01:29,621 - urllib3.connectionpool - DEBUG - https://scores.frisbee.pl:443 "POST /test3/ext/watchlive.php/ HTTP/1.1" 200 248
2025-11-29 00:01:29,622 - server.scores_server - INFO - Scores request: {'ts': {'time': '12690', 'ds': '17643708277', 'stop': False}, 'h': 4, 'a': 6, 'o': 'a', 'e': [{'t': 0, 'e': 'a', 'y': 'O'}, {'t': 25, 'e': 'a', 'a': 3, 's': 10, 'hs': '0', 'as': '1', 'y': 'S'}, {'t': 32, 'e': 'h', 'y': 'T'}, {'t': 35, 'e': 'a', 'a': 4, 's': 10, 'hs': '0', 'as': '2', 'y': 'S'}, {'t': 39, 'e': 'h', 'a': 34, 's': 57, 'hs': '1', 'as': '2', 'y': 'S'}, {'t': 182, 'e': 'a', 'a': 5, 's': 6, 'hs': '1', 'as': '3', 'y': 'S'}, {'t': 413, 'e': 'h', 'a': 35, 's': 74, 'hs': '2', 'as': '3', 'y': 'S'}, {'t': 418, 'e': 'a', 'y': 'T'}, {'t': 419, 'e': 'h', 'a': 74, 's': 34, 'hs': '3', 'as': '3', 'y': 'S'}, {'t': 423, 'e': 'a', 'a': 6, 's': 22, 'hs': '3', 'as': '4', 'y': 'S'}, {'t': 427, 'e': 'h', 'y': 'T'}, {'t': 428, 'e': 'a', 'a': 4, 's': 22, 'hs': '3', 'as': '5', 'y': 'S'}, {'t': 846, 'e': 'h', 'y': 'T'}, {'t': 847, 'e': 'a', 'a': 3, 's': 10, 'hs': '3', 'as': '6', 'y': 'S'}, {'t': 1276, 'e': 'h', 'a': 12, 's': 74, 'hs': '4', 'as': '6', 'y': 'S'}]}
2025-11-29 00:01:29,622 - models.game_server - DEBUG - Setting timer with data: {'time': '12690', 'ds': '17643708277', 'stop': False}, current game_time: 17643708277. Match info: False
2025-11-29 00:01:29,622 - models.game_server - DEBUG - Start detection - Timer offset: 62, Game time: 17643708277
2025-11-29 00:01:29,623 - models.game_server - DEBUG - Send ws message: {'type': 'game', 'running_timer_set': 1, 'timer_offset': 62}
2025-11-29 00:01:29,623 - models.game_server - DEBUG - Timer set complete, game_time: 17643708277
2025-11-29 00:01:29,623 - server.scores_server - DEBUG - Updated game time: 17643708277
2025-11-29 00:01:33,625 - server.scores_server - DEBUG - Checking for score updates...
2025-11-29 00:01:33,625 - server.scores_server - DEBUG - Current game time: 17643708277
2025-11-29 00:01:33,626 - urllib3.connectionpool - DEBUG - Starting new HTTPS connection (1): scores.frisbee.pl:443
2025-11-29 00:01:33,711 - urllib3.connectionpool - DEBUG - https://scores.frisbee.pl:443 "POST /test3/ext/watchlive.php/ HTTP/1.1" 200 248
2025-11-29 00:01:33,712 - models.game_server - DEBUG - Setting timer with data: {'time': '12690', 'ds': '17643708277', 'stop': False}, current game_time: 17643708277. Match info: False
2025-11-29 00:01:33,712 - models.game_server - DEBUG - Start detection - Timer offset: 66, Game time: 17643708277
2025-11-29 00:01:33,712 - models.game_server - DEBUG - Send ws message: {'type': 'game', 'running_timer_set': 1, 'timer_offset': 66}
2025-11-29 00:01:33,712 - models.game_server - DEBUG - Timer set complete, game_time: 17643708277
2025-11-29 00:01:33,712 - server.scores_server - DEBUG - Updated game time: 17643708277
2025-11-29 00:01:37,718 - server.scores_server - DEBUG - Checking for score updates...
2025-11-29 00:01:37,718 - server.scores_server - DEBUG - Current game time: 17643708277
2025-11-29 00:01:37,719 - urllib3.connectionpool - DEBUG - Starting new HTTPS connection (1): scores.frisbee.pl:443
2025-11-29 00:01:37,811 - urllib3.connectionpool - DEBUG - https://scores.frisbee.pl:443 "POST /test3/ext/watchlive.php/ HTTP/1.1" 200 248
2025-11-29 00:01:37,812 - server.scores_server - INFO - Scores request: {'ts': {'time': '12690', 'ds': '17643708277', 'stop': False}, 'h': 4, 'a': 6, 'o': 'a', 'e': [{'t': 0, 'e': 'a', 'y': 'O'}, {'t': 25, 'e': 'a', 'a': 3, 's': 10, 'hs': '0', 'as': '1', 'y': 'S'}, {'t': 32, 'e': 'h', 'y': 'T'}, {'t': 35, 'e': 'a', 'a': 4, 's': 10, 'hs': '0', 'as': '2', 'y': 'S'}, {'t': 39, 'e': 'h', 'a': 34, 's': 57, 'hs': '1', 'as': '2', 'y': 'S'}, {'t': 182, 'e': 'a', 'a': 5, 's': 6, 'hs': '1', 'as': '3', 'y': 'S'}, {'t': 413, 'e': 'h', 'a': 35, 's': 74, 'hs': '2', 'as': '3', 'y': 'S'}, {'t': 418, 'e': 'a', 'y': 'T'}, {'t': 419, 'e': 'h', 'a': 74, 's': 34, 'hs': '3', 'as': '3', 'y': 'S'}, {'t': 423, 'e': 'a', 'a': 6, 's': 22, 'hs': '3', 'as': '4', 'y': 'S'}, {'t': 427, 'e': 'h', 'y': 'T'}, {'t': 428, 'e': 'a', 'a': 4, 's': 22, 'hs': '3', 'as': '5', 'y': 'S'}, {'t': 846, 'e': 'h', 'y': 'T'}, {'t': 847, 'e': 'a', 'a': 3, 's': 10, 'hs': '3', 'as': '6', 'y': 'S'}, {'t': 1276, 'e': 'h', 'a': 12, 's': 74, 'hs': '4', 'as': '6', 'y': 'S'}]}
2025-11-29 00:01:37,812 - models.game_server - DEBUG - Setting timer with data: {'time': '12690', 'ds': '17643708277', 'stop': False}, current game_time: 17643708277. Match info: False
2025-11-29 00:01:37,813 - models.game_server - DEBUG - Start detection - Timer offset: 70, Game time: 17643708277
2025-11-29 00:01:37,813 - models.game_server - DEBUG - Send ws message: {'type': 'game', 'running_timer_set': 1, 'timer_offset': 70}
2025-11-29 00:01:37,813 - models.game_server - DEBUG - Timer set complete, game_time: 17643708277
2025-11-29 00:01:37,813 - server.scores_server - DEBUG - Updated game time: 17643708277
2025-11-29 00:01:41,821 - server.scores_server - DEBUG - Checking for score updates...
2025-11-29 00:01:41,821 - server.scores_server - DEBUG - Current game time: 17643708277
2025-11-29 00:01:41,822 - urllib3.connectionpool - DEBUG - Starting new HTTPS connection (1): scores.frisbee.pl:443
2025-11-29 00:01:41,933 - urllib3.connectionpool - DEBUG - https://scores.frisbee.pl:443 "POST /test3/ext/watchlive.php/ HTTP/1.1" 200 248
2025-11-29 00:01:41,934 - models.game_server - DEBUG - Setting timer with data: {'time': '12690', 'ds': '17643708277', 'stop': False}, current game_time: 17643708277. Match info: False
2025-11-29 00:01:41,934 - models.game_server - DEBUG - Start detection - Timer offset: 74, Game time: 17643708277
2025-11-29 00:01:41,934 - models.game_server - DEBUG - Send ws message: {'type': 'game', 'running_timer_set': 1, 'timer_offset': 74}
2025-11-29 00:01:41,934 - models.game_server - DEBUG - Timer set complete, game_time: 17643708277
2025-11-29 00:01:41,934 - server.scores_server - DEBUG - Updated game time: 17643708277
2025-11-29 00:01:45,945 - server.scores_server - DEBUG - Checking for score updates...
2025-11-29 00:01:45,945 - server.scores_server - DEBUG - Current game time: 17643708277
2025-11-29 00:01:45,946 - urllib3.connectionpool - DEBUG - Starting new HTTPS connection (1): scores.frisbee.pl:443
2025-11-29 00:01:46,031 - urllib3.connectionpool - DEBUG - https://scores.frisbee.pl:443 "POST /test3/ext/watchlive.php/ HTTP/1.1" 200 248
2025-11-29 00:01:46,032 - server.scores_server - INFO - Scores request: {'ts': {'time': '12690', 'ds': '17643708277', 'stop': False}, 'h': 4, 'a': 6, 'o': 'a', 'e': [{'t': 0, 'e': 'a', 'y': 'O'}, {'t': 25, 'e': 'a', 'a': 3, 's': 10, 'hs': '0', 'as': '1', 'y': 'S'}, {'t': 32, 'e': 'h', 'y': 'T'}, {'t': 35, 'e': 'a', 'a': 4, 's': 10, 'hs': '0', 'as': '2', 'y': 'S'}, {'t': 39, 'e': 'h', 'a': 34, 's': 57, 'hs': '1', 'as': '2', 'y': 'S'}, {'t': 182, 'e': 'a', 'a': 5, 's': 6, 'hs': '1', 'as': '3', 'y': 'S'}, {'t': 413, 'e': 'h', 'a': 35, 's': 74, 'hs': '2', 'as': '3', 'y': 'S'}, {'t': 418, 'e': 'a', 'y': 'T'}, {'t': 419, 'e': 'h', 'a': 74, 's': 34, 'hs': '3', 'as': '3', 'y': 'S'}, {'t': 423, 'e': 'a', 'a': 6, 's': 22, 'hs': '3', 'as': '4', 'y': 'S'}, {'t': 427, 'e': 'h', 'y': 'T'}, {'t': 428, 'e': 'a', 'a': 4, 's': 22, 'hs': '3', 'as': '5', 'y': 'S'}, {'t': 846, 'e': 'h', 'y': 'T'}, {'t': 847, 'e': 'a', 'a': 3, 's': 10, 'hs': '3', 'as': '6', 'y': 'S'}, {'t': 1276, 'e': 'h', 'a': 12, 's': 74, 'hs': '4', 'as': '6', 'y': 'S'}]}
2025-11-29 00:01:46,032 - models.game_server - DEBUG - Setting timer with data: {'time': '12690', 'ds': '17643708277', 'stop': False}, current game_time: 17643708277. Match info: False
2025-11-29 00:01:46,032 - models.game_server - DEBUG - Start detection - Timer offset: 78, Game time: 17643708277
2025-11-29 00:01:46,033 - models.game_server - DEBUG - Send ws message: {'type': 'game', 'running_timer_set': 1, 'timer_offset': 78}
2025-11-29 00:01:46,033 - models.game_server - DEBUG - Timer set complete, game_time: 17643708277
2025-11-29 00:01:46,033 - server.scores_server - DEBUG - Updated game time: 17643708277
2025-11-29 00:01:50,034 - server.scores_server - DEBUG - Checking for score updates...
2025-11-29 00:01:50,034 - server.scores_server - DEBUG - Current game time: 17643708277
2025-11-29 00:01:50,034 - urllib3.connectionpool - DEBUG - Starting new HTTPS connection (1): scores.frisbee.pl:443
2025-11-29 00:01:50,115 - urllib3.connectionpool - DEBUG - https://scores.frisbee.pl:443 "POST /test3/ext/watchlive.php/ HTTP/1.1" 200 248
2025-11-29 00:01:50,116 - models.game_server - DEBUG - Setting timer with data: {'time': '12690', 'ds': '17643708277', 'stop': False}, current game_time: 17643708277. Match info: False
2025-11-29 00:01:50,116 - models.game_server - DEBUG - Start detection - Timer offset: 82, Game time: 17643708277
2025-11-29 00:01:50,116 - models.game_server - DEBUG - Send ws message: {'type': 'game', 'running_timer_set': 1, 'timer_offset': 82}
2025-11-29 00:01:50,117 - models.game_server - DEBUG - Timer set complete, game_time: 17643708277
2025-11-29 00:01:50,117 - server.scores_server - DEBUG - Updated game time: 17643708277
2025-11-29 00:01:52,867 - server.scores_server - DEBUG - Checking for score updates...
2025-11-29 00:01:52,867 - server.scores_server - DEBUG - Current game time: 17643708277
2025-11-29 00:01:52,868 - urllib3.connectionpool - DEBUG - Starting new HTTPS connection (1): scores.frisbee.pl:443
2025-11-29 00:01:52,956 - urllib3.connectionpool - DEBUG - https://scores.frisbee.pl:443 "POST /test3/ext/watchlive.php/ HTTP/1.1" 200 248
2025-11-29 00:01:52,957 - server.scores_server - INFO - Scores request: {'ts': {'time': '12690', 'ds': '17643708277', 'stop': False}, 'h': 4, 'a': 6, 'o': 'a', 'e': [{'t': 0, 'e': 'a', 'y': 'O'}, {'t': 25, 'e': 'a', 'a': 3, 's': 10, 'hs': '0', 'as': '1', 'y': 'S'}, {'t': 32, 'e': 'h', 'y': 'T'}, {'t': 35, 'e': 'a', 'a': 4, 's': 10, 'hs': '0', 'as': '2', 'y': 'S'}, {'t': 39, 'e': 'h', 'a': 34, 's': 57, 'hs': '1', 'as': '2', 'y': 'S'}, {'t': 182, 'e': 'a', 'a': 5, 's': 6, 'hs': '1', 'as': '3', 'y': 'S'}, {'t': 413, 'e': 'h', 'a': 35, 's': 74, 'hs': '2', 'as': '3', 'y': 'S'}, {'t': 418, 'e': 'a', 'y': 'T'}, {'t': 419, 'e': 'h', 'a': 74, 's': 34, 'hs': '3', 'as': '3', 'y': 'S'}, {'t': 423, 'e': 'a', 'a': 6, 's': 22, 'hs': '3', 'as': '4', 'y': 'S'}, {'t': 427, 'e': 'h', 'y': 'T'}, {'t': 428, 'e': 'a', 'a': 4, 's': 22, 'hs': '3', 'as': '5', 'y': 'S'}, {'t': 846, 'e': 'h', 'y': 'T'}, {'t': 847, 'e': 'a', 'a': 3, 's': 10, 'hs': '3', 'as': '6', 'y': 'S'}, {'t': 1276, 'e': 'h', 'a': 12, 's': 74, 'hs': '4', 'as': '6', 'y': 'S'}]}
2025-11-29 00:01:52,958 - models.game_server - DEBUG - Setting timer with data: {'time': '12690', 'ds': '17643708277', 'stop': False}, current game_time: 17643708277. Match info: False
2025-11-29 00:01:52,958 - models.game_server - DEBUG - Start detection - Timer offset: 85, Game time: 17643708277
2025-11-29 00:01:52,958 - models.game_server - DEBUG - Send ws message: {'type': 'game', 'running_timer_set': 1, 'timer_offset': 85}
2025-11-29 00:01:52,958 - models.game_server - DEBUG - Timer set complete, game_time: 17643708277
2025-11-29 00:01:52,958 - server.scores_server - DEBUG - Updated game time: 17643708277
2025-11-29 00:01:56,960 - server.scores_server - DEBUG - Checking for score updates...
2025-11-29 00:01:56,960 - server.scores_server - DEBUG - Current game time: 17643708277
2025-11-29 00:01:56,962 - urllib3.connectionpool - DEBUG - Starting new HTTPS connection (1): scores.frisbee.pl:443
2025-11-29 00:01:57,054 - urllib3.connectionpool - DEBUG - https://scores.frisbee.pl:443 "POST /test3/ext/watchlive.php/ HTTP/1.1" 200 248
2025-11-29 00:01:57,055 - models.game_server - DEBUG - Setting timer with data: {'time': '12690', 'ds': '17643708277', 'stop': False}, current game_time: 17643708277. Match info: False
2025-11-29 00:01:57,056 - models.game_server - DEBUG - Start detection - Timer offset: 89, Game time: 17643708277
2025-11-29 00:01:57,056 - models.game_server - DEBUG - Send ws message: {'type': 'game', 'running_timer_set': 1, 'timer_offset': 89}
2025-11-29 00:01:57,056 - models.game_server - DEBUG - Timer set complete, game_time: 17643708277
2025-11-29 00:01:57,056 - server.scores_server - DEBUG - Updated game time: 17643708277
2025-11-29 00:02:01,079 - server.scores_server - DEBUG - Checking for score updates...
2025-11-29 00:02:01,079 - server.scores_server - DEBUG - Current game time: 17643708277
2025-11-29 00:02:01,080 - urllib3.connectionpool - DEBUG - Starting new HTTPS connection (1): scores.frisbee.pl:443
2025-11-29 00:02:01,172 - urllib3.connectionpool - DEBUG - https://scores.frisbee.pl:443 "POST /test3/ext/watchlive.php/ HTTP/1.1" 200 248
2025-11-29 00:02:01,173 - server.scores_server - INFO - Scores request: {'ts': {'time': '12690', 'ds': '17643708277', 'stop': False}, 'h': 4, 'a': 6, 'o': 'a', 'e': [{'t': 0, 'e': 'a', 'y': 'O'}, {'t': 25, 'e': 'a', 'a': 3, 's': 10, 'hs': '0', 'as': '1', 'y': 'S'}, {'t': 32, 'e': 'h', 'y': 'T'}, {'t': 35, 'e': 'a', 'a': 4, 's': 10, 'hs': '0', 'as': '2', 'y': 'S'}, {'t': 39, 'e': 'h', 'a': 34, 's': 57, 'hs': '1', 'as': '2', 'y': 'S'}, {'t': 182, 'e': 'a', 'a': 5, 's': 6, 'hs': '1', 'as': '3', 'y': 'S'}, {'t': 413, 'e': 'h', 'a': 35, 's': 74, 'hs': '2', 'as': '3', 'y': 'S'}, {'t': 418, 'e': 'a', 'y': 'T'}, {'t': 419, 'e': 'h', 'a': 74, 's': 34, 'hs': '3', 'as': '3', 'y': 'S'}, {'t': 423, 'e': 'a', 'a': 6, 's': 22, 'hs': '3', 'as': '4', 'y': 'S'}, {'t': 427, 'e': 'h', 'y': 'T'}, {'t': 428, 'e': 'a', 'a': 4, 's': 22, 'hs': '3', 'as': '5', 'y': 'S'}, {'t': 846, 'e': 'h', 'y': 'T'}, {'t': 847, 'e': 'a', 'a': 3, 's': 10, 'hs': '3', 'as': '6', 'y': 'S'}, {'t': 1276, 'e': 'h', 'a': 12, 's': 74, 'hs': '4', 'as': '6', 'y': 'S'}]}
2025-11-29 00:02:01,173 - models.game_server - DEBUG - Setting timer with data: {'time': '12690', 'ds': '17643708277', 'stop': False}, current game_time: 17643708277. Match info: False
2025-11-29 00:02:01,173 - models.game_server - DEBUG - Start detection - Timer offset: 93, Game time: 17643708277
2025-11-29 00:02:01,173 - models.game_server - DEBUG - Send ws message: {'type': 'game', 'running_timer_set': 1, 'timer_offset': 93}
2025-11-29 00:02:01,174 - models.game_server - DEBUG - Timer set complete, game_time: 17643708277
2025-11-29 00:02:01,174 - server.scores_server - DEBUG - Updated game time: 17643708277
2025-11-29 00:02:04,047 - server.scores_server - DEBUG - Checking for score updates...
2025-11-29 00:02:04,047 - server.scores_server - DEBUG - Update conditions not met: players=False, game_number=0, stopped_game=False
2025-11-29 00:02:04,047 - models.game_server - DEBUG - Send ws message: {'type': 'clear_text', 'clear': True}
2025-11-29 00:02:04,048 - server.scores_server - INFO - Cleared text display
2025-11-29 00:02:04,063 - werkzeug - INFO - [31m[1mWARNING: This is a development server. Do not use it in a production deployment. Use a production WSGI server instead.[0m
 * Running on all addresses (0.0.0.0)
 * Running on http://127.0.0.1:5000
 * Running on http://172.21.95.26:5000
2025-11-29 00:02:04,063 - werkzeug - INFO - [33mPress CTRL+C to quit[0m
2025-11-29 00:02:06,611 - handlers.websocket_handler - INFO - Client ('::1', 39220, 0, 0) connected
2025-11-29 00:02:08,048 - server.scores_server - DEBUG - Checking for score updates...
2025-11-29 00:02:08,048 - server.scores_server - DEBUG - Update conditions not met: players=False, game_number=0, stopped_game=False
2025-11-29 00:03:27,664 - server.scores_server - DEBUG - Checking for score updates...
2025-11-29 00:03:27,664 - models.game_server - DEBUG - Send ws message: {'type': 'clear_text', 'clear': True}
2025-11-29 00:03:27,665 - server.scores_server - DEBUG - Update conditions not met: players=False, game_number=0, stopped_game=False
2025-11-29 00:03:27,665 - server.scores_server - INFO - Cleared text display
2025-11-29 00:03:27,681 - werkzeug - INFO - [31m[1mWARNING: This is a development server. Do not use it in a production deployment. Use a production WSGI server instead.[0m
 * Running on all addresses (0.0.0.0)
 * Running on http://127.0.0.1:5000
 * Running on http://172.21.95.26:5000
2025-11-29 00:03:27,681 - werkzeug - INFO - [33mPress CTRL+C to quit[0m
2025-11-29 00:03:31,670 - server.scores_server - DEBUG - Checking for score updates...
2025-11-29 00:03:31,671 - server.scores_server - DEBUG - Update conditions not met: players=False, game_number=0, stopped_game=False
2025-11-29 00:03:35,675 - server.scores_server - DEBUG - Checking for score updates...
2025-11-29 00:03:35,675 - server.scores_server - DEBUG - Update conditions not met: players=False, game_number=0, stopped_game=False
2025-11-29 00:03:39,679 - server.scores_server - DEBUG - Checking for score updates...
2025-11-29 00:03:39,679 - server.scores_server - DEBUG - Update conditions not met: players=False, game_number=0, stopped_game=False
2025-11-29 00:03:43,682 - server.scores_server - DEBUG - Checking for score updates...
2025-11-29 00:03:43,682 - server.scores_server - DEBUG - Update conditions not met: players=False, game_number=0, stopped_game=False
2025-11-29 00:03:46,217 - handlers.websocket_handler - INFO - Client ('::1', 47330, 0, 0) connected
2025-11-29 00:03:47,684 - server.scores_server - DEBUG - Checking for score updates...
2025-11-29 00:03:47,684 - server.scores_server - DEBUG - Update conditions not met: players=False, game_number=0, stopped_game=False
2025-11-29 00:03:51,685 - server.scores_server - DEBUG - Checking for score updates...
2025-11-29 00:03:51,686 - server.scores_server - DEBUG - Update conditions not met: players=False, game_number=0, stopped_game=False
2025-11-29 00:03:54,459 - server.scores_server - DEBUG - Checking for score updates...
2025-11-29 00:03:54,459 - server.scores_server - DEBUG - Update conditions not met: players=False, game_number=0, stopped_game=False
2025-11-29 00:03:58,460 - server.scores_server - DEBUG - Checking for score updates...
2025-11-29 00:03:58,460 - server.scores_server - DEBUG - Update conditions not met: players=False, game_number=0, stopped_game=False
2025-11-29 00:04:02,469 - server.scores_server - DEBUG - Checking for score updates...
2025-11-29 00:04:02,469 - server.scores_server - DEBUG - Update conditions not met: players=False, game_number=0, stopped_game=False
2025-11-29 00:04:06,522 - server.scores_server - DEBUG - Checking for score updates...
2025-11-29 00:04:06,522 - server.scores_server - DEBUG - Update conditions not met: players=False, game_number=0, stopped_game=False
2025-11-29 00:04:10,537 - server.scores_server - DEBUG - Checking for score updates...
2025-11-29 00:04:10,537 - server.scores_server - DEBUG - Update conditions not met: players=False, game_number=0, stopped_game=False
2025-11-29 00:04:14,538 - server.scores_server - DEBUG - Checking for score updates...
2025-11-29 00:04:14,538 - server.scores_server - DEBUG - Update conditions not met: players=False, game_number=0, stopped_game=False
2025-11-29 00:04:18,549 - server.scores_server - DEBUG - Checking for score updates...
2025-11-29 00:04:18,549 - server.scores_server - DEBUG - Update conditions not met: players=False, game_number=0, stopped_game=False
2025-11-29 00:04:22,560 - server.scores_server - DEBUG - Checking for score updates...
2025-11-29 00:04:22,560 - server.scores_server - DEBUG - Update conditions not met: players=False, game_number=0, stopped_game=False
2025-11-29 00:04:26,561 - server.scores_server - DEBUG - Checking for score updates...
2025-11-29 00:04:26,561 - server.scores_server - DEBUG - Update conditions not met: players=False, game_number=0, stopped_game=False
2025-11-29 00:04:29,388 - server.scores_server - DEBUG - Checking for score updates...
2025-11-29 00:04:29,388 - server.scores_server - DEBUG - Update conditions not met: players=False, game_number=0, stopped_game=False
2025-11-29 00:04:33,391 - server.scores_server - DEBUG - Checking for score updates...
2025-11-29 00:04:33,391 - server.scores_server - DEBUG - Update conditions not met: players=False, game_number=0, stopped_game=False
2025-11-29 00:04:37,407 - server.scores_server - DEBUG - Checking for score updates...
2025-11-29 00:04:37,408 - server.scores_server - DEBUG - Update conditions not met: players=False, game_number=0, stopped_game=False
2025-11-29 00:04:41,413 - server.scores_server - DEBUG - Checking for score updates...
2025-11-29 00:04:41,413 - server.scores_server - DEBUG - Update conditions not met: players=False, game_number=0, stopped_game=False
2025-11-29 00:04:45,416 - server.scores_server - DEBUG - Checking for score updates...
2025-11-29 00:04:45,416 - server.scores_server - DEBUG - Update conditions not met: players=False, game_number=0, stopped_game=False
2025-11-29 00:04:49,427 - server.scores_server - DEBUG - Checking for score updates...
2025-11-29 00:04:49,427 - server.scores_server - DEBUG - Update conditions not met: players=False, game_number=0, stopped_game=False
2025-11-29 00:04:53,433 - server.scores_server - DEBUG - Checking for score updates...
2025-11-29 00:04:53,433 - server.scores_server - DEBUG - Update conditions not met: players=False, game_number=0, stopped_game=False
2025-11-29 00:04:57,435 - server.scores_server - DEBUG - Checking for score updates...
2025-11-29 00:04:57,436 - server.scores_server - DEBUG - Update conditions not met: players=False, game_number=0, stopped_game=False
2025-11-29 00:05:00,100 - server.scores_server - DEBUG - Checking for score updates...
2025-11-29 00:05:00,101 - server.scores_server - DEBUG - Update conditions not met: players=False, game_number=0, stopped_game=False
2025-11-29 00:05:04,102 - server.scores_server - DEBUG - Checking for score updates...
2025-11-29 00:05:04,102 - server.scores_server - DEBUG - Update conditions not met: players=False, game_number=0, stopped_game=False
2025-11-29 00:05:08,118 - server.scores_server - DEBUG - Checking for score updates...
2025-11-29 00:05:08,119 - server.scores_server - DEBUG - Update conditions not met: players=False, game_number=0, stopped_game=False
2025-11-29 00:05:12,121 - server.scores_server - DEBUG - Checking for score updates...
2025-11-29 00:05:12,121 - server.scores_server - DEBUG - Update conditions not met: players=False, game_number=0, stopped_game=False
2025-11-29 00:05:16,122 - server.scores_server - DEBUG - Checking for score updates...
2025-11-29 00:05:16,122 - server.scores_server - DEBUG - Update conditions not met: players=False, game_number=0, stopped_game=False
2025-11-29 00:05:20,123 - server.scores_server - DEBUG - Checking for score updates...
2025-11-29 00:05:20,123 - server.scores_server - DEBUG - Update conditions not met: players=False, game_number=0, stopped_game=False
2025-11-29 00:05:24,123 - server.scores_server - DEBUG - Checking for score updates...
2025-11-29 00:05:24,123 - server.scores_server - DEBUG - Update conditions not met: players=False, game_number=0, stopped_game=False
2025-11-29 00:05:28,124 - server.scores_server - DEBUG - Checking for score updates...
2025-11-29 00:05:28,124 - server.scores_server - DEBUG - Update conditions not met: players=False, game_number=0, stopped_game=False
2025-11-29 00:05:30,918 - server.scores_server - DEBUG - Checking for score updates...
2025-11-29 00:05:30,919 - server.scores_server - DEBUG - Update conditions not met: players=False, game_number=0, stopped_game=False
2025-11-29 00:05:34,920 - server.scores_server - DEBUG - Checking for score updates...
2025-11-29 00:05:34,921 - server.scores_server - DEBUG - Update conditions not met: players=False, game_number=0, stopped_game=False
2025-11-29 00:05:38,922 - server.scores_server - DEBUG - Checking for score updates...
2025-11-29 00:05:38,922 - server.scores_server - DEBUG - Update conditions not met: players=False, game_number=0, stopped_game=False
2025-11-29 00:05:42,926 - server.scores_server - DEBUG - Checking for score updates...
2025-11-29 00:05:42,926 - server.scores_server - DEBUG - Update conditions not met: players=False, game_number=0, stopped_game=False
2025-11-29 00:05:46,940 - server.scores_server - DEBUG - Checking for score updates...
2025-11-29 00:05:46,940 - server.scores_server - DEBUG - Update conditions not met: players=False, game_number=0, stopped_game=False
2025-11-29 00:05:50,971 - server.scores_server - DEBUG - Checking for score updates...
2025-11-29 00:05:50,971 - server.scores_server - DEBUG - Update conditions not met: players=False, game_number=0, stopped_game=False
2025-11-29 00:05:54,977 - server.scores_server - DEBUG - Checking for score updates...
2025-11-29 00:05:54,977 - server.scores_server - DEBUG - Update conditions not met: players=False, game_number=0, stopped_game=False
2025-11-29 00:05:58,979 - server.scores_server - DEBUG - Checking for score updates...
2025-11-29 00:05:58,979 - server.scores_server - DEBUG - Update conditions not met: players=False, game_number=0, stopped_game=False
2025-11-29 00:06:02,982 - server.scores_server - DEBUG - Checking for score updates...
2025-11-29 00:06:02,982 - server.scores_server - DEBUG - Update conditions not met: players=False, game_number=0, stopped_game=False
2025-11-29 00:06:06,983 - server.scores_server - DEBUG - Checking for score updates...
2025-11-29 00:06:06,983 - server.scores_server - DEBUG - Update conditions not met: players=False, game_number=0, stopped_game=False
2025-11-29 00:06:10,985 - server.scores_server - DEBUG - Checking for score updates...
2025-11-29 00:06:10,985 - server.scores_server - DEBUG - Update conditions not met: players=False, game_number=0, stopped_game=False
2025-11-29 00:06:13,199 - server.scores_server - DEBUG - Checking for score updates...
2025-11-29 00:06:13,199 - server.scores_server - DEBUG - Update conditions not met: players=False, game_number=0, stopped_game=False
2025-11-29 00:06:17,200 - server.scores_server - DEBUG - Checking for score updates...
2025-11-29 00:06:17,201 - server.scores_server - DEBUG - Update conditions not met: players=False, game_number=0, stopped_game=False
2025-11-29 00:06:21,203 - server.scores_server - DEBUG - Checking for score updates...
2025-11-29 00:06:21,203 - server.scores_server - DEBUG - Update conditions not met: players=False, game_number=0, stopped_game=False
2025-11-29 00:06:25,205 - server.scores_server - DEBUG - Checking for score updates...
2025-11-29 00:06:25,205 - server.scores_server - DEBUG - Update conditions not met: players=False, game_number=0, stopped_game=False
2025-11-29 00:06:29,206 - server.scores_server - DEBUG - Checking for score updates...
2025-11-29 00:06:29,207 - server.scores_server - DEBUG - Update conditions not met: players=False, game_number=0, stopped_game=False
2025-11-29 00:06:33,210 - server.scores_server - DEBUG - Checking for score updates...
2025-11-29 00:06:33,210 - server.scores_server - DEBUG - Update conditions not met: players=False, game_number=0, stopped_game=False
2025-11-29 00:06:37,213 - server.scores_server - DEBUG - Checking for score updates...
2025-11-29 00:06:37,213 - server.scores_server - DEBUG - Update conditions not met: players=False, game_number=0, stopped_game=False
2025-11-29 00:06:41,215 - server.scores_server - DEBUG - Checking for score updates...
2025-11-29 00:06:41,215 - server.scores_server - DEBUG - Update conditions not met: players=False, game_number=0, stopped_game=False
2025-11-29 00:06:43,967 - server.scores_server - DEBUG - Checking for score updates...
2025-11-29 00:06:43,967 - server.scores_server - DEBUG - Update conditions not met: players=False, game_number=0, stopped_game=False
2025-11-29 00:06:47,972 - server.scores_server - DEBUG - Checking for score updates...
2025-11-29 00:06:47,972 - server.scores_server - DEBUG - Update conditions not met: players=False, game_number=0, stopped_game=False
2025-11-29 00:06:51,973 - server.scores_server - DEBUG - Checking for score updates...
2025-11-29 00:06:51,973 - server.scores_server - DEBUG - Update conditions not met: players=False, game_number=0, stopped_game=False
2025-11-29 00:06:55,977 - server.scores_server - DEBUG - Checking for score updates...
2025-11-29 00:06:55,978 - server.scores_server - DEBUG - Update conditions not met: players=False, game_number=0, stopped_game=False
2025-11-29 00:06:59,978 - server.scores_server - DEBUG - Checking for score updates...
2025-11-29 00:06:59,979 - server.scores_server - DEBUG - Update conditions not met: players=False, game_number=0, stopped_game=False
2025-11-29 00:07:03,982 - server.scores_server - DEBUG - Checking for score updates...
2025-11-29 00:07:03,983 - server.scores_server - DEBUG - Update conditions not met: players=False, game_number=0, stopped_game=False
2025-11-29 00:07:07,988 - server.scores_server - DEBUG - Checking for score updates...
2025-11-29 00:07:07,988 - server.scores_server - DEBUG - Update conditions not met: players=False, game_number=0, stopped_game=False
2025-11-29 00:07:11,991 - server.scores_server - DEBUG - Checking for score updates...
2025-11-29 00:07:11,991 - server.scores_server - DEBUG - Update conditions not met: players=False, game_number=0, stopped_game=False
2025-11-29 00:07:15,992 - server.scores_server - DEBUG - Checking for score updates...
2025-11-29 00:07:15,992 - server.scores_server - DEBUG - Update conditions not met: players=False, game_number=0, stopped_game=False
2025-11-29 00:07:18,651 - server.scores_server - DEBUG - Checking for score updates...
2025-11-29 00:07:18,651 - server.scores_server - DEBUG - Update conditions not met: players=False, game_number=0, stopped_game=False
2025-11-29 00:07:22,652 - server.scores_server - DEBUG - Checking for score updates...
2025-11-29 00:07:22,652 - server.scores_server - DEBUG - Update conditions not met: players=False, game_number=0, stopped_game=False
2025-11-29 00:07:26,653 - server.scores_server - DEBUG - Checking for score updates...
2025-11-29 00:07:26,653 - server.scores_server - DEBUG - Update conditions not met: players=False, game_number=0, stopped_game=False
2025-11-29 00:07:30,654 - server.scores_server - DEBUG - Checking for score updates...
2025-11-29 00:07:30,654 - server.scores_server - DEBUG - Update conditions not met: players=False, game_number=0, stopped_game=False
2025-11-29 00:07:34,655 - server.scores_server - DEBUG - Checking for score updates...
2025-11-29 00:07:34,655 - server.scores_server - DEBUG - Update conditions not met: players=False, game_number=0, stopped_game=False
2025-11-29 00:07:38,657 - server.scores_server - DEBUG - Checking for score updates...
2025-11-29 00:07:38,658 - server.scores_server - DEBUG - Update conditions not met: players=False, game_number=0, stopped_game=False
2025-11-29 00:07:42,659 - server.scores_server - DEBUG - Checking for score updates...
2025-11-29 00:07:42,659 - server.scores_server - DEBUG - Update conditions not met: players=False, game_number=0, stopped_game=False
2025-11-29 00:07:46,661 - server.scores_server - DEBUG - Checking for score updates...
2025-11-29 00:07:46,662 - server.scores_server - DEBUG - Update conditions not met: players=False, game_number=0, stopped_game=False
2025-11-29 00:07:49,450 - server.scores_server - DEBUG - Checking for score updates...
2025-11-29 00:07:49,451 - server.scores_server - DEBUG - Update conditions not met: players=False, game_number=0, stopped_game=False
2025-11-29 00:07:53,451 - server.scores_server - DEBUG - Checking for score updates...
2025-11-29 00:07:53,452 - server.scores_server - DEBUG - Update conditions not met: players=False, game_number=0, stopped_game=False
2025-11-29 00:07:57,455 - server.scores_server - DEBUG - Checking for score updates...
2025-11-29 00:07:57,455 - server.scores_server - DEBUG - Update conditions not met: players=False, game_number=0, stopped_game=False
2025-11-29 00:08:01,458 - server.scores_server - DEBUG - Checking for score updates...
2025-11-29 00:08:01,459 - server.scores_server - DEBUG - Update conditions not met: players=False, game_number=0, stopped_game=False
2025-11-29 00:08:05,463 - server.scores_server - DEBUG - Checking for score updates...
2025-11-29 00:08:05,463 - server.scores_server - DEBUG - Update conditions not met: players=False, game_number=0, stopped_game=False
2025-11-29 00:24:04,215 - server.scores_server - DEBUG - Checking for score updates...
2025-11-29 00:24:04,215 - models.game_server - DEBUG - Send ws message: {'type': 'clear_text', 'clear': True}
2025-11-29 00:24:04,215 - server.scores_server - DEBUG - Update conditions not met: players=False, game_number=0, stopped_game=False
2025-11-29 00:24:04,215 - server.scores_server - INFO - Cleared text display
2025-11-29 00:24:04,233 - werkzeug - INFO - [31m[1mWARNING: This is a development server. Do not use it in a production deployment. Use a production WSGI server instead.[0m
 * Running on all addresses (0.0.0.0)
 * Running on http://127.0.0.1:5000
 * Running on http://172.21.95.26:5000
2025-11-29 00:24:04,234 - werkzeug - INFO - [33mPress CTRL+C to quit[0m
2025-11-29 00:24:08,220 - server.scores_server - DEBUG - Checking for score updates...
2025-11-29 00:24:08,220 - server.scores_server - DEBUG - Update conditions not met: players=False, game_number=0, stopped_game=False
2025-11-29 00:24:10,961 - werkzeug - INFO - 127.0.0.1 - - [29/Nov/2025 00:24:10] "[33mGET / HTTP/1.1[0m" 404 -
2025-11-29 00:24:12,223 - server.scores_server - DEBUG - Checking for score updates...
2025-11-29 00:24:12,223 - server.scores_server - DEBUG - Update conditions not met: players=False, game_number=0, stopped_game=False
2025-11-29 00:24:14,899 - server.scores_server - DEBUG - Checking for score updates...
2025-11-29 00:24:14,899 - server.scores_server - DEBUG - Update conditions not met: players=False, game_number=0, stopped_game=False
2025-11-29 00:24:18,904 - server.scores_server - DEBUG - Checking for score updates...
2025-11-29 00:24:18,905 - server.scores_server - DEBUG - Update conditions not met: players=False, game_number=0, stopped_game=False
2025-11-29 00:24:22,908 - server.scores_server - DEBUG - Checking for score updates...
2025-11-29 00:24:22,908 - server.scores_server - DEBUG - Update conditions not met: players=False, game_number=0, stopped_game=False
2025-11-29 00:24:26,911 - server.scores_server - DEBUG - Checking for score updates...
2025-11-29 00:24:26,911 - server.scores_server - DEBUG - Update conditions not met: players=False, game_number=0, stopped_game=False
2025-11-29 00:24:30,920 - server.scores_server - DEBUG - Checking for score updates...
2025-11-29 00:24:30,920 - server.scores_server - DEBUG - Update conditions not met: players=False, game_number=0, stopped_game=False
2025-11-29 00:24:34,921 - server.scores_server - DEBUG - Checking for score updates...
2025-11-29 00:24:34,921 - server.scores_server - DEBUG - Update conditions not met: players=False, game_number=0, stopped_game=False
2025-11-29 00:24:38,921 - server.scores_server - DEBUG - Checking for score updates...
2025-11-29 00:24:38,921 - server.scores_server - DEBUG - Update conditions not met: players=False, game_number=0, stopped_game=False
2025-11-29 00:24:42,921 - server.scores_server - DEBUG - Checking for score updates...
2025-11-29 00:24:42,922 - server.scores_server - DEBUG - Update conditions not met: players=False, game_number=0, stopped_game=False
2025-11-29 00:24:45,660 - server.scores_server - DEBUG - Checking for score updates...
2025-11-29 00:24:45,660 - server.scores_server - DEBUG - Update conditions not met: players=False, game_number=0, stopped_game=False
2025-11-29 00:24:49,660 - server.scores_server - DEBUG - Checking for score updates...
2025-11-29 00:24:49,660 - server.scores_server - DEBUG - Update conditions not met: players=False, game_number=0, stopped_game=False
2025-11-29 00:24:53,661 - server.scores_server - DEBUG - Checking for score updates...
2025-11-29 00:24:53,661 - server.scores_server - DEBUG - Update conditions not met: players=False, game_number=0, stopped_game=False
2025-11-29 00:24:55,638 - handlers.websocket_handler - INFO - Client ('::1', 47314, 0, 0) connected
2025-11-29 00:24:55,915 - handlers.websocket_handler - INFO - Client ('::1', 47328, 0, 0) connected
2025-11-29 00:24:57,661 - server.scores_server - DEBUG - Checking for score updates...
2025-11-29 00:24:57,662 - server.scores_server - DEBUG - Update conditions not met: players=False, game_number=0, stopped_game=False
2025-11-29 00:24:58,919 - handlers.websocket_handler - INFO - Client ('::1', 47328, 0, 0) closed
2025-11-29 00:25:01,662 - server.scores_server - DEBUG - Checking for score updates...
2025-11-29 00:25:01,662 - server.scores_server - DEBUG - Update conditions not met: players=False, game_number=0, stopped_game=False
2025-11-29 00:25:05,663 - server.scores_server - DEBUG - Checking for score updates...
2025-11-29 00:25:05,663 - server.scores_server - DEBUG - Update conditions not met: players=False, game_number=0, stopped_game=False
2025-11-29 00:25:09,663 - server.scores_server - DEBUG - Checking for score updates...
2025-11-29 00:25:09,664 - server.scores_server - DEBUG - Update conditions not met: players=False, game_number=0, stopped_game=False
2025-11-29 00:25:12,311 - server.scores_server - DEBUG - Checking for score updates...
2025-11-29 00:25:12,311 - server.scores_server - DEBUG - Update conditions not met: players=False, game_number=0, stopped_game=False
2025-11-29 00:25:14,313 - handlers.websocket_handler - INFO - Client ('::1', 55178, 0, 0) connected
2025-11-29 00:25:16,311 - server.scores_server - DEBUG - Checking for score updates...
2025-11-29 00:25:16,312 - server.scores_server - DEBUG - Update conditions not met: players=False, game_number=0, stopped_game=False
2025-11-29 00:25:20,028 - handlers.websocket_handler - INFO - Client ('::1', 55190, 0, 0) connected
2025-11-29 00:25:20,312 - server.scores_server - DEBUG - Checking for score updates...
2025-11-29 00:25:20,312 - server.scores_server - DEBUG - Update conditions not met: players=False, game_number=0, stopped_game=False
2025-11-29 00:25:22,526 - handlers.websocket_handler - INFO - Client ('::1', 55178, 0, 0) closed
2025-11-29 00:25:22,631 - handlers.websocket_handler - INFO - Client ('::1', 55892, 0, 0) connected
2025-11-29 00:25:24,313 - server.scores_server - DEBUG - Checking for score updates...
2025-11-29 00:25:24,313 - server.scores_server - DEBUG - Update conditions not met: players=False, game_number=0, stopped_game=False
2025-11-29 00:25:28,314 - server.scores_server - DEBUG - Checking for score updates...
2025-11-29 00:25:28,314 - server.scores_server - DEBUG - Update conditions not met: players=False, game_number=0, stopped_game=False
2025-11-29 00:25:32,315 - server.scores_server - DEBUG - Checking for score updates...
2025-11-29 00:25:32,315 - server.scores_server - DEBUG - Update conditions not met: players=False, game_number=0, stopped_game=False
2025-11-29 00:25:33,127 - handlers.websocket_handler - INFO - Client ('::1', 47314, 0, 0) closed
2025-11-29 00:25:36,316 - server.scores_server - DEBUG - Checking for score updates...
2025-11-29 00:25:36,316 - server.scores_server - DEBUG - Update conditions not met: players=False, game_number=0, stopped_game=False
2025-11-29 00:25:40,317 - server.scores_server - DEBUG - Checking for score updates...
2025-11-29 00:25:40,317 - server.scores_server - DEBUG - Update conditions not met: players=False, game_number=0, stopped_game=False
2025-11-29 00:25:43,041 - server.scores_server - DEBUG - Checking for score updates...
2025-11-29 00:25:43,041 - server.scores_server - DEBUG - Update conditions not met: players=False, game_number=0, stopped_game=False
2025-11-29 00:25:44,206 - urllib3.connectionpool - DEBUG - Starting new HTTPS connection (1): ultiscores.com:443
2025-11-29 00:25:44,324 - urllib3.connectionpool - DEBUG - https://ultiscores.com:443 "POST /4x/ext/watchlive.php/ HTTP/1.1" 200 135
2025-11-29 00:25:44,324 - models.game_server - INFO - Match info request: {'ts': {'time': 0, 'ds': 0, 'stop': True}, 'h': 0, 'a': 0, 'o': '', 'e': [], 'p': {'h': [], 'a': []}, 'hn': 'Ultimatum Kaszëbi', 'an': '2Oldvious', 'ha': 'KSB', 'aa': '2OL'}
2025-11-29 00:25:44,325 - models.game_server - DEBUG - Send ws message: {'type': 'team', 'team': 'h', 'team_name': 'KSB', 'team_name_full': 'Ultimatum Kaszebi'}
2025-11-29 00:25:44,326 - models.game_server - DEBUG - Send ws message: {'type': 'team', 'team': 'a', 'team_name': '2OL', 'team_name_full': '2Oldvious'}
2025-11-29 00:25:44,326 - models.game_server - DEBUG - Setting timer with data: {'time': 0, 'ds': 0, 'stop': True}, current game_time: 0. Match info: True
2025-11-29 00:25:44,326 - models.game_server - DEBUG - Send ws message: {'type': 'game', 'timer_set': 1, 'timer_offset': 0.0}
2025-11-29 00:25:44,326 - models.game_server - DEBUG - Timer set complete, game_time: 0
2025-11-29 00:25:44,326 - models.game_server - DEBUG - Send ws message: {'type': 'game', 'score_set': 1, 'data': {'a_score': 0, 'h_score': 0}}
2025-11-29 00:25:44,327 - models.game_server - INFO - Players: {}
2025-11-29 00:25:47,041 - server.scores_server - DEBUG - Checking for score updates...
2025-11-29 00:25:47,042 - server.scores_server - DEBUG - Update conditions not met: players=False, game_number=1004, stopped_game=False
2025-11-29 00:25:51,043 - server.scores_server - DEBUG - Checking for score updates...
2025-11-29 00:25:51,043 - server.scores_server - DEBUG - Update conditions not met: players=False, game_number=1004, stopped_game=False
2025-11-29 00:25:51,413 - models.game_server - INFO - Jersey color: {'type': 'team', 'team': 'h', 'jersey_color': '#58ff63'}
2025-11-29 00:25:51,413 - models.game_server - DEBUG - Send ws message: {'type': 'team', 'team': 'h', 'jersey_color': '#58ff63'}
2025-11-29 00:25:55,044 - server.scores_server - DEBUG - Checking for score updates...
2025-11-29 00:25:55,044 - server.scores_server - DEBUG - Update conditions not met: players=False, game_number=1004, stopped_game=False
2025-11-29 00:25:59,045 - server.scores_server - DEBUG - Checking for score updates...
2025-11-29 00:25:59,045 - server.scores_server - DEBUG - Update conditions not met: players=False, game_number=1004, stopped_game=False
2025-11-29 00:26:03,045 - server.scores_server - DEBUG - Checking for score updates...
2025-11-29 00:26:03,046 - server.scores_server - DEBUG - Update conditions not met: players=False, game_number=1004, stopped_game=False
2025-11-29 00:26:07,047 - server.scores_server - DEBUG - Checking for score updates...
2025-11-29 00:26:07,047 - server.scores_server - DEBUG - Update conditions not met: players=False, game_number=1004, stopped_game=False
2025-11-29 00:26:09,733 - server.scores_server - DEBUG - Checking for score updates...
2025-11-29 00:26:09,733 - server.scores_server - DEBUG - Update conditions not met: players=False, game_number=1004, stopped_game=False
2025-11-29 00:26:13,734 - server.scores_server - DEBUG - Checking for score updates...
2025-11-29 00:26:13,734 - server.scores_server - DEBUG - Update conditions not met: players=False, game_number=1004, stopped_game=False
2025-11-29 00:26:17,735 - server.scores_server - DEBUG - Checking for score updates...
2025-11-29 00:26:17,735 - server.scores_server - DEBUG - Update conditions not met: players=False, game_number=1004, stopped_game=False
2025-11-29 00:26:21,736 - server.scores_server - DEBUG - Checking for score updates...
2025-11-29 00:26:21,737 - server.scores_server - DEBUG - Update conditions not met: players=False, game_number=1004, stopped_game=False
2025-11-29 00:26:25,738 - server.scores_server - DEBUG - Checking for score updates...
2025-11-29 00:26:25,738 - server.scores_server - DEBUG - Update conditions not met: players=False, game_number=1004, stopped_game=False
2025-11-29 00:26:29,739 - server.scores_server - DEBUG - Checking for score updates...
2025-11-29 00:26:29,740 - server.scores_server - DEBUG - Update conditions not met: players=False, game_number=1004, stopped_game=False
2025-11-29 00:26:33,741 - server.scores_server - DEBUG - Checking for score updates...
2025-11-29 00:26:33,741 - server.scores_server - DEBUG - Update conditions not met: players=False, game_number=1004, stopped_game=False
2025-11-29 00:26:37,742 - server.scores_server - DEBUG - Checking for score updates...
2025-11-29 00:26:37,742 - server.scores_server - DEBUG - Update conditions not met: players=False, game_number=1004, stopped_game=False
2025-11-29 00:26:40,447 - server.scores_server - DEBUG - Checking for score updates...
2025-11-29 00:26:40,447 - server.scores_server - DEBUG - Update conditions not met: players=False, game_number=1004, stopped_game=False
2025-11-29 00:26:44,449 - server.scores_server - DEBUG - Checking for score updates...
2025-11-29 00:26:44,449 - server.scores_server - DEBUG - Update conditions not met: players=False, game_number=1004, stopped_game=False
2025-11-29 00:26:48,451 - server.scores_server - DEBUG - Checking for score updates...
2025-11-29 00:26:48,451 - server.scores_server - DEBUG - Update conditions not met: players=False, game_number=1004, stopped_game=False
2025-11-29 00:26:52,453 - server.scores_server - DEBUG - Checking for score updates...
2025-11-29 00:26:52,453 - server.scores_server - DEBUG - Update conditions not met: players=False, game_number=1004, stopped_game=False
2025-11-29 00:26:56,455 - server.scores_server - DEBUG - Checking for score updates...
2025-11-29 00:26:56,455 - server.scores_server - DEBUG - Update conditions not met: players=False, game_number=1004, stopped_game=False
2025-11-29 00:27:00,457 - server.scores_server - DEBUG - Checking for score updates...
2025-11-29 00:27:00,458 - server.scores_server - DEBUG - Update conditions not met: players=False, game_number=1004, stopped_game=False
2025-11-29 00:27:04,460 - server.scores_server - DEBUG - Checking for score updates...
2025-11-29 00:27:04,460 - server.scores_server - DEBUG - Update conditions not met: players=False, game_number=1004, stopped_game=False
2025-11-29 00:27:07,159 - server.scores_server - DEBUG - Checking for score updates...
2025-11-29 00:27:07,160 - server.scores_server - DEBUG - Update conditions not met: players=False, game_number=1004, stopped_game=False
2025-11-29 00:27:11,160 - server.scores_server - DEBUG - Checking for score updates...
2025-11-29 00:27:11,160 - server.scores_server - DEBUG - Update conditions not met: players=False, game_number=1004, stopped_game=False
2025-11-29 00:27:15,163 - server.scores_server - DEBUG - Checking for score updates...
2025-11-29 00:27:15,163 - server.scores_server - DEBUG - Update conditions not met: players=False, game_number=1004, stopped_game=False
2025-11-29 00:27:19,164 - server.scores_server - DEBUG - Checking for score updates...
2025-11-29 00:27:19,164 - server.scores_server - DEBUG - Update conditions not met: players=False, game_number=1004, stopped_game=False
2025-11-29 00:27:23,164 - server.scores_server - DEBUG - Checking for score updates...
2025-11-29 00:27:23,164 - server.scores_server - DEBUG - Update conditions not met: players=False, game_number=1004, stopped_game=False
2025-11-29 00:27:27,165 - server.scores_server - DEBUG - Checking for score updates...
2025-11-29 00:27:27,166 - server.scores_server - DEBUG - Update conditions not met: players=False, game_number=1004, stopped_game=False
2025-11-29 00:27:31,168 - server.scores_server - DEBUG - Checking for score updates...
2025-11-29 00:27:31,168 - server.scores_server - DEBUG - Update conditions not met: players=False, game_number=1004, stopped_game=False
2025-11-29 00:27:35,171 - server.scores_server - DEBUG - Checking for score updates...
2025-11-29 00:27:35,171 - server.scores_server - DEBUG - Update conditions not met: players=False, game_number=1004, stopped_game=False
2025-11-29 00:27:37,877 - server.scores_server - DEBUG - Checking for score updates...
2025-11-29 00:27:37,877 - server.scores_server - DEBUG - Update conditions not met: players=False, game_number=1004, stopped_game=False
2025-11-29 00:27:41,880 - server.scores_server - DEBUG - Checking for score updates...
2025-11-29 00:27:41,880 - server.scores_server - DEBUG - Update conditions not met: players=False, game_number=1004, stopped_game=False
2025-11-29 00:27:45,883 - server.scores_server - DEBUG - Checking for score updates...
2025-11-29 00:27:45,883 - server.scores_server - DEBUG - Update conditions not met: players=False, game_number=1004, stopped_game=False
2025-11-29 00:27:49,885 - server.scores_server - DEBUG - Checking for score updates...
2025-11-29 00:27:49,885 - server.scores_server - DEBUG - Update conditions not met: players=False, game_number=1004, stopped_game=False
2025-11-29 00:27:53,887 - server.scores_server - DEBUG - Checking for score updates...
2025-11-29 00:27:53,887 - server.scores_server - DEBUG - Update conditions not met: players=False, game_number=1004, stopped_game=False
2025-11-29 00:27:57,887 - server.scores_server - DEBUG - Checking for score updates...
2025-11-29 00:27:57,888 - server.scores_server - DEBUG - Update conditions not met: players=False, game_number=1004, stopped_game=False
2025-11-29 00:28:01,888 - server.scores_server - DEBUG - Checking for score updates...
2025-11-29 00:28:01,888 - server.scores_server - DEBUG - Update conditions not met: players=False, game_number=1004, stopped_game=False
2025-11-29 00:28:04,592 - server.scores_server - DEBUG - Checking for score updates...
2025-11-29 00:28:04,593 - server.scores_server - DEBUG - Update conditions not met: players=False, game_number=1004, stopped_game=False
2025-11-29 00:28:08,596 - server.scores_server - DEBUG - Checking for score updates...
2025-11-29 00:28:08,596 - server.scores_server - DEBUG - Update conditions not met: players=False, game_number=1004, stopped_game=False
2025-11-29 00:28:12,600 - server.scores_server - DEBUG - Checking for score updates...
2025-11-29 00:28:12,601 - server.scores_server - DEBUG - Update conditions not met: players=False, game_number=1004, stopped_game=False
2025-11-29 00:28:16,605 - server.scores_server - DEBUG - Checking for score updates...
2025-11-29 00:28:16,605 - server.scores_server - DEBUG - Update conditions not met: players=False, game_number=1004, stopped_game=False
2025-11-29 00:28:20,609 - server.scores_server - DEBUG - Checking for score updates...
2025-11-29 00:28:20,609 - server.scores_server - DEBUG - Update conditions not met: players=False, game_number=1004, stopped_game=False
2025-11-29 00:28:24,613 - server.scores_server - DEBUG - Checking for score updates...
2025-11-29 00:28:24,613 - server.scores_server - DEBUG - Update conditions not met: players=False, game_number=1004, stopped_game=False
2025-11-29 00:28:28,617 - server.scores_server - DEBUG - Checking for score updates...
2025-11-29 00:28:28,618 - server.scores_server - DEBUG - Update conditions not met: players=False, game_number=1004, stopped_game=False
2025-11-29 00:28:32,622 - server.scores_server - DEBUG - Checking for score updates...
2025-11-29 00:28:32,622 - server.scores_server - DEBUG - Update conditions not met: players=False, game_number=1004, stopped_game=False
2025-11-29 00:28:35,320 - server.scores_server - DEBUG - Checking for score updates...
2025-11-29 00:28:35,321 - server.scores_server - DEBUG - Update conditions not met: players=False, game_number=1004, stopped_game=False
2025-11-29 00:28:39,325 - server.scores_server - DEBUG - Checking for score updates...
2025-11-29 00:28:39,326 - server.scores_server - DEBUG - Update conditions not met: players=False, game_number=1004, stopped_game=False
2025-11-29 00:28:43,331 - server.scores_server - DEBUG - Checking for score updates...
2025-11-29 00:28:43,331 - server.scores_server - DEBUG - Update conditions not met: players=False, game_number=1004, stopped_game=False
2025-11-29 00:28:47,335 - server.scores_server - DEBUG - Checking for score updates...
2025-11-29 00:28:47,335 - server.scores_server - DEBUG - Update conditions not met: players=False, game_number=1004, stopped_game=False
2025-11-29 00:28:51,183 - models.game_server - DEBUG - Send ws message: {'type': 'clear_text', 'clear': True}
2025-11-29 00:28:51,184 - server.scores_server - INFO - Cleared text display
2025-11-29 00:28:51,336 - server.scores_server - DEBUG - Checking for score updates...
2025-11-29 00:28:51,336 - server.scores_server - DEBUG - Update conditions not met: players=False, game_number=1004, stopped_game=False
2025-11-29 00:28:55,342 - server.scores_server - DEBUG - Checking for score updates...
2025-11-29 00:28:55,343 - server.scores_server - DEBUG - Update conditions not met: players=False, game_number=1004, stopped_game=False
2025-11-29 00:28:59,346 - server.scores_server - DEBUG - Checking for score updates...
2025-11-29 00:28:59,346 - server.scores_server - DEBUG - Update conditions not met: players=False, game_number=1004, stopped_game=False
2025-11-29 00:29:01,726 - handlers.websocket_handler - INFO - Client ('::1', 55190, 0, 0) closed
2025-11-29 00:29:02,057 - server.scores_server - DEBUG - Checking for score updates...
2025-11-29 00:29:02,057 - server.scores_server - DEBUG - Update conditions not met: players=False, game_number=1004, stopped_game=False
2025-11-29 00:29:04,288 - handlers.websocket_handler - INFO - Client ('::1', 47474, 0, 0) connected
2025-11-29 00:29:06,061 - server.scores_server - DEBUG - Checking for score updates...
2025-11-29 00:29:06,061 - server.scores_server - DEBUG - Update conditions not met: players=False, game_number=1004, stopped_game=False
2025-11-29 00:29:10,062 - server.scores_server - DEBUG - Checking for score updates...
2025-11-29 00:29:10,062 - server.scores_server - DEBUG - Update conditions not met: players=False, game_number=1004, stopped_game=False
2025-11-29 00:29:11,173 - handlers.websocket_handler - INFO - Client ('::1', 55892, 0, 0) closed
2025-11-29 00:29:11,272 - handlers.websocket_handler - INFO - Client ('::1', 33612, 0, 0) connected
2025-11-29 00:29:14,062 - server.scores_server - DEBUG - Checking for score updates...
2025-11-29 00:29:14,062 - server.scores_server - DEBUG - Update conditions not met: players=False, game_number=1004, stopped_game=False
2025-11-29 00:29:18,065 - server.scores_server - DEBUG - Checking for score updates...
2025-11-29 00:29:18,065 - server.scores_server - DEBUG - Update conditions not met: players=False, game_number=1004, stopped_game=False
2025-11-29 00:29:21,808 - handlers.websocket_handler - INFO - Client ('::1', 47474, 0, 0) closed
2025-11-29 00:29:22,068 - server.scores_server - DEBUG - Checking for score updates...
2025-11-29 00:29:22,068 - server.scores_server - DEBUG - Update conditions not met: players=False, game_number=1004, stopped_game=False
2025-11-29 00:29:24,170 - handlers.websocket_handler - INFO - Client ('::1', 33612, 0, 0) closed
2025-11-29 00:29:24,257 - handlers.websocket_handler - INFO - Client ('::1', 47698, 0, 0) connected
2025-11-29 00:29:26,075 - server.scores_server - DEBUG - Checking for score updates...
2025-11-29 00:29:26,075 - server.scores_server - DEBUG - Update conditions not met: players=False, game_number=1004, stopped_game=False
2025-11-29 00:29:30,083 - server.scores_server - DEBUG - Checking for score updates...
2025-11-29 00:29:30,083 - server.scores_server - DEBUG - Update conditions not met: players=False, game_number=1004, stopped_game=False
2025-11-29 00:29:32,734 - server.scores_server - DEBUG - Checking for score updates...
2025-11-29 00:29:32,734 - server.scores_server - DEBUG - Update conditions not met: players=False, game_number=1004, stopped_game=False
2025-11-29 00:29:36,739 - server.scores_server - DEBUG - Checking for score updates...
2025-11-29 00:29:36,739 - server.scores_server - DEBUG - Update conditions not met: players=False, game_number=1004, stopped_game=False
2025-11-29 00:29:40,743 - server.scores_server - DEBUG - Checking for score updates...
2025-11-29 00:29:40,743 - server.scores_server - DEBUG - Update conditions not met: players=False, game_number=1004, stopped_game=False
2025-11-29 00:29:44,748 - server.scores_server - DEBUG - Checking for score updates...
2025-11-29 00:29:44,748 - server.scores_server - DEBUG - Update conditions not met: players=False, game_number=1004, stopped_game=False
2025-11-29 00:29:48,755 - server.scores_server - DEBUG - Checking for score updates...
2025-11-29 00:29:48,755 - server.scores_server - DEBUG - Update conditions not met: players=False, game_number=1004, stopped_game=False
2025-11-29 00:29:52,761 - server.scores_server - DEBUG - Checking for score updates...
2025-11-29 00:29:52,762 - server.scores_server - DEBUG - Update conditions not met: players=False, game_number=1004, stopped_game=False
2025-11-29 00:29:54,624 - handlers.websocket_handler - INFO - Client ('::1', 44656, 0, 0) connected
2025-11-29 00:29:56,765 - server.scores_server - DEBUG - Checking for score updates...
2025-11-29 00:29:56,766 - server.scores_server - DEBUG - Update conditions not met: players=False, game_number=1004, stopped_game=False
2025-11-29 00:29:59,480 - server.scores_server - DEBUG - Checking for score updates...
2025-11-29 00:29:59,480 - server.scores_server - DEBUG - Update conditions not met: players=False, game_number=1004, stopped_game=False
2025-11-29 00:30:03,483 - server.scores_server - DEBUG - Checking for score updates...
2025-11-29 00:30:03,483 - server.scores_server - DEBUG - Update conditions not met: players=False, game_number=1004, stopped_game=False
2025-11-29 00:30:07,487 - server.scores_server - DEBUG - Checking for score updates...
2025-11-29 00:30:07,488 - server.scores_server - DEBUG - Update conditions not met: players=False, game_number=1004, stopped_game=False
2025-11-29 00:30:11,488 - server.scores_server - DEBUG - Checking for score updates...
2025-11-29 00:30:11,488 - server.scores_server - DEBUG - Update conditions not met: players=False, game_number=1004, stopped_game=False
2025-11-29 00:30:14,122 - urllib3.connectionpool - DEBUG - Starting new HTTPS connection (1): ultiscores.com:443
2025-11-29 00:30:14,238 - urllib3.connectionpool - DEBUG - https://ultiscores.com:443 "POST /4x/ext/watchlive.php/ HTTP/1.1" 200 135
2025-11-29 00:30:14,238 - models.game_server - INFO - Match info request: {'ts': {'time': 0, 'ds': 0, 'stop': True}, 'h': 0, 'a': 0, 'o': '', 'e': [], 'p': {'h': [], 'a': []}, 'hn': 'Ultimatum Kaszëbi', 'an': '2Oldvious', 'ha': 'KSB', 'aa': '2OL'}
2025-11-29 00:30:14,238 - models.game_server - DEBUG - Send ws message: {'type': 'team', 'team': 'h', 'team_name': 'KSB', 'team_name_full': 'Ultimatum Kaszebi'}
2025-11-29 00:30:14,238 - models.game_server - DEBUG - Send ws message: {'type': 'team', 'team': 'a', 'team_name': '2OL', 'team_name_full': '2Oldvious'}
2025-11-29 00:30:14,238 - models.game_server - DEBUG - Setting timer with data: {'time': 0, 'ds': 0, 'stop': True}, current game_time: 0. Match info: True
2025-11-29 00:30:14,239 - models.game_server - DEBUG - Send ws message: {'type': 'game', 'timer_set': 1, 'timer_offset': 0.0}
2025-11-29 00:30:14,239 - models.game_server - DEBUG - Timer set complete, game_time: 0
2025-11-29 00:30:14,239 - models.game_server - DEBUG - Send ws message: {'type': 'game', 'score_set': 1, 'data': {'a_score': 0, 'h_score': 0}}
2025-11-29 00:30:14,240 - models.game_server - INFO - Players: {}
2025-11-29 00:30:15,497 - server.scores_server - DEBUG - Checking for score updates...
2025-11-29 00:30:15,497 - server.scores_server - DEBUG - Update conditions not met: players=False, game_number=1004, stopped_game=False
2025-11-29 00:30:19,498 - server.scores_server - DEBUG - Checking for score updates...
2025-11-29 00:30:19,498 - server.scores_server - DEBUG - Update conditions not met: players=False, game_number=1004, stopped_game=False
2025-11-29 00:30:23,499 - server.scores_server - DEBUG - Checking for score updates...
2025-11-29 00:30:23,500 - server.scores_server - DEBUG - Update conditions not met: players=False, game_number=1004, stopped_game=False
2025-11-29 00:30:27,500 - server.scores_server - DEBUG - Checking for score updates...
2025-11-29 00:30:27,501 - server.scores_server - DEBUG - Update conditions not met: players=False, game_number=1004, stopped_game=False
2025-11-29 00:30:30,188 - server.scores_server - DEBUG - Checking for score updates...
2025-11-29 00:30:30,188 - server.scores_server - DEBUG - Update conditions not met: players=False, game_number=1004, stopped_game=False
2025-11-29 00:30:34,189 - server.scores_server - DEBUG - Checking for score updates...
2025-11-29 00:30:34,189 - server.scores_server - DEBUG - Update conditions not met: players=False, game_number=1004, stopped_game=False
2025-11-29 00:30:38,196 - server.scores_server - DEBUG - Checking for score updates...
2025-11-29 00:30:38,196 - server.scores_server - DEBUG - Update conditions not met: players=False, game_number=1004, stopped_game=False
2025-11-29 00:30:42,198 - server.scores_server - DEBUG - Checking for score updates...
2025-11-29 00:30:42,198 - server.scores_server - DEBUG - Update conditions not met: players=False, game_number=1004, stopped_game=False
2025-11-29 00:30:46,207 - server.scores_server - DEBUG - Checking for score updates...
2025-11-29 00:30:46,207 - server.scores_server - DEBUG - Update conditions not met: players=False, game_number=1004, stopped_game=False
2025-11-29 00:30:50,207 - server.scores_server - DEBUG - Checking for score updates...
2025-11-29 00:30:50,207 - server.scores_server - DEBUG - Update conditions not met: players=False, game_number=1004, stopped_game=False
2025-11-29 00:30:54,213 - server.scores_server - DEBUG - Checking for score updates...
2025-11-29 00:30:54,213 - server.scores_server - DEBUG - Update conditions not met: players=False, game_number=1004, stopped_game=False
2025-11-29 00:30:56,897 - server.scores_server - DEBUG - Checking for score updates...
2025-11-29 00:30:56,897 - server.scores_server - DEBUG - Update conditions not met: players=False, game_number=1004, stopped_game=False
2025-11-29 00:31:00,898 - server.scores_server - DEBUG - Checking for score updates...
2025-11-29 00:31:00,899 - server.scores_server - DEBUG - Update conditions not met: players=False, game_number=1004, stopped_game=False
2025-11-29 00:31:04,900 - server.scores_server - DEBUG - Checking for score updates...
2025-11-29 00:31:04,900 - server.scores_server - DEBUG - Update conditions not met: players=False, game_number=1004, stopped_game=False
2025-11-29 00:31:08,901 - server.scores_server - DEBUG - Checking for score updates...
2025-11-29 00:31:08,901 - server.scores_server - DEBUG - Update conditions not met: players=False, game_number=1004, stopped_game=False
2025-11-29 00:31:12,902 - server.scores_server - DEBUG - Checking for score updates...
2025-11-29 00:31:12,902 - server.scores_server - DEBUG - Update conditions not met: players=False, game_number=1004, stopped_game=False
2025-11-29 00:31:16,902 - server.scores_server - DEBUG - Checking for score updates...
2025-11-29 00:31:16,902 - server.scores_server - DEBUG - Update conditions not met: players=False, game_number=1004, stopped_game=False
2025-11-29 00:31:20,914 - server.scores_server - DEBUG - Checking for score updates...
2025-11-29 00:31:20,914 - server.scores_server - DEBUG - Update conditions not met: players=False, game_number=1004, stopped_game=False
2025-11-29 00:31:24,918 - server.scores_server - DEBUG - Checking for score updates...
2025-11-29 00:31:24,918 - server.scores_server - DEBUG - Update conditions not met: players=False, game_number=1004, stopped_game=False
2025-11-29 00:31:27,595 - server.scores_server - DEBUG - Checking for score updates...
2025-11-29 00:31:27,595 - server.scores_server - DEBUG - Update conditions not met: players=False, game_number=1004, stopped_game=False
2025-11-29 00:31:31,603 - server.scores_server - DEBUG - Checking for score updates...
2025-11-29 00:31:31,603 - server.scores_server - DEBUG - Update conditions not met: players=False, game_number=1004, stopped_game=False
2025-11-29 00:31:35,606 - server.scores_server - DEBUG - Checking for score updates...
2025-11-29 00:31:35,606 - server.scores_server - DEBUG - Update conditions not met: players=False, game_number=1004, stopped_game=False
2025-11-29 00:31:39,615 - server.scores_server - DEBUG - Checking for score updates...
2025-11-29 00:31:39,615 - server.scores_server - DEBUG - Update conditions not met: players=False, game_number=1004, stopped_game=False
2025-11-29 00:31:43,629 - server.scores_server - DEBUG - Checking for score updates...
2025-11-29 00:31:43,629 - server.scores_server - DEBUG - Update conditions not met: players=False, game_number=1004, stopped_game=False
2025-11-29 00:31:47,640 - server.scores_server - DEBUG - Checking for score updates...
2025-11-29 00:31:47,640 - server.scores_server - DEBUG - Update conditions not met: players=False, game_number=1004, stopped_game=False
2025-11-29 00:31:51,648 - server.scores_server - DEBUG - Checking for score updates...
2025-11-29 00:31:51,648 - server.scores_server - DEBUG - Update conditions not met: players=False, game_number=1004, stopped_game=False
2025-11-29 00:31:54,347 - server.scores_server - DEBUG - Checking for score updates...
2025-11-29 00:31:54,347 - server.scores_server - DEBUG - Update conditions not met: players=False, game_number=1004, stopped_game=False
2025-11-29 00:31:58,347 - server.scores_server - DEBUG - Checking for score updates...
2025-11-29 00:31:58,347 - server.scores_server - DEBUG - Update conditions not met: players=False, game_number=1004, stopped_game=False
2025-11-29 00:32:02,353 - server.scores_server - DEBUG - Checking for score updates...
2025-11-29 00:32:02,353 - server.scores_server - DEBUG - Update conditions not met: players=False, game_number=1004, stopped_game=False
2025-11-29 00:32:06,354 - server.scores_server - DEBUG - Checking for score updates...
2025-11-29 00:32:06,355 - server.scores_server - DEBUG - Update conditions not met: players=False, game_number=1004, stopped_game=False
2025-11-29 00:32:10,355 - server.scores_server - DEBUG - Checking for score updates...
2025-11-29 00:32:10,355 - server.scores_server - DEBUG - Update conditions not met: players=False, game_number=1004, stopped_game=False
2025-11-29 00:32:14,365 - server.scores_server - DEBUG - Checking for score updates...
2025-11-29 00:32:14,365 - server.scores_server - DEBUG - Update conditions not met: players=False, game_number=1004, stopped_game=False
2025-11-29 00:32:18,374 - server.scores_server - DEBUG - Checking for score updates...
2025-11-29 00:32:18,375 - server.scores_server - DEBUG - Update conditions not met: players=False, game_number=1004, stopped_game=False
2025-11-29 00:32:22,382 - server.scores_server - DEBUG - Checking for score updates...
2025-11-29 00:32:22,383 - server.scores_server - DEBUG - Update conditions not met: players=False, game_number=1004, stopped_game=False
2025-11-29 00:32:25,043 - server.scores_server - DEBUG - Checking for score updates...
2025-11-29 00:32:25,043 - server.scores_server - DEBUG - Update conditions not met: players=False, game_number=1004, stopped_game=False
2025-11-29 00:32:29,049 - server.scores_server - DEBUG - Checking for score updates...
2025-11-29 00:32:29,049 - server.scores_server - DEBUG - Update conditions not met: players=False, game_number=1004, stopped_game=False
2025-11-29 00:32:33,051 - server.scores_server - DEBUG - Checking for score updates...
2025-11-29 00:32:33,051 - server.scores_server - DEBUG - Update conditions not met: players=False, game_number=1004, stopped_game=False
2025-11-29 00:32:37,057 - server.scores_server - DEBUG - Checking for score updates...
2025-11-29 00:32:37,057 - server.scores_server - DEBUG - Update conditions not met: players=False, game_number=1004, stopped_game=False
2025-11-29 00:32:41,059 - server.scores_server - DEBUG - Checking for score updates...
2025-11-29 00:32:41,059 - server.scores_server - DEBUG - Update conditions not met: players=False, game_number=1004, stopped_game=False
2025-11-29 00:32:45,063 - server.scores_server - DEBUG - Checking for score updates...
2025-11-29 00:32:45,064 - server.scores_server - DEBUG - Update conditions not met: players=False, game_number=1004, stopped_game=False
2025-11-29 00:32:49,065 - server.scores_server - DEBUG - Checking for score updates...
2025-11-29 00:32:49,065 - server.scores_server - DEBUG - Update conditions not met: players=False, game_number=1004, stopped_game=False
2025-11-29 00:32:51,760 - server.scores_server - DEBUG - Checking for score updates...
2025-11-29 00:32:51,760 - server.scores_server - DEBUG - Update conditions not met: players=False, game_number=1004, stopped_game=False
2026-01-25 23:06:57,978 - server.scores_server - DEBUG - Checking for score updates...
2026-01-25 23:06:57,978 - models.game_server - DEBUG - Send ws message: {'type': 'clear_text', 'clear': True}
2026-01-25 23:06:57,980 - server.scores_server - DEBUG - Update conditions not met: players=False, game_number=0, stopped_game=False
2026-01-25 23:06:57,980 - server.scores_server - INFO - Cleared text display
2026-01-25 23:06:57,983 - werkzeug - INFO - [31m[1mWARNING: This is a development server. Do not use it in a production deployment. Use a production WSGI server instead.[0m
 * Running on all addresses (0.0.0.0)
 * Running on http://127.0.0.1:5000
 * Running on http://172.21.95.26:5000
2026-01-25 23:06:57,983 - werkzeug - INFO - [33mPress CTRL+C to quit[0m
2026-01-25 23:07:01,480 - server.scores_server - DEBUG - Checking for score updates...
2026-01-25 23:07:01,480 - server.scores_server - DEBUG - Update conditions not met: players=False, game_number=0, stopped_game=False
2026-01-25 23:07:05,483 - server.scores_server - DEBUG - Checking for score updates...
2026-01-25 23:07:05,483 - server.scores_server - DEBUG - Update conditions not met: players=False, game_number=0, stopped_game=False
2026-01-25 23:07:08,995 - server.scores_server - DEBUG - Checking for score updates...
2026-01-25 23:07:08,995 - server.scores_server - DEBUG - Update conditions not met: players=False, game_number=0, stopped_game=False
2026-01-25 23:07:12,496 - server.scores_server - DEBUG - Checking for score updates...
2026-01-25 23:07:12,496 - server.scores_server - DEBUG - Update conditions not met: players=False, game_number=0, stopped_game=False
2026-01-25 23:07:15,997 - server.scores_server - DEBUG - Checking for score updates...
2026-01-25 23:07:15,998 - server.scores_server - DEBUG - Update conditions not met: players=False, game_number=0, stopped_game=False
2026-01-25 23:07:20,001 - server.scores_server - DEBUG - Checking for score updates...
2026-01-25 23:07:20,002 - server.scores_server - DEBUG - Update conditions not met: players=False, game_number=0, stopped_game=False
2026-01-25 23:07:23,504 - server.scores_server - DEBUG - Checking for score updates...
2026-01-25 23:07:23,505 - server.scores_server - DEBUG - Update conditions not met: players=False, game_number=0, stopped_game=False
2026-01-25 23:07:27,006 - server.scores_server - DEBUG - Checking for score updates...
2026-01-25 23:07:27,006 - server.scores_server - DEBUG - Update conditions not met: players=False, game_number=0, stopped_game=False
2026-01-25 23:07:31,009 - server.scores_server - DEBUG - Checking for score updates...
2026-01-25 23:07:31,009 - server.scores_server - DEBUG - Update conditions not met: players=False, game_number=0, stopped_game=False
2026-01-25 23:07:34,514 - server.scores_server - DEBUG - Checking for score updates...
2026-01-25 23:07:34,514 - server.scores_server - DEBUG - Update conditions not met: players=False, game_number=0, stopped_game=False
2026-01-25 23:07:38,045 - server.scores_server - DEBUG - Checking for score updates...
2026-01-25 23:07:38,046 - server.scores_server - DEBUG - Update conditions not met: players=False, game_number=0, stopped_game=False
2026-01-25 23:07:41,568 - server.scores_server - DEBUG - Checking for score updates...
2026-01-25 23:07:41,568 - server.scores_server - DEBUG - Update conditions not met: players=False, game_number=0, stopped_game=False
2026-01-25 23:07:45,584 - server.scores_server - DEBUG - Checking for score updates...
2026-01-25 23:07:45,584 - server.scores_server - DEBUG - Update conditions not met: players=False, game_number=0, stopped_game=False
2026-01-25 23:07:49,090 - server.scores_server - DEBUG - Checking for score updates...
2026-01-25 23:07:49,090 - server.scores_server - DEBUG - Update conditions not met: players=False, game_number=0, stopped_game=False
2026-01-25 23:07:52,597 - server.scores_server - DEBUG - Checking for score updates...
2026-01-25 23:07:52,597 - server.scores_server - DEBUG - Update conditions not met: players=False, game_number=0, stopped_game=False
2026-01-25 23:07:56,105 - server.scores_server - DEBUG - Checking for score updates...
2026-01-25 23:07:56,105 - server.scores_server - DEBUG - Update conditions not met: players=False, game_number=0, stopped_game=False
2026-01-25 23:08:00,115 - server.scores_server - DEBUG - Checking for score updates...
2026-01-25 23:08:00,115 - server.scores_server - DEBUG - Update conditions not met: players=False, game_number=0, stopped_game=False
2026-01-25 23:08:03,624 - server.scores_server - DEBUG - Checking for score updates...
2026-01-25 23:08:03,624 - server.scores_server - DEBUG - Update conditions not met: players=False, game_number=0, stopped_game=False
2026-01-25 23:08:07,126 - server.scores_server - DEBUG - Checking for score updates...
2026-01-25 23:08:07,127 - server.scores_server - DEBUG - Update conditions not met: players=False, game_number=0, stopped_game=False
2026-01-25 23:08:11,133 - server.scores_server - DEBUG - Checking for score updates...
2026-01-25 23:08:11,133 - server.scores_server - DEBUG - Update conditions not met: players=False, game_number=0, stopped_game=False
2026-01-25 23:08:14,638 - server.scores_server - DEBUG - Checking for score updates...
2026-01-25 23:08:14,638 - server.scores_server - DEBUG - Update conditions not met: players=False, game_number=0, stopped_game=False
2026-01-25 23:08:18,142 - server.scores_server - DEBUG - Checking for score updates...
2026-01-25 23:08:18,142 - server.scores_server - DEBUG - Update conditions not met: players=False, game_number=0, stopped_game=False
2026-01-25 23:08:21,647 - server.scores_server - DEBUG - Checking for score updates...
2026-01-25 23:08:21,647 - server.scores_server - DEBUG - Update conditions not met: players=False, game_number=0, stopped_game=False
2026-01-25 23:08:25,656 - server.scores_server - DEBUG - Checking for score updates...
2026-01-25 23:08:25,656 - server.scores_server - DEBUG - Update conditions not met: players=False, game_number=0, stopped_game=False
2026-01-25 23:08:29,219 - server.scores_server - DEBUG - Checking for score updates...
2026-01-25 23:08:29,220 - server.scores_server - DEBUG - Update conditions not met: players=False, game_number=0, stopped_game=False
2026-01-25 23:08:32,731 - server.scores_server - DEBUG - Checking for score updates...
2026-01-25 23:08:32,731 - server.scores_server - DEBUG - Update conditions not met: players=False, game_number=0, stopped_game=False
2026-01-25 23:08:36,271 - server.scores_server - DEBUG - Checking for score updates...
2026-01-25 23:08:36,271 - server.scores_server - DEBUG - Update conditions not met: players=False, game_number=0, stopped_game=False
2026-01-25 23:08:40,315 - server.scores_server - DEBUG - Checking for score updates...
2026-01-25 23:08:40,315 - server.scores_server - DEBUG - Update conditions not met: players=False, game_number=0, stopped_game=False
2026-01-25 23:08:43,873 - server.scores_server - DEBUG - Checking for score updates...
2026-01-25 23:08:43,873 - server.scores_server - DEBUG - Update conditions not met: players=False, game_number=0, stopped_game=False
2026-01-25 23:08:47,385 - server.scores_server - DEBUG - Checking for score updates...
2026-01-25 23:08:47,385 - server.scores_server - DEBUG - Update conditions not met: players=False, game_number=0, stopped_game=False
2026-01-25 23:08:50,883 - server.scores_server - DEBUG - Checking for score updates...
2026-01-25 23:08:50,883 - server.scores_server - DEBUG - Update conditions not met: players=False, game_number=0, stopped_game=False
2026-01-25 23:08:54,883 - server.scores_server - DEBUG - Checking for score updates...
2026-01-25 23:08:54,884 - server.scores_server - DEBUG - Update conditions not met: players=False, game_number=0, stopped_game=False
2026-01-25 23:08:58,415 - server.scores_server - DEBUG - Checking for score updates...
2026-01-25 23:08:58,415 - server.scores_server - DEBUG - Update conditions not met: players=False, game_number=0, stopped_game=False
2026-01-25 23:09:01,926 - server.scores_server - DEBUG - Checking for score updates...
2026-01-25 23:09:01,926 - server.scores_server - DEBUG - Update conditions not met: players=False, game_number=0, stopped_game=False
2026-01-25 23:09:05,940 - server.scores_server - DEBUG - Checking for score updates...
2026-01-25 23:09:05,940 - server.scores_server - DEBUG - Update conditions not met: players=False, game_number=0, stopped_game=False
2026-01-25 23:09:09,450 - server.scores_server - DEBUG - Checking for score updates...
2026-01-25 23:09:09,450 - server.scores_server - DEBUG - Update conditions not met: players=False, game_number=0, stopped_game=False
2026-01-25 23:09:10,361 - handlers.websocket_handler - INFO - Client ('::1', 37514, 0, 0) connected
2026-01-25 23:09:12,959 - server.scores_server - DEBUG - Checking for score updates...
2026-01-25 23:09:12,959 - server.scores_server - DEBUG - Update conditions not met: players=False, game_number=0, stopped_game=False
2026-01-25 23:09:16,490 - server.scores_server - DEBUG - Checking for score updates...
2026-01-25 23:09:16,490 - server.scores_server - DEBUG - Update conditions not met: players=False, game_number=0, stopped_game=False
2026-01-25 23:09:20,513 - server.scores_server - DEBUG - Checking for score updates...
2026-01-25 23:09:20,513 - server.scores_server - DEBUG - Update conditions not met: players=False, game_number=0, stopped_game=False
2026-01-25 23:09:24,017 - server.scores_server - DEBUG - Checking for score updates...
2026-01-25 23:09:24,017 - server.scores_server - DEBUG - Update conditions not met: players=False, game_number=0, stopped_game=False
2026-01-25 23:09:27,531 - server.scores_server - DEBUG - Checking for score updates...
2026-01-25 23:09:27,531 - server.scores_server - DEBUG - Update conditions not met: players=False, game_number=0, stopped_game=False
2026-01-25 23:09:31,039 - server.scores_server - DEBUG - Checking for score updates...
2026-01-25 23:09:31,039 - server.scores_server - DEBUG - Update conditions not met: players=False, game_number=0, stopped_game=False
2026-01-25 23:09:35,040 - server.scores_server - DEBUG - Checking for score updates...
2026-01-25 23:09:35,040 - server.scores_server - DEBUG - Update conditions not met: players=False, game_number=0, stopped_game=False
2026-01-25 23:09:38,555 - server.scores_server - DEBUG - Checking for score updates...
2026-01-25 23:09:38,555 - server.scores_server - DEBUG - Update conditions not met: players=False, game_number=0, stopped_game=False
2026-01-25 23:09:42,072 - server.scores_server - DEBUG - Checking for score updates...
2026-01-25 23:09:42,072 - server.scores_server - DEBUG - Update conditions not met: players=False, game_number=0, stopped_game=False
2026-01-25 23:09:46,076 - server.scores_server - DEBUG - Checking for score updates...
2026-01-25 23:09:46,076 - server.scores_server - DEBUG - Update conditions not met: players=False, game_number=0, stopped_game=False
2026-01-25 23:09:49,587 - server.scores_server - DEBUG - Checking for score updates...
2026-01-25 23:09:49,587 - server.scores_server - DEBUG - Update conditions not met: players=False, game_number=0, stopped_game=False
2026-01-25 23:09:53,099 - server.scores_server - DEBUG - Checking for score updates...
2026-01-25 23:09:53,099 - server.scores_server - DEBUG - Update conditions not met: players=False, game_number=0, stopped_game=False
2026-01-25 23:09:56,608 - server.scores_server - DEBUG - Checking for score updates...
2026-01-25 23:09:56,608 - server.scores_server - DEBUG - Update conditions not met: players=False, game_number=0, stopped_game=False
2026-01-25 23:10:00,621 - server.scores_server - DEBUG - Checking for score updates...
2026-01-25 23:10:00,621 - server.scores_server - DEBUG - Update conditions not met: players=False, game_number=0, stopped_game=False
2026-01-25 23:10:04,123 - server.scores_server - DEBUG - Checking for score updates...
2026-01-25 23:10:04,123 - server.scores_server - DEBUG - Update conditions not met: players=False, game_number=0, stopped_game=False
2026-01-25 23:10:07,666 - server.scores_server - DEBUG - Checking for score updates...
2026-01-25 23:10:07,666 - server.scores_server - DEBUG - Update conditions not met: players=False, game_number=0, stopped_game=False
2026-01-25 23:10:11,178 - server.scores_server - DEBUG - Checking for score updates...
2026-01-25 23:10:11,178 - server.scores_server - DEBUG - Update conditions not met: players=False, game_number=0, stopped_game=False
2026-01-25 23:10:15,253 - server.scores_server - DEBUG - Checking for score updates...
2026-01-25 23:10:15,253 - server.scores_server - DEBUG - Update conditions not met: players=False, game_number=0, stopped_game=False
2026-01-25 23:10:18,755 - server.scores_server - DEBUG - Checking for score updates...
2026-01-25 23:10:18,755 - server.scores_server - DEBUG - Update conditions not met: players=False, game_number=0, stopped_game=False
2026-01-25 23:10:22,265 - server.scores_server - DEBUG - Checking for score updates...
2026-01-25 23:10:22,265 - server.scores_server - DEBUG - Update conditions not met: players=False, game_number=0, stopped_game=False
2026-01-25 23:10:26,266 - server.scores_server - DEBUG - Checking for score updates...
2026-01-25 23:10:26,266 - server.scores_server - DEBUG - Update conditions not met: players=False, game_number=0, stopped_game=False
2026-01-25 23:10:29,765 - server.scores_server - DEBUG - Checking for score updates...
2026-01-25 23:10:29,765 - server.scores_server - DEBUG - Update conditions not met: players=False, game_number=0, stopped_game=False
2026-01-25 23:10:33,310 - server.scores_server - DEBUG - Checking for score updates...
2026-01-25 23:10:33,310 - server.scores_server - DEBUG - Update conditions not met: players=False, game_number=0, stopped_game=False
2026-01-25 23:10:36,813 - server.scores_server - DEBUG - Checking for score updates...
2026-01-25 23:10:36,813 - server.scores_server - DEBUG - Update conditions not met: players=False, game_number=0, stopped_game=False
2026-01-25 23:10:40,823 - server.scores_server - DEBUG - Checking for score updates...
2026-01-25 23:10:40,823 - server.scores_server - DEBUG - Update conditions not met: players=False, game_number=0, stopped_game=False
2026-01-25 23:10:44,330 - server.scores_server - DEBUG - Checking for score updates...
2026-01-25 23:10:44,330 - server.scores_server - DEBUG - Update conditions not met: players=False, game_number=0, stopped_game=False
2026-01-25 23:10:47,836 - server.scores_server - DEBUG - Checking for score updates...
2026-01-25 23:10:47,837 - server.scores_server - DEBUG - Update conditions not met: players=False, game_number=0, stopped_game=False
2026-01-25 23:10:51,337 - server.scores_server - DEBUG - Checking for score updates...
2026-01-25 23:10:51,337 - server.scores_server - DEBUG - Update conditions not met: players=False, game_number=0, stopped_game=False
2026-01-25 23:10:55,337 - server.scores_server - DEBUG - Checking for score updates...
2026-01-25 23:10:55,337 - server.scores_server - DEBUG - Update conditions not met: players=False, game_number=0, stopped_game=False
2026-01-25 23:10:58,885 - server.scores_server - DEBUG - Checking for score updates...
2026-01-25 23:10:58,885 - server.scores_server - DEBUG - Update conditions not met: players=False, game_number=0, stopped_game=False
2026-01-25 23:11:02,415 - server.scores_server - DEBUG - Checking for score updates...
2026-01-25 23:11:02,415 - server.scores_server - DEBUG - Update conditions not met: players=False, game_number=0, stopped_game=False
2026-01-25 23:11:06,452 - server.scores_server - DEBUG - Checking for score updates...
2026-01-25 23:11:06,453 - server.scores_server - DEBUG - Update conditions not met: players=False, game_number=0, stopped_game=False
2026-01-25 23:11:09,996 - server.scores_server - DEBUG - Checking for score updates...
2026-01-25 23:11:09,996 - server.scores_server - DEBUG - Update conditions not met: players=False, game_number=0, stopped_game=False
2026-01-25 23:11:13,496 - server.scores_server - DEBUG - Checking for score updates...
2026-01-25 23:11:13,496 - server.scores_server - DEBUG - Update conditions not met: players=False, game_number=0, stopped_game=False
2026-01-25 23:11:17,030 - server.scores_server - DEBUG - Checking for score updates...
2026-01-25 23:11:17,030 - server.scores_server - DEBUG - Update conditions not met: players=False, game_number=0, stopped_game=False
2026-01-25 23:11:17,264 - handlers.websocket_handler - INFO - Client ('::1', 37514, 0, 0) closed
2026-01-25 23:11:19,764 - handlers.websocket_handler - INFO - Client ('::1', 41062, 0, 0) connected
2026-01-25 23:11:21,039 - server.scores_server - DEBUG - Checking for score updates...
2026-01-25 23:11:21,039 - server.scores_server - DEBUG - Update conditions not met: players=False, game_number=0, stopped_game=False
2026-01-25 23:11:24,539 - server.scores_server - DEBUG - Checking for score updates...
2026-01-25 23:11:24,539 - server.scores_server - DEBUG - Update conditions not met: players=False, game_number=0, stopped_game=False
2026-01-25 23:11:28,081 - server.scores_server - DEBUG - Checking for score updates...
2026-01-25 23:11:28,081 - server.scores_server - DEBUG - Update conditions not met: players=False, game_number=0, stopped_game=False
2026-01-25 23:11:30,951 - models.game_server - DEBUG - Send ws message: {'type': 'clear_text', 'clear': True}
2026-01-25 23:11:30,952 - server.scores_server - INFO - Cleared text display
2026-01-25 23:11:31,601 - server.scores_server - DEBUG - Checking for score updates...
2026-01-25 23:11:31,601 - server.scores_server - DEBUG - Update conditions not met: players=False, game_number=0, stopped_game=False
2026-01-25 23:11:35,602 - server.scores_server - DEBUG - Checking for score updates...
2026-01-25 23:11:35,602 - server.scores_server - DEBUG - Update conditions not met: players=False, game_number=0, stopped_game=False
2026-01-25 23:11:39,133 - server.scores_server - DEBUG - Checking for score updates...
2026-01-25 23:11:39,133 - server.scores_server - DEBUG - Update conditions not met: players=False, game_number=0, stopped_game=False
2026-01-25 23:11:42,633 - server.scores_server - DEBUG - Checking for score updates...
2026-01-25 23:11:42,633 - server.scores_server - DEBUG - Update conditions not met: players=False, game_number=0, stopped_game=False
2026-01-25 23:11:46,138 - server.scores_server - DEBUG - Checking for score updates...
2026-01-25 23:11:46,138 - server.scores_server - DEBUG - Update conditions not met: players=False, game_number=0, stopped_game=False
2026-01-25 23:11:50,140 - server.scores_server - DEBUG - Checking for score updates...
2026-01-25 23:11:50,141 - server.scores_server - DEBUG - Update conditions not met: players=False, game_number=0, stopped_game=False
2026-01-25 23:11:53,641 - server.scores_server - DEBUG - Checking for score updates...
2026-01-25 23:11:53,642 - server.scores_server - DEBUG - Update conditions not met: players=False, game_number=0, stopped_game=False
2026-01-25 23:11:57,162 - server.scores_server - DEBUG - Checking for score updates...
2026-01-25 23:11:57,162 - server.scores_server - DEBUG - Update conditions not met: players=False, game_number=0, stopped_game=False
2026-01-25 23:12:01,163 - server.scores_server - DEBUG - Checking for score updates...
2026-01-25 23:12:01,163 - server.scores_server - DEBUG - Update conditions not met: players=False, game_number=0, stopped_game=False
2026-01-25 23:12:04,665 - server.scores_server - DEBUG - Checking for score updates...
2026-01-25 23:12:04,665 - server.scores_server - DEBUG - Update conditions not met: players=False, game_number=0, stopped_game=False
2026-01-25 23:12:08,167 - server.scores_server - DEBUG - Checking for score updates...
2026-01-25 23:12:08,167 - server.scores_server - DEBUG - Update conditions not met: players=False, game_number=0, stopped_game=False
2026-01-25 23:12:11,693 - server.scores_server - DEBUG - Checking for score updates...
2026-01-25 23:12:11,693 - server.scores_server - DEBUG - Update conditions not met: players=False, game_number=0, stopped_game=False
2026-01-25 23:12:15,705 - server.scores_server - DEBUG - Checking for score updates...
2026-01-25 23:12:15,705 - server.scores_server - DEBUG - Update conditions not met: players=False, game_number=0, stopped_game=False
2026-01-25 23:12:18,615 - handlers.websocket_handler - INFO - Client ('::1', 41062, 0, 0) closed
2026-01-25 23:12:19,229 - server.scores_server - DEBUG - Checking for score updates...
2026-01-25 23:12:19,229 - server.scores_server - DEBUG - Update conditions not met: players=False, game_number=0, stopped_game=False
2026-01-25 23:12:20,947 - handlers.websocket_handler - INFO - Client ('::1', 40902, 0, 0) connected
2026-01-25 23:12:22,750 - server.scores_server - DEBUG - Checking for score updates...
2026-01-25 23:12:22,750 - server.scores_server - DEBUG - Update conditions not met: players=False, game_number=0, stopped_game=False
2026-01-25 23:12:26,257 - server.scores_server - DEBUG - Checking for score updates...
2026-01-25 23:12:26,257 - server.scores_server - DEBUG - Update conditions not met: players=False, game_number=0, stopped_game=False
2026-01-25 23:12:26,384 - handlers.websocket_handler - INFO - Client ('::1', 40902, 0, 0) closed
2026-01-25 23:12:28,696 - handlers.websocket_handler - INFO - Client ('::1', 53366, 0, 0) connected
2026-01-25 23:12:30,268 - server.scores_server - DEBUG - Checking for score updates...
2026-01-25 23:12:30,268 - server.scores_server - DEBUG - Update conditions not met: players=False, game_number=0, stopped_game=False
2026-01-25 23:12:33,769 - server.scores_server - DEBUG - Checking for score updates...
2026-01-25 23:12:33,769 - server.scores_server - DEBUG - Update conditions not met: players=False, game_number=0, stopped_game=False
2026-01-25 23:12:37,271 - server.scores_server - DEBUG - Checking for score updates...
2026-01-25 23:12:37,271 - server.scores_server - DEBUG - Update conditions not met: players=False, game_number=0, stopped_game=False
2026-01-25 23:12:41,285 - server.scores_server - DEBUG - Checking for score updates...
2026-01-25 23:12:41,285 - server.scores_server - DEBUG - Update conditions not met: players=False, game_number=0, stopped_game=False
2026-01-25 23:12:44,789 - server.scores_server - DEBUG - Checking for score updates...
2026-01-25 23:12:44,789 - server.scores_server - DEBUG - Update conditions not met: players=False, game_number=0, stopped_game=False
2026-01-25 23:12:47,441 - handlers.websocket_handler - INFO - Client ('::1', 42250, 0, 0) connected
2026-01-25 23:12:48,303 - server.scores_server - DEBUG - Checking for score updates...
2026-01-25 23:12:48,303 - server.scores_server - DEBUG - Update conditions not met: players=False, game_number=0, stopped_game=False
2026-01-25 23:12:51,764 - urllib3.connectionpool - DEBUG - Starting new HTTPS connection (1): ultiscores.com:443
2026-01-25 23:12:51,801 - server.scores_server - DEBUG - Checking for score updates...
2026-01-25 23:12:51,801 - server.scores_server - DEBUG - Update conditions not met: players=False, game_number=1234, stopped_game=False
2026-01-25 23:12:51,988 - urllib3.connectionpool - DEBUG - https://ultiscores.com:443 "POST /4x/ext/watchlive.php/ HTTP/1.1" 200 99
2026-01-25 23:12:51,988 - models.game_server - INFO - Match info request: {'ts': {'time': 0, 'ds': 0, 'stop': True}, 'h': 0, 'a': 0, 'o': '', 'e': [], 'p': {'h': [], 'a': []}, 'hn': None, 'an': None, 'ha': None, 'aa': None}
2026-01-25 23:12:51,989 - models.game_server - DEBUG - Send ws message: {'type': 'team', 'team': 'h', 'team_name': '', 'team_name_full': ''}
2026-01-25 23:12:51,989 - models.game_server - DEBUG - Send ws message: {'type': 'team', 'team': 'a', 'team_name': '', 'team_name_full': ''}
2026-01-25 23:12:51,989 - models.game_server - DEBUG - Setting timer with data: {'time': 0, 'ds': 0, 'stop': True}, current game_time: 0. Match info: True
2026-01-25 23:12:51,989 - models.game_server - DEBUG - Send ws message: {'type': 'game', 'timer_set': 1, 'timer_offset': 0.0}
2026-01-25 23:12:51,989 - models.game_server - DEBUG - Timer set complete, game_time: 0
2026-01-25 23:12:51,989 - models.game_server - DEBUG - Send ws message: {'type': 'game', 'score_set': 1, 'data': {'a_score': 0, 'h_score': 0}}
2026-01-25 23:12:51,989 - models.game_server - INFO - Players: {}
2026-01-25 23:12:54,650 - handlers.websocket_handler - INFO - Client ('::1', 53366, 0, 0) closed
2026-01-25 23:12:55,809 - server.scores_server - DEBUG - Checking for score updates...
2026-01-25 23:12:55,809 - server.scores_server - DEBUG - Update conditions not met: players=False, game_number=1234, stopped_game=False
2026-01-25 23:12:56,495 - handlers.websocket_handler - INFO - Client ('::1', 51502, 0, 0) connected
2026-01-25 23:12:59,228 - urllib3.connectionpool - DEBUG - Starting new HTTPS connection (1): ultiscores.com:443
2026-01-25 23:12:59,311 - urllib3.connectionpool - DEBUG - https://ultiscores.com:443 "POST /4x/ext/watchlive.php/ HTTP/1.1" 200 99
2026-01-25 23:12:59,311 - models.game_server - INFO - Match info request: {'ts': {'time': 0, 'ds': 0, 'stop': True}, 'h': 0, 'a': 0, 'o': '', 'e': [], 'p': {'h': [], 'a': []}, 'hn': None, 'an': None, 'ha': None, 'aa': None}
2026-01-25 23:12:59,311 - models.game_server - DEBUG - Send ws message: {'type': 'team', 'team': 'h', 'team_name': '', 'team_name_full': ''}
2026-01-25 23:12:59,311 - models.game_server - DEBUG - Send ws message: {'type': 'team', 'team': 'a', 'team_name': '', 'team_name_full': ''}
2026-01-25 23:12:59,311 - models.game_server - DEBUG - Setting timer with data: {'time': 0, 'ds': 0, 'stop': True}, current game_time: 0. Match info: True
2026-01-25 23:12:59,311 - models.game_server - DEBUG - Send ws message: {'type': 'game', 'timer_set': 1, 'timer_offset': 0.0}
2026-01-25 23:12:59,311 - models.game_server - DEBUG - Timer set complete, game_time: 0
2026-01-25 23:12:59,311 - models.game_server - DEBUG - Send ws message: {'type': 'game', 'score_set': 1, 'data': {'a_score': 0, 'h_score': 0}}
2026-01-25 23:12:59,312 - models.game_server - INFO - Players: {}
2026-01-25 23:12:59,313 - server.scores_server - DEBUG - Checking for score updates...
2026-01-25 23:12:59,313 - server.scores_server - DEBUG - Update conditions not met: players=False, game_number=1234, stopped_game=False
2026-01-25 23:13:02,812 - server.scores_server - DEBUG - Checking for score updates...
2026-01-25 23:13:02,813 - server.scores_server - DEBUG - Update conditions not met: players=False, game_number=1234, stopped_game=False
2026-01-25 23:13:04,272 - models.game_server - DEBUG - Send ws message: {'type': 'game', 'score_reset': 1}
2026-01-25 23:13:04,272 - models.game_server - DEBUG - Send ws message: {'type': 'game', 'timer_reset': 1}
2026-01-25 23:13:04,273 - urllib3.connectionpool - DEBUG - Starting new HTTPS connection (1): ultiscores.com:443
2026-01-25 23:13:04,357 - urllib3.connectionpool - DEBUG - https://ultiscores.com:443 "POST /4x/ext/watchlive.php/ HTTP/1.1" 200 99
2026-01-25 23:13:04,358 - models.game_server - INFO - Match info request: {'ts': {'time': 0, 'ds': 0, 'stop': True}, 'h': 0, 'a': 0, 'o': '', 'e': [], 'p': {'h': [], 'a': []}, 'hn': None, 'an': None, 'ha': None, 'aa': None}
2026-01-25 23:13:04,358 - models.game_server - DEBUG - Send ws message: {'type': 'team', 'team': 'h', 'team_name': '', 'team_name_full': ''}
2026-01-25 23:13:04,358 - models.game_server - DEBUG - Send ws message: {'type': 'team', 'team': 'a', 'team_name': '', 'team_name_full': ''}
2026-01-25 23:13:04,358 - models.game_server - DEBUG - Setting timer with data: {'time': 0, 'ds': 0, 'stop': True}, current game_time: 0. Match info: True
2026-01-25 23:13:04,358 - models.game_server - DEBUG - Send ws message: {'type': 'game', 'timer_set': 1, 'timer_offset': 0.0}
2026-01-25 23:13:04,358 - models.game_server - DEBUG - Timer set complete, game_time: 0
2026-01-25 23:13:04,358 - models.game_server - DEBUG - Send ws message: {'type': 'game', 'score_set': 1, 'data': {'a_score': 0, 'h_score': 0}}
2026-01-25 23:13:04,359 - models.game_server - INFO - Players: {}
2026-01-25 23:13:06,313 - server.scores_server - DEBUG - Checking for score updates...
2026-01-25 23:13:06,314 - server.scores_server - DEBUG - Update conditions not met: players=False, game_number=7156, stopped_game=False
2026-01-25 23:13:07,305 - models.game_server - DEBUG - Send ws message: {'type': 'game', 'score_reset': 1}
2026-01-25 23:13:07,306 - models.game_server - DEBUG - Send ws message: {'type': 'game', 'timer_reset': 1}
2026-01-25 23:13:07,306 - urllib3.connectionpool - DEBUG - Starting new HTTPS connection (1): ultiscores.com:443
2026-01-25 23:13:07,391 - urllib3.connectionpool - DEBUG - https://ultiscores.com:443 "POST /4x/ext/watchlive.php/ HTTP/1.1" 200 99
2026-01-25 23:13:07,392 - models.game_server - INFO - Match info request: {'ts': {'time': 0, 'ds': 0, 'stop': True}, 'h': 0, 'a': 0, 'o': '', 'e': [], 'p': {'h': [], 'a': []}, 'hn': None, 'an': None, 'ha': None, 'aa': None}
2026-01-25 23:13:07,392 - models.game_server - DEBUG - Send ws message: {'type': 'team', 'team': 'h', 'team_name': '', 'team_name_full': ''}
2026-01-25 23:13:07,392 - models.game_server - DEBUG - Send ws message: {'type': 'team', 'team': 'a', 'team_name': '', 'team_name_full': ''}
2026-01-25 23:13:07,392 - models.game_server - DEBUG - Setting timer with data: {'time': 0, 'ds': 0, 'stop': True}, current game_time: 0. Match info: True
2026-01-25 23:13:07,392 - models.game_server - DEBUG - Send ws message: {'type': 'game', 'timer_set': 1, 'timer_offset': 0.0}
2026-01-25 23:13:07,392 - models.game_server - DEBUG - Timer set complete, game_time: 0
2026-01-25 23:13:07,392 - models.game_server - DEBUG - Send ws message: {'type': 'game', 'score_set': 1, 'data': {'a_score': 0, 'h_score': 0}}
2026-01-25 23:13:07,392 - models.game_server - INFO - Players: {}
2026-01-25 23:13:10,315 - server.scores_server - DEBUG - Checking for score updates...
2026-01-25 23:13:10,315 - server.scores_server - DEBUG - Update conditions not met: players=False, game_number=7126, stopped_game=False
2026-01-25 23:13:12,452 - models.game_server - INFO - Jersey color: {'type': 'team', 'team': 'h', 'jersey_color': '#48ff48'}
2026-01-25 23:13:12,452 - models.game_server - DEBUG - Send ws message: {'type': 'team', 'team': 'h', 'jersey_color': '#48ff48'}
2026-01-25 23:13:13,746 - models.game_server - INFO - Jersey color: {'type': 'team', 'team': 'a', 'jersey_color': '#f5a2ff'}
2026-01-25 23:13:13,746 - models.game_server - DEBUG - Send ws message: {'type': 'team', 'team': 'a', 'jersey_color': '#f5a2ff'}
2026-01-25 23:13:13,836 - server.scores_server - DEBUG - Checking for score updates...
2026-01-25 23:13:13,836 - server.scores_server - DEBUG - Update conditions not met: players=False, game_number=7126, stopped_game=False
2026-01-25 23:13:17,353 - server.scores_server - DEBUG - Checking for score updates...
2026-01-25 23:13:17,353 - server.scores_server - DEBUG - Update conditions not met: players=False, game_number=7126, stopped_game=False
2026-01-25 23:13:21,354 - server.scores_server - DEBUG - Checking for score updates...
2026-01-25 23:13:21,355 - server.scores_server - DEBUG - Update conditions not met: players=False, game_number=7126, stopped_game=False
2026-01-25 23:13:24,857 - server.scores_server - DEBUG - Checking for score updates...
2026-01-25 23:13:24,857 - server.scores_server - DEBUG - Update conditions not met: players=False, game_number=7126, stopped_game=False
2026-01-25 23:13:28,360 - server.scores_server - DEBUG - Checking for score updates...
2026-01-25 23:13:28,360 - server.scores_server - DEBUG - Update conditions not met: players=False, game_number=7126, stopped_game=False
2026-01-25 23:13:31,907 - server.scores_server - DEBUG - Checking for score updates...
2026-01-25 23:13:31,908 - server.scores_server - DEBUG - Update conditions not met: players=False, game_number=7126, stopped_game=False
2026-01-25 23:13:32,473 - models.game_server - DEBUG - Send ws message: {'type': 'game', 'score_reset': 1}
2026-01-25 23:13:32,473 - models.game_server - DEBUG - Send ws message: {'type': 'game', 'timer_reset': 1}
2026-01-25 23:13:32,473 - urllib3.connectionpool - DEBUG - Starting new HTTPS connection (1): ultiscores.com:443
2026-01-25 23:13:32,977 - urllib3.connectionpool - DEBUG - https://ultiscores.com:443 "POST /4x/ext/watchlive.php/ HTTP/1.1" 200 99
2026-01-25 23:13:32,978 - models.game_server - INFO - Match info request: {'ts': {'time': 0, 'ds': 0, 'stop': True}, 'h': 0, 'a': 0, 'o': '', 'e': [], 'p': {'h': [], 'a': []}, 'hn': None, 'an': None, 'ha': None, 'aa': None}
2026-01-25 23:13:32,978 - models.game_server - DEBUG - Send ws message: {'type': 'team', 'team': 'h', 'team_name': '', 'team_name_full': ''}
2026-01-25 23:13:32,978 - models.game_server - DEBUG - Send ws message: {'type': 'team', 'team': 'a', 'team_name': '', 'team_name_full': ''}
2026-01-25 23:13:32,978 - models.game_server - DEBUG - Setting timer with data: {'time': 0, 'ds': 0, 'stop': True}, current game_time: 0. Match info: True
2026-01-25 23:13:32,978 - models.game_server - DEBUG - Send ws message: {'type': 'game', 'timer_set': 1, 'timer_offset': 0.0}
2026-01-25 23:13:32,978 - models.game_server - DEBUG - Timer set complete, game_time: 0
2026-01-25 23:13:32,978 - models.game_server - DEBUG - Send ws message: {'type': 'game', 'score_set': 1, 'data': {'a_score': 0, 'h_score': 0}}
2026-01-25 23:13:32,979 - models.game_server - INFO - Players: {}
2026-01-25 23:13:35,918 - server.scores_server - DEBUG - Checking for score updates...
2026-01-25 23:13:35,918 - server.scores_server - DEBUG - Update conditions not met: players=False, game_number=9769, stopped_game=False
2026-01-25 23:13:39,483 - server.scores_server - DEBUG - Checking for score updates...
2026-01-25 23:13:39,483 - server.scores_server - DEBUG - Update conditions not met: players=False, game_number=9769, stopped_game=False
2026-01-25 23:13:42,995 - server.scores_server - DEBUG - Checking for score updates...
2026-01-25 23:13:42,995 - server.scores_server - DEBUG - Update conditions not met: players=False, game_number=9769, stopped_game=False
2026-01-25 23:13:46,499 - server.scores_server - DEBUG - Checking for score updates...
2026-01-25 23:13:46,499 - server.scores_server - DEBUG - Update conditions not met: players=False, game_number=9769, stopped_game=False
2026-01-25 23:13:50,500 - server.scores_server - DEBUG - Checking for score updates...
2026-01-25 23:13:50,500 - server.scores_server - DEBUG - Update conditions not met: players=False, game_number=9769, stopped_game=False
2026-01-25 23:13:54,000 - server.scores_server - DEBUG - Checking for score updates...
2026-01-25 23:13:54,001 - server.scores_server - DEBUG - Update conditions not met: players=False, game_number=9769, stopped_game=False
2026-01-25 23:13:57,502 - server.scores_server - DEBUG - Checking for score updates...
2026-01-25 23:13:57,502 - server.scores_server - DEBUG - Update conditions not met: players=False, game_number=9769, stopped_game=False
2026-01-25 23:14:01,507 - server.scores_server - DEBUG - Checking for score updates...
2026-01-25 23:14:01,507 - server.scores_server - DEBUG - Update conditions not met: players=False, game_number=9769, stopped_game=False
2026-01-25 23:14:05,009 - server.scores_server - DEBUG - Checking for score updates...
2026-01-25 23:14:05,009 - server.scores_server - DEBUG - Update conditions not met: players=False, game_number=9769, stopped_game=False
2026-01-25 23:14:08,507 - server.scores_server - DEBUG - Checking for score updates...
2026-01-25 23:14:08,507 - server.scores_server - DEBUG - Update conditions not met: players=False, game_number=9769, stopped_game=False
2026-01-25 23:14:12,013 - server.scores_server - DEBUG - Checking for score updates...
2026-01-25 23:14:12,013 - server.scores_server - DEBUG - Update conditions not met: players=False, game_number=9769, stopped_game=False
2026-01-25 23:14:16,013 - server.scores_server - DEBUG - Checking for score updates...
2026-01-25 23:14:16,013 - server.scores_server - DEBUG - Update conditions not met: players=False, game_number=9769, stopped_game=False
2026-01-25 23:14:19,516 - server.scores_server - DEBUG - Checking for score updates...
2026-01-25 23:14:19,516 - server.scores_server - DEBUG - Update conditions not met: players=False, game_number=9769, stopped_game=False
2026-01-25 23:14:23,013 - server.scores_server - DEBUG - Checking for score updates...
2026-01-25 23:14:23,013 - server.scores_server - DEBUG - Update conditions not met: players=False, game_number=9769, stopped_game=False
2026-01-25 23:14:26,513 - server.scores_server - DEBUG - Checking for score updates...
2026-01-25 23:14:26,513 - server.scores_server - DEBUG - Update conditions not met: players=False, game_number=9769, stopped_game=False
2026-01-25 23:14:30,514 - server.scores_server - DEBUG - Checking for score updates...
2026-01-25 23:14:30,514 - server.scores_server - DEBUG - Update conditions not met: players=False, game_number=9769, stopped_game=False
2026-01-25 23:14:34,015 - server.scores_server - DEBUG - Checking for score updates...
2026-01-25 23:14:34,015 - server.scores_server - DEBUG - Update conditions not met: players=False, game_number=9769, stopped_game=False
2026-01-25 23:14:37,515 - server.scores_server - DEBUG - Checking for score updates...
2026-01-25 23:14:37,515 - server.scores_server - DEBUG - Update conditions not met: players=False, game_number=9769, stopped_game=False
2026-01-25 23:14:41,516 - server.scores_server - DEBUG - Checking for score updates...
2026-01-25 23:14:41,516 - server.scores_server - DEBUG - Update conditions not met: players=False, game_number=9769, stopped_game=False
2026-01-25 23:14:45,016 - server.scores_server - DEBUG - Checking for score updates...
2026-01-25 23:14:45,016 - server.scores_server - DEBUG - Update conditions not met: players=False, game_number=9769, stopped_game=False
2026-01-25 23:14:48,517 - server.scores_server - DEBUG - Checking for score updates...
2026-01-25 23:14:48,517 - server.scores_server - DEBUG - Update conditions not met: players=False, game_number=9769, stopped_game=False
2026-01-25 23:14:52,018 - server.scores_server - DEBUG - Checking for score updates...
2026-01-25 23:14:52,018 - server.scores_server - DEBUG - Update conditions not met: players=False, game_number=9769, stopped_game=False
2026-01-25 23:14:56,018 - server.scores_server - DEBUG - Checking for score updates...
2026-01-25 23:14:56,018 - server.scores_server - DEBUG - Update conditions not met: players=False, game_number=9769, stopped_game=False
2026-01-25 23:14:59,521 - server.scores_server - DEBUG - Checking for score updates...
2026-01-25 23:14:59,521 - server.scores_server - DEBUG - Update conditions not met: players=False, game_number=9769, stopped_game=False
2026-01-25 23:15:03,019 - server.scores_server - DEBUG - Checking for score updates...
2026-01-25 23:15:03,019 - server.scores_server - DEBUG - Update conditions not met: players=False, game_number=9769, stopped_game=False
2026-01-25 23:15:06,523 - server.scores_server - DEBUG - Checking for score updates...
2026-01-25 23:15:06,524 - server.scores_server - DEBUG - Update conditions not met: players=False, game_number=9769, stopped_game=False
2026-01-25 23:15:10,525 - server.scores_server - DEBUG - Checking for score updates...
2026-01-25 23:15:10,525 - server.scores_server - DEBUG - Update conditions not met: players=False, game_number=9769, stopped_game=False
2026-01-25 23:15:14,025 - server.scores_server - DEBUG - Checking for score updates...
2026-01-25 23:15:14,025 - server.scores_server - DEBUG - Update conditions not met: players=False, game_number=9769, stopped_game=False
2026-01-25 23:15:17,526 - server.scores_server - DEBUG - Checking for score updates...
2026-01-25 23:15:17,526 - server.scores_server - DEBUG - Update conditions not met: players=False, game_number=9769, stopped_game=False
2026-01-25 23:15:21,529 - server.scores_server - DEBUG - Checking for score updates...
2026-01-25 23:15:21,529 - server.scores_server - DEBUG - Update conditions not met: players=False, game_number=9769, stopped_game=False
2026-01-25 23:15:25,028 - server.scores_server - DEBUG - Checking for score updates...
2026-01-25 23:15:25,028 - server.scores_server - DEBUG - Update conditions not met: players=False, game_number=9769, stopped_game=False
2026-01-25 23:15:28,527 - server.scores_server - DEBUG - Checking for score updates...
2026-01-25 23:15:28,527 - server.scores_server - DEBUG - Update conditions not met: players=False, game_number=9769, stopped_game=False
2026-01-25 23:15:32,031 - server.scores_server - DEBUG - Checking for score updates...
2026-01-25 23:15:32,031 - server.scores_server - DEBUG - Update conditions not met: players=False, game_number=9769, stopped_game=False
2026-01-25 23:15:36,032 - server.scores_server - DEBUG - Checking for score updates...
2026-01-25 23:15:36,032 - server.scores_server - DEBUG - Update conditions not met: players=False, game_number=9769, stopped_game=False
2026-01-25 23:15:39,532 - server.scores_server - DEBUG - Checking for score updates...
2026-01-25 23:15:39,532 - server.scores_server - DEBUG - Update conditions not met: players=False, game_number=9769, stopped_game=False
2026-01-25 23:15:43,033 - server.scores_server - DEBUG - Checking for score updates...
2026-01-25 23:15:43,033 - server.scores_server - DEBUG - Update conditions not met: players=False, game_number=9769, stopped_game=False
2026-01-25 23:15:46,533 - server.scores_server - DEBUG - Checking for score updates...
2026-01-25 23:15:46,533 - server.scores_server - DEBUG - Update conditions not met: players=False, game_number=9769, stopped_game=False
2026-01-25 23:15:50,537 - server.scores_server - DEBUG - Checking for score updates...
2026-01-25 23:15:50,537 - server.scores_server - DEBUG - Update conditions not met: players=False, game_number=9769, stopped_game=False
2026-01-25 23:15:54,038 - server.scores_server - DEBUG - Checking for score updates...
2026-01-25 23:15:54,038 - server.scores_server - DEBUG - Update conditions not met: players=False, game_number=9769, stopped_game=False
2026-01-25 23:15:57,539 - server.scores_server - DEBUG - Checking for score updates...
2026-01-25 23:15:57,539 - server.scores_server - DEBUG - Update conditions not met: players=False, game_number=9769, stopped_game=False
2026-01-25 23:16:01,540 - server.scores_server - DEBUG - Checking for score updates...
2026-01-25 23:16:01,540 - server.scores_server - DEBUG - Update conditions not met: players=False, game_number=9769, stopped_game=False
2026-01-25 23:16:03,412 - models.game_server - DEBUG - Send ws message: {'type': 'clear_text', 'clear': True}
2026-01-25 23:16:03,413 - server.scores_server - INFO - Cleared text display
2026-01-25 23:16:05,041 - server.scores_server - DEBUG - Checking for score updates...
2026-01-25 23:16:05,042 - server.scores_server - DEBUG - Update conditions not met: players=False, game_number=9769, stopped_game=False
2026-01-25 23:16:08,545 - server.scores_server - DEBUG - Checking for score updates...
2026-01-25 23:16:08,545 - server.scores_server - DEBUG - Update conditions not met: players=False, game_number=9769, stopped_game=False
2026-01-25 23:16:12,050 - server.scores_server - DEBUG - Checking for score updates...
2026-01-25 23:16:12,050 - server.scores_server - DEBUG - Update conditions not met: players=False, game_number=9769, stopped_game=False
2026-01-25 23:16:16,056 - server.scores_server - DEBUG - Checking for score updates...
2026-01-25 23:16:16,056 - server.scores_server - DEBUG - Update conditions not met: players=False, game_number=9769, stopped_game=False
2026-01-25 23:16:19,559 - server.scores_server - DEBUG - Checking for score updates...
2026-01-25 23:16:19,559 - server.scores_server - DEBUG - Update conditions not met: players=False, game_number=9769, stopped_game=False
2026-01-25 23:16:23,066 - server.scores_server - DEBUG - Checking for score updates...
2026-01-25 23:16:23,066 - server.scores_server - DEBUG - Update conditions not met: players=False, game_number=9769, stopped_game=False
2026-01-25 23:16:26,566 - server.scores_server - DEBUG - Checking for score updates...
2026-01-25 23:16:26,566 - server.scores_server - DEBUG - Update conditions not met: players=False, game_number=9769, stopped_game=False
2026-01-25 23:16:30,567 - server.scores_server - DEBUG - Checking for score updates...
2026-01-25 23:16:30,567 - server.scores_server - DEBUG - Update conditions not met: players=False, game_number=9769, stopped_game=False
2026-01-25 23:16:34,071 - server.scores_server - DEBUG - Checking for score updates...
2026-01-25 23:16:34,071 - server.scores_server - DEBUG - Update conditions not met: players=False, game_number=9769, stopped_game=False
2026-01-25 23:16:37,570 - server.scores_server - DEBUG - Checking for score updates...
2026-01-25 23:16:37,570 - server.scores_server - DEBUG - Update conditions not met: players=False, game_number=9769, stopped_game=False
2026-01-25 23:16:41,570 - server.scores_server - DEBUG - Checking for score updates...
2026-01-25 23:16:41,571 - server.scores_server - DEBUG - Update conditions not met: players=False, game_number=9769, stopped_game=False
2026-01-25 23:16:45,069 - server.scores_server - DEBUG - Checking for score updates...
2026-01-25 23:16:45,069 - server.scores_server - DEBUG - Update conditions not met: players=False, game_number=9769, stopped_game=False
2026-01-25 23:16:48,571 - server.scores_server - DEBUG - Checking for score updates...
2026-01-25 23:16:48,571 - server.scores_server - DEBUG - Update conditions not met: players=False, game_number=9769, stopped_game=False
2026-01-25 23:16:49,272 - handlers.websocket_handler - INFO - Client ('::1', 51502, 0, 0) closed
2026-01-25 23:16:51,810 - handlers.websocket_handler - INFO - Client ('::1', 42498, 0, 0) connected
2026-01-25 23:16:52,075 - server.scores_server - DEBUG - Checking for score updates...
2026-01-25 23:16:52,075 - server.scores_server - DEBUG - Update conditions not met: players=False, game_number=9769, stopped_game=False
2026-01-25 23:16:56,082 - server.scores_server - DEBUG - Checking for score updates...
2026-01-25 23:16:56,083 - server.scores_server - DEBUG - Update conditions not met: players=False, game_number=9769, stopped_game=False
2026-01-25 23:16:59,586 - server.scores_server - DEBUG - Checking for score updates...
2026-01-25 23:16:59,586 - server.scores_server - DEBUG - Update conditions not met: players=False, game_number=9769, stopped_game=False
2026-01-25 23:17:03,096 - server.scores_server - DEBUG - Checking for score updates...
2026-01-25 23:17:03,096 - server.scores_server - DEBUG - Update conditions not met: players=False, game_number=9769, stopped_game=False
2026-01-25 23:17:17,023 - server.scores_server - DEBUG - Checking for score updates...
2026-01-25 23:17:17,023 - server.scores_server - DEBUG - Update conditions not met: players=False, game_number=9769, stopped_game=False
2026-01-25 23:17:10,603 - server.scores_server - DEBUG - Checking for score updates...
2026-01-25 23:17:10,603 - server.scores_server - DEBUG - Update conditions not met: players=False, game_number=9769, stopped_game=False
2026-01-25 23:17:14,108 - server.scores_server - DEBUG - Checking for score updates...
2026-01-25 23:17:14,108 - server.scores_server - DEBUG - Update conditions not met: players=False, game_number=9769, stopped_game=False
2026-01-25 23:17:17,611 - server.scores_server - DEBUG - Checking for score updates...
2026-01-25 23:17:17,611 - server.scores_server - DEBUG - Update conditions not met: players=False, game_number=9769, stopped_game=False
2026-01-25 23:17:21,624 - server.scores_server - DEBUG - Checking for score updates...
2026-01-25 23:17:21,624 - server.scores_server - DEBUG - Update conditions not met: players=False, game_number=9769, stopped_game=False
2026-01-25 23:17:25,130 - server.scores_server - DEBUG - Checking for score updates...
2026-01-25 23:17:25,130 - server.scores_server - DEBUG - Update conditions not met: players=False, game_number=9769, stopped_game=False
2026-01-25 23:17:28,639 - server.scores_server - DEBUG - Checking for score updates...
2026-01-25 23:17:28,639 - server.scores_server - DEBUG - Update conditions not met: players=False, game_number=9769, stopped_game=False
2026-01-25 23:17:32,148 - server.scores_server - DEBUG - Checking for score updates...
2026-01-25 23:17:32,148 - server.scores_server - DEBUG - Update conditions not met: players=False, game_number=9769, stopped_game=False
